filename,shots,backend,precision,threshold,duration_s,status
0071a13b.qasm,1024,scarlet_quantum_rings,single,16,1.8681458,success
0071a13b.qasm,1024,scarlet_quantum_rings,single,64,11.326892,success
0071a13b.qasm,1024,scarlet_quantum_rings,single,512,464.3260995,success
00c20ece.qasm,1024,scarlet_quantum_rings,single,16,161.7787413,success
00c20ece.qasm,1024,scarlet_quantum_rings,single,64,167.9989433,success
00c20ece.qasm,1024,scarlet_quantum_rings,single,512,161.3895199,success
03042ac9.qasm,1024,scarlet_quantum_rings,single,16,1.8659897,success
03042ac9.qasm,1024,scarlet_quantum_rings,single,64,11.3251936,success
03042ac9.qasm,1024,scarlet_quantum_rings,single,512,463.7429635,success
03934028.qasm,1024,scarlet_quantum_rings,single,16,1794.6356797,success
03934028.qasm,1024,scarlet_quantum_rings,single,64,1229.5821332,success
03934028.qasm,1024,scarlet_quantum_rings,single,512,,timeout
03ee478e.qasm,1024,scarlet_quantum_rings,single,16,0.1773445,success
03ee478e.qasm,1024,scarlet_quantum_rings,single,64,1.1159592,success
03ee478e.qasm,1024,scarlet_quantum_rings,single,512,0.1874653,success
04276362.qasm,1024,scarlet_quantum_rings,single,16,0.1799067,success
04276362.qasm,1024,scarlet_quantum_rings,single,64,0.2163521,success
0491d461.qasm,1024,scarlet_quantum_rings,single,16,0.5425538,success
0491d461.qasm,1024,scarlet_quantum_rings,single,64,1.3414259,success
0491d461.qasm,1024,scarlet_quantum_rings,single,512,3.4521178,success
0525d9ee.qasm,1024,scarlet_quantum_rings,single,16,0.5416311,success
0525d9ee.qasm,1024,scarlet_quantum_rings,single,64,1.3424445,success
0525d9ee.qasm,1024,scarlet_quantum_rings,single,512,3.4716296,success
0534bf07.qasm,1024,scarlet_quantum_rings,single,16,,timeout
0534bf07.qasm,1024,scarlet_quantum_rings,single,64,1767.6446073,success
0534bf07.qasm,1024,scarlet_quantum_rings,single,512,,timeout
055dc894.qasm,1024,scarlet_quantum_rings,single,16,4.6650311,success
055dc894.qasm,1024,scarlet_quantum_rings,single,64,3.8863319,success
055dc894.qasm,1024,scarlet_quantum_rings,single,512,1383.5908083,success
056c2b99.qasm,1024,scarlet_quantum_rings,single,16,0.5823536,success
056c2b99.qasm,1024,scarlet_quantum_rings,single,64,0.4523345,success
056c2b99.qasm,1024,scarlet_quantum_rings,single,512,0.4509034,success
058c7d32.qasm,1024,scarlet_quantum_rings,single,16,0.2154033,success
058c7d32.qasm,1024,scarlet_quantum_rings,single,64,0.6617786,success
067475b0.qasm,1024,scarlet_quantum_rings,single,16,1.4051409,success
067475b0.qasm,1024,scarlet_quantum_rings,single,64,5.7053756,success
067475b0.qasm,1024,scarlet_quantum_rings,single,512,134.096117,success
06857ab2.qasm,1024,scarlet_quantum_rings,single,16,86.8517603,success
06857ab2.qasm,1024,scarlet_quantum_rings,single,64,144.5014577,success
06857ab2.qasm,1024,scarlet_quantum_rings,single,512,5763.2224921,success
06a7dabf.qasm,1024,scarlet_quantum_rings,single,16,1.4427283,success
06a7dabf.qasm,1024,scarlet_quantum_rings,single,64,8.5008263,success
06a7dabf.qasm,1024,scarlet_quantum_rings,single,512,307.4940343,success
06e45cf2.qasm,1024,scarlet_quantum_rings,single,16,0.5780354,success
06e45cf2.qasm,1024,scarlet_quantum_rings,single,64,1.1292338,success
06e45cf2.qasm,1024,scarlet_quantum_rings,single,512,2.769683,success
0732491c.qasm,1024,scarlet_quantum_rings,single,16,5.4931465,success
0732491c.qasm,1024,scarlet_quantum_rings,single,64,1.8221959,success
0732491c.qasm,1024,scarlet_quantum_rings,single,512,5.6868296,success
07fc5b22.qasm,1024,scarlet_quantum_rings,single,16,0.5416286,success
07fc5b22.qasm,1024,scarlet_quantum_rings,single,64,1.3364759,success
07fc5b22.qasm,1024,scarlet_quantum_rings,single,512,3.4643764,success
08239e90.qasm,1024,scarlet_quantum_rings,single,16,63.9664198,success
08239e90.qasm,1024,scarlet_quantum_rings,single,64,3.2675198,success
0885b672.qasm,1024,scarlet_quantum_rings,single,16,1.6545858,success
0885b672.qasm,1024,scarlet_quantum_rings,single,64,8.9290951,success
0885b672.qasm,1024,scarlet_quantum_rings,single,512,332.1005505,success
0a0f4c36.qasm,1024,scarlet_quantum_rings,single,16,0.1840534,success
0a0f4c36.qasm,1024,scarlet_quantum_rings,single,64,0.2601157,success
0a0f4c36.qasm,1024,scarlet_quantum_rings,single,512,0.1663742,success
0b0e43d6.qasm,1024,scarlet_quantum_rings,single,16,1.78757,success
0b0e43d6.qasm,1024,scarlet_quantum_rings,single,64,9.9584508,success
0b0e43d6.qasm,1024,scarlet_quantum_rings,single,512,373.9455346,success
0b325fdd.qasm,1024,scarlet_quantum_rings,single,16,204.4226062,success
0b325fdd.qasm,1024,scarlet_quantum_rings,single,64,7.9006322,success
0bde3200.qasm,1024,scarlet_quantum_rings,single,16,0.2337671,success
0bde3200.qasm,1024,scarlet_quantum_rings,single,64,0.232663,success
0c0ce4a1.qasm,1024,scarlet_quantum_rings,single,16,0.5861573,success
0c0ce4a1.qasm,1024,scarlet_quantum_rings,single,64,0.4553035,success
0c0ce4a1.qasm,1024,scarlet_quantum_rings,single,512,0.4561859,success
0c676248.qasm,1024,scarlet_quantum_rings,single,16,0.1680261,success
0c676248.qasm,1024,scarlet_quantum_rings,single,64,10.329901,success
0c676248.qasm,1024,scarlet_quantum_rings,single,512,0.1810114,success
0cc92082.qasm,1024,scarlet_quantum_rings,single,16,0.2225849,success
0cc92082.qasm,1024,scarlet_quantum_rings,single,64,0.5742476,success
0cc92082.qasm,1024,scarlet_quantum_rings,single,512,0.1836235,success
0cd81bd7.qasm,1024,scarlet_quantum_rings,single,16,1.4029748,success
0cd81bd7.qasm,1024,scarlet_quantum_rings,single,64,7.9577663,success
0cd81bd7.qasm,1024,scarlet_quantum_rings,single,512,285.4685768,success
0d08bd43.qasm,1024,scarlet_quantum_rings,single,16,2469.4623289,success
0d08bd43.qasm,1024,scarlet_quantum_rings,single,64,188.0797988,success
0d08bd43.qasm,1024,scarlet_quantum_rings,single,512,,timeout
0d094263.qasm,1024,scarlet_quantum_rings,single,16,0.1798306,success
0d094263.qasm,1024,scarlet_quantum_rings,single,64,0.354708,success
0d094263.qasm,1024,scarlet_quantum_rings,single,512,0.1757012,success
0d6f51b4.qasm,1024,scarlet_quantum_rings,single,16,0.1818558,success
0d6f51b4.qasm,1024,scarlet_quantum_rings,single,64,0.2284205,success
0d6f51b4.qasm,1024,scarlet_quantum_rings,single,512,0.1679753,success
0e8ddfa3.qasm,1024,scarlet_quantum_rings,single,16,1.1595966,success
0e8ddfa3.qasm,1024,scarlet_quantum_rings,single,64,3.4204512,success
0e8ddfa3.qasm,1024,scarlet_quantum_rings,single,512,72.2163522,success
0ee54ab9.qasm,1024,scarlet_quantum_rings,single,16,0.1781427,success
0ee54ab9.qasm,1024,scarlet_quantum_rings,single,64,0.2257454,success
0ee54ab9.qasm,1024,scarlet_quantum_rings,single,512,0.1782451,success
0f6ae53c.qasm,1024,scarlet_quantum_rings,single,16,0.1749243,success
0f6ae53c.qasm,1024,scarlet_quantum_rings,single,64,0.6351061,success
0f6ae53c.qasm,1024,scarlet_quantum_rings,single,512,0.1797566,success
10761caa.qasm,1024,scarlet_quantum_rings,single,16,1.2039713,success
10761caa.qasm,1024,scarlet_quantum_rings,single,64,4.1564553,success
10761caa.qasm,1024,scarlet_quantum_rings,single,512,91.7516627,success
10ea3498.qasm,1024,scarlet_quantum_rings,single,16,0.1689698,success
10ea3498.qasm,1024,scarlet_quantum_rings,single,64,1.1595227,success
10ea3498.qasm,1024,scarlet_quantum_rings,single,512,0.1702938,success
1154e9d9.qasm,1024,scarlet_quantum_rings,single,16,,timeout
1154e9d9.qasm,1024,scarlet_quantum_rings,single,512,,timeout
12157215.qasm,1024,scarlet_quantum_rings,single,16,2000.5838667,success
12157215.qasm,1024,scarlet_quantum_rings,single,64,851.9857255,success
12157215.qasm,1024,scarlet_quantum_rings,single,512,,timeout
125f60d7.qasm,1024,scarlet_quantum_rings,single,16,1463.310554,success
125f60d7.qasm,1024,scarlet_quantum_rings,single,64,804.1303602,success
138d2c7b.qasm,1024,scarlet_quantum_rings,single,16,1.5629332,success
138d2c7b.qasm,1024,scarlet_quantum_rings,single,64,7.723485,success
138d2c7b.qasm,1024,scarlet_quantum_rings,single,512,266.476829,success
13b8e3f8.qasm,1024,scarlet_quantum_rings,single,16,1.15246,success
13b8e3f8.qasm,1024,scarlet_quantum_rings,single,64,5.0568936,success
13b8e3f8.qasm,1024,scarlet_quantum_rings,single,512,143.3873458,success
13eb49aa.qasm,1024,scarlet_quantum_rings,single,16,0.1763388,success
13eb49aa.qasm,1024,scarlet_quantum_rings,single,64,1.03723,success
14019fed.qasm,1024,scarlet_quantum_rings,single,16,85.5577261,success
14019fed.qasm,1024,scarlet_quantum_rings,single,64,7.7015564,success
14019fed.qasm,1024,scarlet_quantum_rings,single,512,125.5504268,success
149b1e7c.qasm,1024,scarlet_quantum_rings,single,16,5.2218446,success
149b1e7c.qasm,1024,scarlet_quantum_rings,single,64,0.1728306,success
15434610.qasm,1024,scarlet_quantum_rings,single,16,1.5159936,success
15434610.qasm,1024,scarlet_quantum_rings,single,64,7.7436007,success
15434610.qasm,1024,scarlet_quantum_rings,single,512,260.9629378,success
159b3481.qasm,1024,scarlet_quantum_rings,single,16,0.5732643,success
159b3481.qasm,1024,scarlet_quantum_rings,single,64,1.1235271,success
159b3481.qasm,1024,scarlet_quantum_rings,single,512,2.7779996,success
15c28669.qasm,1024,scarlet_quantum_rings,single,16,0.2514302,success
15c28669.qasm,1024,scarlet_quantum_rings,single,64,0.3990744,success
15c28669.qasm,1024,scarlet_quantum_rings,single,512,0.2419986,success
1619b169.qasm,1024,scarlet_quantum_rings,single,16,0.1731894,success
1619b169.qasm,1024,scarlet_quantum_rings,single,64,0.1710901,success
1619b169.qasm,1024,scarlet_quantum_rings,single,512,0.1821666,success
166e9d3a.qasm,1024,scarlet_quantum_rings,single,16,0.1806124,success
166e9d3a.qasm,1024,scarlet_quantum_rings,single,64,0.169258,success
166e9d3a.qasm,1024,scarlet_quantum_rings,single,512,0.169438,success
1688d759.qasm,1024,scarlet_quantum_rings,single,16,1.9672979,success
1688d759.qasm,1024,scarlet_quantum_rings,single,64,14.0990323,success
1688d759.qasm,1024,scarlet_quantum_rings,single,512,559.5118792,success
16ff70bb.qasm,1024,scarlet_quantum_rings,single,16,2.1233068,success
16ff70bb.qasm,1024,scarlet_quantum_rings,single,64,12.1212474,success
16ff70bb.qasm,1024,scarlet_quantum_rings,single,512,493.8101792,success
17253376.qasm,1024,scarlet_quantum_rings,single,16,1.7846797,success
17253376.qasm,1024,scarlet_quantum_rings,single,64,12.199884,success
17253376.qasm,1024,scarlet_quantum_rings,single,512,464.4622878,success
173d4b8b.qasm,1024,scarlet_quantum_rings,single,16,0.4365735,success
173d4b8b.qasm,1024,scarlet_quantum_rings,single,64,0.4759959,success
173d4b8b.qasm,1024,scarlet_quantum_rings,single,512,0.4571515,success
175f2997.qasm,1024,scarlet_quantum_rings,single,16,1.5397053,success
175f2997.qasm,1024,scarlet_quantum_rings,single,64,6.9113574,success
175f2997.qasm,1024,scarlet_quantum_rings,single,512,203.2557666,success
17e5a14b.qasm,1024,scarlet_quantum_rings,single,16,85.2576573,success
17e5a14b.qasm,1024,scarlet_quantum_rings,single,64,4.9438845,success
195099c8.qasm,1024,scarlet_quantum_rings,single,16,0.3044958,success
195099c8.qasm,1024,scarlet_quantum_rings,single,64,10.4379878,success
195099c8.qasm,1024,scarlet_quantum_rings,single,512,0.2926443,success
19550378.qasm,1024,scarlet_quantum_rings,single,16,0.7261901,success
19550378.qasm,1024,scarlet_quantum_rings,single,64,0.7177524,success
19550378.qasm,1024,scarlet_quantum_rings,single,512,0.7171464,success
1959a985.qasm,1024,scarlet_quantum_rings,single,16,4.8913162,success
1959a985.qasm,1024,scarlet_quantum_rings,single,64,31.2692711,success
1959a985.qasm,1024,scarlet_quantum_rings,single,512,1435.4921208,success
19d587f3.qasm,1024,scarlet_quantum_rings,single,16,0.1735048,success
19d587f3.qasm,1024,scarlet_quantum_rings,single,64,1.2004384,success
19d587f3.qasm,1024,scarlet_quantum_rings,single,512,0.172592,success
1a554de5.qasm,1024,scarlet_quantum_rings,single,16,0.1715925,success
1a554de5.qasm,1024,scarlet_quantum_rings,single,64,0.1756577,success
1a554de5.qasm,1024,scarlet_quantum_rings,single,512,0.1775085,success
1aa22822.qasm,1024,scarlet_quantum_rings,single,16,20.5129008,success
1aa22822.qasm,1024,scarlet_quantum_rings,single,64,1.1141745,success
1af5b336.qasm,1024,scarlet_quantum_rings,single,16,1.0828512,success
1af5b336.qasm,1024,scarlet_quantum_rings,single,64,2.2817078,success
1af5b336.qasm,1024,scarlet_quantum_rings,single,512,23.957207,success
1b91945f.qasm,1024,scarlet_quantum_rings,single,16,0.5788403,success
1b91945f.qasm,1024,scarlet_quantum_rings,single,64,1.1345342,success
1b91945f.qasm,1024,scarlet_quantum_rings,single,512,2.7687015,success
1cb3c32c.qasm,1024,scarlet_quantum_rings,single,16,8.0743547,success
1cb3c32c.qasm,1024,scarlet_quantum_rings,single,64,0.3971776,success
1d1dc1d8.qasm,1024,scarlet_quantum_rings,single,16,2.091032,success
1d1dc1d8.qasm,1024,scarlet_quantum_rings,single,64,12.1915016,success
1d1dc1d8.qasm,1024,scarlet_quantum_rings,single,512,477.1889418,success
1d4b1889.qasm,1024,scarlet_quantum_rings,single,16,0.4623995,success
1d4b1889.qasm,1024,scarlet_quantum_rings,single,64,0.339699,success
1d4b1889.qasm,1024,scarlet_quantum_rings,single,512,0.3409897,success
1db5f683.qasm,1024,scarlet_quantum_rings,single,16,2.0087796,success
1db5f683.qasm,1024,scarlet_quantum_rings,single,64,11.5114277,success
1db5f683.qasm,1024,scarlet_quantum_rings,single,512,436.8524219,success
1f1383d7.qasm,1024,scarlet_quantum_rings,single,16,0.2250921,success
1f1383d7.qasm,1024,scarlet_quantum_rings,single,64,2.1631353,success
1f1383d7.qasm,1024,scarlet_quantum_rings,single,512,0.2264848,success
1fd34b96.qasm,1024,scarlet_quantum_rings,single,16,2.6722234,success
1fd34b96.qasm,1024,scarlet_quantum_rings,single,64,21.079753,success
1fd34b96.qasm,1024,scarlet_quantum_rings,single,512,961.0837074,success
20448412.qasm,1024,scarlet_quantum_rings,single,16,147.6527757,success
20448412.qasm,1024,scarlet_quantum_rings,single,64,184.3939735,success
20448412.qasm,1024,scarlet_quantum_rings,single,512,148.948838,success
2059c310.qasm,1024,scarlet_quantum_rings,single,16,0.4773265,success
2059c310.qasm,1024,scarlet_quantum_rings,single,64,3.3123999,success
2078a631.qasm,1024,scarlet_quantum_rings,single,16,2.4060191,success
2078a631.qasm,1024,scarlet_quantum_rings,single,64,16.260589,success
2078a631.qasm,1024,scarlet_quantum_rings,single,512,646.7251833,success
208334f1.qasm,1024,scarlet_quantum_rings,single,16,0.1715742,success
208334f1.qasm,1024,scarlet_quantum_rings,single,64,1.1387004,success
208334f1.qasm,1024,scarlet_quantum_rings,single,512,0.1852446,success
2190b5a7.qasm,1024,scarlet_quantum_rings,single,16,0.2162967,success
2190b5a7.qasm,1024,scarlet_quantum_rings,single,64,0.1627301,success
2190b5a7.qasm,1024,scarlet_quantum_rings,single,512,0.2115168,success
231bbda3.qasm,1024,scarlet_quantum_rings,single,16,4.4113397,success
231bbda3.qasm,1024,scarlet_quantum_rings,single,64,1.1731902,success
231bbda3.qasm,1024,scarlet_quantum_rings,single,512,4.424197,success
235dda60.qasm,1024,scarlet_quantum_rings,single,16,2.3659587,success
235dda60.qasm,1024,scarlet_quantum_rings,single,64,16.3526073,success
235dda60.qasm,1024,scarlet_quantum_rings,single,512,307.2074907,success
24ca3082.qasm,1024,scarlet_quantum_rings,single,16,2771.0450235,success
24ca3082.qasm,1024,scarlet_quantum_rings,single,64,1988.8930582,success
24ca3082.qasm,1024,scarlet_quantum_rings,single,512,2669.2542048,success
25e26219.qasm,1024,scarlet_quantum_rings,single,16,2.1708568,success
25e26219.qasm,1024,scarlet_quantum_rings,single,64,19.4090902,success
25e26219.qasm,1024,scarlet_quantum_rings,single,512,705.1982491,success
25e5b703.qasm,1024,scarlet_quantum_rings,single,16,0.1793348,success
25e5b703.qasm,1024,scarlet_quantum_rings,single,64,0.212998,success
25e5b703.qasm,1024,scarlet_quantum_rings,single,512,0.1774198,success
264ca70e.qasm,1024,scarlet_quantum_rings,single,16,1.6579639,success
264ca70e.qasm,1024,scarlet_quantum_rings,single,64,9.2260978,success
264ca70e.qasm,1024,scarlet_quantum_rings,single,512,351.8730803,success
27a012bc.qasm,1024,scarlet_quantum_rings,single,16,0.5722517,success
27a012bc.qasm,1024,scarlet_quantum_rings,single,64,0.4555887,success
27a012bc.qasm,1024,scarlet_quantum_rings,single,512,0.4530507,success
27dbf314.qasm,1024,scarlet_quantum_rings,single,16,4101.5177503,success
27dbf314.qasm,1024,scarlet_quantum_rings,single,64,781.3788183,success
27dbf314.qasm,1024,scarlet_quantum_rings,single,512,,timeout
27e0ec8e.qasm,1024,scarlet_quantum_rings,single,16,0.1818955,success
27e0ec8e.qasm,1024,scarlet_quantum_rings,single,64,0.5226683,success
27e0ec8e.qasm,1024,scarlet_quantum_rings,single,512,0.1700723,success
2818a462.qasm,1024,scarlet_quantum_rings,single,16,0.1707319,success
2818a462.qasm,1024,scarlet_quantum_rings,single,64,0.532209,success
2818a462.qasm,1024,scarlet_quantum_rings,single,512,0.1782918,success
28f914b0.qasm,1024,scarlet_quantum_rings,single,16,0.1755659,success
28f914b0.qasm,1024,scarlet_quantum_rings,single,64,0.3044709,success
28f914b0.qasm,1024,scarlet_quantum_rings,single,512,0.1890404,success
29886bb3.qasm,1024,scarlet_quantum_rings,single,16,1.1166224,success
29886bb3.qasm,1024,scarlet_quantum_rings,single,64,2.2984934,success
29886bb3.qasm,1024,scarlet_quantum_rings,single,512,24.0384279,success
29a887f9.qasm,1024,scarlet_quantum_rings,single,16,1.282956,success
29a887f9.qasm,1024,scarlet_quantum_rings,single,64,0.1893478,success
29a887f9.qasm,1024,scarlet_quantum_rings,single,512,115.4506895,success
2a04dd73.qasm,1024,scarlet_quantum_rings,single,16,2475.0657506,success
2a04dd73.qasm,1024,scarlet_quantum_rings,single,64,4965.6181697,success
2a04dd73.qasm,1024,scarlet_quantum_rings,single,512,,timeout
2a0e53ef.qasm,1024,scarlet_quantum_rings,single,16,2.3114425,success
2a0e53ef.qasm,1024,scarlet_quantum_rings,single,64,7.7183551,success
2a48defb.qasm,1024,scarlet_quantum_rings,single,16,1.2252849,success
2a48defb.qasm,1024,scarlet_quantum_rings,single,64,1.1154698,success
2a48defb.qasm,1024,scarlet_quantum_rings,single,512,1.0666831,success
2af6859b.qasm,1024,scarlet_quantum_rings,single,16,1.6940842,success
2af6859b.qasm,1024,scarlet_quantum_rings,single,64,10.535087,success
2af6859b.qasm,1024,scarlet_quantum_rings,single,512,406.7180611,success
2afe3d2e.qasm,1024,scarlet_quantum_rings,single,16,,timeout
2afe3d2e.qasm,1024,scarlet_quantum_rings,single,64,42993.9847111,success
2b148d98.qasm,1024,scarlet_quantum_rings,single,16,1.743242,success
2b148d98.qasm,1024,scarlet_quantum_rings,single,64,12.2237264,success
2b148d98.qasm,1024,scarlet_quantum_rings,single,512,463.9274864,success
2b2951ed.qasm,1024,scarlet_quantum_rings,single,16,2.0077434,success
2b2951ed.qasm,1024,scarlet_quantum_rings,single,64,11.4465499,success
2b2951ed.qasm,1024,scarlet_quantum_rings,single,512,452.8971041,success
2bc3295c.qasm,1024,scarlet_quantum_rings,single,16,1.2265953,success
2bc3295c.qasm,1024,scarlet_quantum_rings,single,64,2.2849539,success
2bc3295c.qasm,1024,scarlet_quantum_rings,single,512,247.4642877,success
2cbfff1b.qasm,1024,scarlet_quantum_rings,single,16,1.6880952,success
2cbfff1b.qasm,1024,scarlet_quantum_rings,single,64,7.7273056,success
2cbfff1b.qasm,1024,scarlet_quantum_rings,single,512,262.0564581,success
2cedce95.qasm,1024,scarlet_quantum_rings,single,16,2.0571062,success
2cedce95.qasm,1024,scarlet_quantum_rings,single,64,12.1201029,success
2cedce95.qasm,1024,scarlet_quantum_rings,single,512,487.4500167,success
2d399444.qasm,1024,scarlet_quantum_rings,single,16,0.241983,success
2d399444.qasm,1024,scarlet_quantum_rings,single,64,0.174648,success
2ea1bf91.qasm,1024,scarlet_quantum_rings,single,16,4.1367724,success
2ea1bf91.qasm,1024,scarlet_quantum_rings,single,64,0.1732643,success
3026aed7.qasm,1024,scarlet_quantum_rings,single,16,2.6565661,success
3026aed7.qasm,1024,scarlet_quantum_rings,single,64,20.9371593,success
3026aed7.qasm,1024,scarlet_quantum_rings,single,512,976.3809184,success
306ac152.qasm,1024,scarlet_quantum_rings,single,16,0.1732208,success
306ac152.qasm,1024,scarlet_quantum_rings,single,64,4.8258445,success
306ac152.qasm,1024,scarlet_quantum_rings,single,512,0.1962074,success
3099a023.qasm,1024,scarlet_quantum_rings,single,16,0.1891862,success
3099a023.qasm,1024,scarlet_quantum_rings,single,64,0.1662113,success
31b8fb3c.qasm,1024,scarlet_quantum_rings,single,16,0.4341455,success
31b8fb3c.qasm,1024,scarlet_quantum_rings,single,64,0.7438204,success
31b8fb3c.qasm,1024,scarlet_quantum_rings,single,512,0.4242436,success
31fd025e.qasm,1024,scarlet_quantum_rings,single,16,1.6643892,success
31fd025e.qasm,1024,scarlet_quantum_rings,single,64,7.7553806,success
31fd025e.qasm,1024,scarlet_quantum_rings,single,512,267.4834676,success
320de9fb.qasm,1024,scarlet_quantum_rings,single,16,31.2115921,success
320de9fb.qasm,1024,scarlet_quantum_rings,single,64,323.816509,success
320de9fb.qasm,1024,scarlet_quantum_rings,single,512,,timeout
32de9cc1.qasm,1024,scarlet_quantum_rings,single,16,1.1081809,success
32de9cc1.qasm,1024,scarlet_quantum_rings,single,64,2.2914262,success
32de9cc1.qasm,1024,scarlet_quantum_rings,single,512,23.9661902,success
32f44532.qasm,1024,scarlet_quantum_rings,single,16,9.8694186,success
32f44532.qasm,1024,scarlet_quantum_rings,single,64,0.2578694,success
336f664c.qasm,1024,scarlet_quantum_rings,single,16,0.1830161,success
336f664c.qasm,1024,scarlet_quantum_rings,single,64,0.9599532,success
33a2f9be.qasm,1024,scarlet_quantum_rings,single,16,1.0288815,success
33a2f9be.qasm,1024,scarlet_quantum_rings,single,64,4.3299639,success
33a2f9be.qasm,1024,scarlet_quantum_rings,single,512,94.1606565,success
33c62fb8.qasm,1024,scarlet_quantum_rings,single,16,30.5882878,success
33c62fb8.qasm,1024,scarlet_quantum_rings,single,64,12.3254206,success
33c62fb8.qasm,1024,scarlet_quantum_rings,single,512,30.0663625,success
3436484d.qasm,1024,scarlet_quantum_rings,single,16,1.3751076,success
3436484d.qasm,1024,scarlet_quantum_rings,single,64,5.7244918,success
3436484d.qasm,1024,scarlet_quantum_rings,single,512,133.8907962,success
36d0ea8f.qasm,1024,scarlet_quantum_rings,single,16,0.2119992,success
36d0ea8f.qasm,1024,scarlet_quantum_rings,single,64,0.4986337,success
36d0ea8f.qasm,1024,scarlet_quantum_rings,single,512,0.2418175,success
36e23777.qasm,1024,scarlet_quantum_rings,single,16,1.4011911,success
36e23777.qasm,1024,scarlet_quantum_rings,single,64,7.9461518,success
36e23777.qasm,1024,scarlet_quantum_rings,single,512,294.8953778,success
371eea68.qasm,1024,scarlet_quantum_rings,single,16,0.1772997,success
371eea68.qasm,1024,scarlet_quantum_rings,single,64,0.2752777,success
376d7d92.qasm,1024,scarlet_quantum_rings,single,16,0.1843133,success
376d7d92.qasm,1024,scarlet_quantum_rings,single,64,2.6315011,success
376d7d92.qasm,1024,scarlet_quantum_rings,single,512,0.1732509,success
37bd268c.qasm,1024,scarlet_quantum_rings,single,16,0.2436995,success
37bd268c.qasm,1024,scarlet_quantum_rings,single,64,1.1299787,success
37bd268c.qasm,1024,scarlet_quantum_rings,single,512,0.2388701,success
3814b0b9.qasm,1024,scarlet_quantum_rings,single,16,133.23585,success
3814b0b9.qasm,1024,scarlet_quantum_rings,single,64,255.787238,success
383bbcad.qasm,1024,scarlet_quantum_rings,single,16,0.1819503,success
383bbcad.qasm,1024,scarlet_quantum_rings,single,64,0.6394028,success
383bbcad.qasm,1024,scarlet_quantum_rings,single,512,0.1866326,success
3841ff5b.qasm,1024,scarlet_quantum_rings,single,16,2.0053667,success
3841ff5b.qasm,1024,scarlet_quantum_rings,single,64,15.5287295,success
3841ff5b.qasm,1024,scarlet_quantum_rings,single,512,698.916324,success
385fa1b6.qasm,1024,scarlet_quantum_rings,single,16,3.8934353,success
385fa1b6.qasm,1024,scarlet_quantum_rings,single,64,3.5853261,success
385fa1b6.qasm,1024,scarlet_quantum_rings,single,512,3.816091,success
386534f5.qasm,1024,scarlet_quantum_rings,single,16,1.7916922,success
386534f5.qasm,1024,scarlet_quantum_rings,single,64,10.0276048,success
386534f5.qasm,1024,scarlet_quantum_rings,single,512,387.7029272,success
3a8d3e53.qasm,1024,scarlet_quantum_rings,single,16,0.2819158,success
3a8d3e53.qasm,1024,scarlet_quantum_rings,single,64,1.254632,success
3a8d3e53.qasm,1024,scarlet_quantum_rings,single,512,0.2745265,success
3be98d6c.qasm,1024,scarlet_quantum_rings,single,16,2.6949336,success
3be98d6c.qasm,1024,scarlet_quantum_rings,single,64,18.4483104,success
3be98d6c.qasm,1024,scarlet_quantum_rings,single,512,485.3121658,success
3c1f4948.qasm,1024,scarlet_quantum_rings,single,16,0.1785881,success
3c1f4948.qasm,1024,scarlet_quantum_rings,single,64,0.2105604,success
3c1f4948.qasm,1024,scarlet_quantum_rings,single,512,0.1754058,success
3c2f55c1.qasm,1024,scarlet_quantum_rings,single,16,,timeout
3c2f55c1.qasm,1024,scarlet_quantum_rings,single,64,10512.190655,success
3c890561.qasm,1024,scarlet_quantum_rings,single,16,16.9293739,success
3c890561.qasm,1024,scarlet_quantum_rings,single,64,1.2557023,success
3c890561.qasm,1024,scarlet_quantum_rings,single,512,17.211887,success
3ccd19ee.qasm,1024,scarlet_quantum_rings,single,16,2.046703,success
3ccd19ee.qasm,1024,scarlet_quantum_rings,single,64,12.1645564,success
3ccd19ee.qasm,1024,scarlet_quantum_rings,single,512,483.0481342,success
3db115f1.qasm,1024,scarlet_quantum_rings,single,16,0.2136195,success
3db115f1.qasm,1024,scarlet_quantum_rings,single,64,0.2706139,success
3db115f1.qasm,1024,scarlet_quantum_rings,single,512,0.1747836,success
3e2fde05.qasm,1024,scarlet_quantum_rings,single,16,1.4735673,success
3e2fde05.qasm,1024,scarlet_quantum_rings,single,64,8.4409096,success
3e2fde05.qasm,1024,scarlet_quantum_rings,single,512,314.5541482,success
3e730381.qasm,1024,scarlet_quantum_rings,single,16,0.1677842,success
3e730381.qasm,1024,scarlet_quantum_rings,single,64,1.4118832,success
3eb6cff0.qasm,1024,scarlet_quantum_rings,single,16,13.5421581,success
3eb6cff0.qasm,1024,scarlet_quantum_rings,single,64,12.5682489,success
3eb6cff0.qasm,1024,scarlet_quantum_rings,single,512,13.9655471,success
3eca4614.qasm,1024,scarlet_quantum_rings,single,16,1.7950401,success
3eca4614.qasm,1024,scarlet_quantum_rings,single,64,9.9800103,success
3eca4614.qasm,1024,scarlet_quantum_rings,single,512,372.2380488,success
3ee85ccf.qasm,1024,scarlet_quantum_rings,single,16,1.0895266,success
3ee85ccf.qasm,1024,scarlet_quantum_rings,single,64,2.564209,success
3ee85ccf.qasm,1024,scarlet_quantum_rings,single,512,34.4522992,success
3f072f57.qasm,1024,scarlet_quantum_rings,single,16,1.2063047,success
3f072f57.qasm,1024,scarlet_quantum_rings,single,64,4.3106777,success
3f072f57.qasm,1024,scarlet_quantum_rings,single,512,94.2666482,success
3f858470.qasm,1024,scarlet_quantum_rings,single,16,0.4377763,success
3f858470.qasm,1024,scarlet_quantum_rings,single,64,0.7186984,success
3f858470.qasm,1024,scarlet_quantum_rings,single,512,0.4335088,success
40b719e2.qasm,1024,scarlet_quantum_rings,single,16,240.8145595,success
40b719e2.qasm,1024,scarlet_quantum_rings,single,64,419.873692,success
40b719e2.qasm,1024,scarlet_quantum_rings,single,512,,timeout
40e78b26.qasm,1024,scarlet_quantum_rings,single,16,0.1820556,success
40e78b26.qasm,1024,scarlet_quantum_rings,single,64,0.1782775,success
41bd27aa.qasm,1024,scarlet_quantum_rings,single,16,1.101841,success
41bd27aa.qasm,1024,scarlet_quantum_rings,single,64,4.6966688,success
41bd27aa.qasm,1024,scarlet_quantum_rings,single,512,153.1724847,success
42a256ea.qasm,1024,scarlet_quantum_rings,single,16,1.735077,success
42a256ea.qasm,1024,scarlet_quantum_rings,single,64,10.0999787,success
42a256ea.qasm,1024,scarlet_quantum_rings,single,512,403.5172516,success
42a71e24.qasm,1024,scarlet_quantum_rings,single,16,16.5057448,success
42a71e24.qasm,1024,scarlet_quantum_rings,single,64,30.1654734,success
42a71e24.qasm,1024,scarlet_quantum_rings,single,512,1844.9185097,success
42fa6cae.qasm,1024,scarlet_quantum_rings,single,16,1.9149404,success
42fa6cae.qasm,1024,scarlet_quantum_rings,single,64,14.1099058,success
42fa6cae.qasm,1024,scarlet_quantum_rings,single,512,563.9146286,success
43168c33.qasm,1024,scarlet_quantum_rings,single,16,0.1795698,success
43168c33.qasm,1024,scarlet_quantum_rings,single,64,0.1776479,success
43168c33.qasm,1024,scarlet_quantum_rings,single,512,0.1781855,success
4318a3ef.qasm,1024,scarlet_quantum_rings,single,16,1.5160106,success
4318a3ef.qasm,1024,scarlet_quantum_rings,single,64,7.7249488,success
4318a3ef.qasm,1024,scarlet_quantum_rings,single,512,261.0483979,success
4327c91d.qasm,1024,scarlet_quantum_rings,single,16,1.7815141,success
4327c91d.qasm,1024,scarlet_quantum_rings,single,64,12.2421605,success
4327c91d.qasm,1024,scarlet_quantum_rings,single,512,470.9695791,success
432efc30.qasm,1024,scarlet_quantum_rings,single,16,0.1794426,success
432efc30.qasm,1024,scarlet_quantum_rings,single,64,0.1695758,success
432efc30.qasm,1024,scarlet_quantum_rings,single,512,0.1747062,success
445caba2.qasm,1024,scarlet_quantum_rings,single,16,0.1865421,success
445caba2.qasm,1024,scarlet_quantum_rings,single,64,0.1677918,success
445caba2.qasm,1024,scarlet_quantum_rings,single,512,0.1767249,success
448ebca1.qasm,1024,scarlet_quantum_rings,single,16,0.1762951,success
448ebca1.qasm,1024,scarlet_quantum_rings,single,64,0.2993708,success
448ebca1.qasm,1024,scarlet_quantum_rings,single,512,0.1849246,success
46073cb3.qasm,1024,scarlet_quantum_rings,single,16,81.2164082,success
46073cb3.qasm,1024,scarlet_quantum_rings,single,64,28.2872761,success
46073cb3.qasm,1024,scarlet_quantum_rings,single,512,82.4070419,success
46188cf9.qasm,1024,scarlet_quantum_rings,single,16,2.0354675,success
46188cf9.qasm,1024,scarlet_quantum_rings,single,64,12.1403033,success
46188cf9.qasm,1024,scarlet_quantum_rings,single,512,496.7963674,success
46de7f9b.qasm,1024,scarlet_quantum_rings,single,16,7.0660452,success
46de7f9b.qasm,1024,scarlet_quantum_rings,single,64,0.1745833,success
4737100f.qasm,1024,scarlet_quantum_rings,single,16,118.890095,success
4737100f.qasm,1024,scarlet_quantum_rings,single,64,214.6463822,success
4737100f.qasm,1024,scarlet_quantum_rings,single,512,,timeout
474aa01a.qasm,1024,scarlet_quantum_rings,single,16,1.7337241,success
474aa01a.qasm,1024,scarlet_quantum_rings,single,64,13.1545959,success
474aa01a.qasm,1024,scarlet_quantum_rings,single,512,584.1059149,success
4846208f.qasm,1024,scarlet_quantum_rings,single,16,4.935264,success
4846208f.qasm,1024,scarlet_quantum_rings,single,64,0.239259,success
4a262567.qasm,1024,scarlet_quantum_rings,single,16,1.8019782,success
4a262567.qasm,1024,scarlet_quantum_rings,single,64,9.9888149,success
4a262567.qasm,1024,scarlet_quantum_rings,single,512,371.8635582,success
4a5eba47.qasm,1024,scarlet_quantum_rings,single,16,0.1833999,success
4a5eba47.qasm,1024,scarlet_quantum_rings,single,64,5.2547247,success
4a5eba47.qasm,1024,scarlet_quantum_rings,single,512,0.1847617,success
4ae57e38.qasm,1024,scarlet_quantum_rings,single,16,16.3446989,success
4ae57e38.qasm,1024,scarlet_quantum_rings,single,64,2.3998315,success
4ae57e38.qasm,1024,scarlet_quantum_rings,single,512,37.5611683,success
4cbdcf4f.qasm,1024,scarlet_quantum_rings,single,16,1.1965732,success
4cbdcf4f.qasm,1024,scarlet_quantum_rings,single,64,4.1559375,success
4cbdcf4f.qasm,1024,scarlet_quantum_rings,single,512,94.9366102,success
4d59437e.qasm,1024,scarlet_quantum_rings,single,16,,timeout
4d59437e.qasm,1024,scarlet_quantum_rings,single,64,,timeout
4d78cdd5.qasm,1024,scarlet_quantum_rings,single,16,0.1960339,success
4d78cdd5.qasm,1024,scarlet_quantum_rings,single,64,0.1777101,success
4dc2ff13.qasm,1024,scarlet_quantum_rings,single,16,0.179415,success
4dc2ff13.qasm,1024,scarlet_quantum_rings,single,64,0.6179387,success
4dc2ff13.qasm,1024,scarlet_quantum_rings,single,512,0.1800237,success
4e8df7a8.qasm,1024,scarlet_quantum_rings,single,16,,timeout
4e8df7a8.qasm,1024,scarlet_quantum_rings,single,64,,timeout
4f476879.qasm,1024,scarlet_quantum_rings,single,16,1.1168596,success
4f476879.qasm,1024,scarlet_quantum_rings,single,64,5.0874357,success
4f476879.qasm,1024,scarlet_quantum_rings,single,512,148.2644193,success
4f48ab57.qasm,1024,scarlet_quantum_rings,single,16,0.5463127,success
4f48ab57.qasm,1024,scarlet_quantum_rings,single,64,0.4028144,success
4f48ab57.qasm,1024,scarlet_quantum_rings,single,512,0.9204006,success
4f9a3ab1.qasm,1024,scarlet_quantum_rings,single,16,0.1827227,success
4f9a3ab1.qasm,1024,scarlet_quantum_rings,single,64,0.2759283,success
4f9a3ab1.qasm,1024,scarlet_quantum_rings,single,512,0.1781603,success
4fd60583.qasm,1024,scarlet_quantum_rings,single,16,69.0350985,success
4fd60583.qasm,1024,scarlet_quantum_rings,single,64,3.5823552,success
4ffb1090.qasm,1024,scarlet_quantum_rings,single,16,1.9565707,success
4ffb1090.qasm,1024,scarlet_quantum_rings,single,64,2.7308021,success
4ffb1090.qasm,1024,scarlet_quantum_rings,single,512,1.9538451,success
5050d142.qasm,1024,scarlet_quantum_rings,single,16,0.212143,success
5050d142.qasm,1024,scarlet_quantum_rings,single,64,1.9698753,success
51b16166.qasm,1024,scarlet_quantum_rings,single,16,1.2138746,success
51b16166.qasm,1024,scarlet_quantum_rings,single,64,4.156859,success
51b16166.qasm,1024,scarlet_quantum_rings,single,512,91.9542545,success
51b543de.qasm,1024,scarlet_quantum_rings,single,16,2.9811427,success
51b543de.qasm,1024,scarlet_quantum_rings,single,64,23.5059746,success
51b543de.qasm,1024,scarlet_quantum_rings,single,512,1080.9138733,success
52b00428.qasm,1024,scarlet_quantum_rings,single,16,2.009074,success
52b00428.qasm,1024,scarlet_quantum_rings,single,64,7.7288454,success
52b00428.qasm,1024,scarlet_quantum_rings,single,512,691.5553227,success
53442dc5.qasm,1024,scarlet_quantum_rings,single,16,0.1755131,success
53442dc5.qasm,1024,scarlet_quantum_rings,single,64,0.2352298,success
53442dc5.qasm,1024,scarlet_quantum_rings,single,512,0.185927,success
5357322a.qasm,1024,scarlet_quantum_rings,single,16,1.9833841,success
5357322a.qasm,1024,scarlet_quantum_rings,single,64,0.1795194,success
5385a9e9.qasm,1024,scarlet_quantum_rings,single,16,1.7063132,success
5385a9e9.qasm,1024,scarlet_quantum_rings,single,64,10.5206042,success
5385a9e9.qasm,1024,scarlet_quantum_rings,single,512,406.1103867,success
53e971c2.qasm,1024,scarlet_quantum_rings,single,16,0.1748129,success
53e971c2.qasm,1024,scarlet_quantum_rings,single,64,0.1728286,success
53e971c2.qasm,1024,scarlet_quantum_rings,single,512,0.1791764,success
54c8f710.qasm,1024,scarlet_quantum_rings,single,16,0.5430322,success
54c8f710.qasm,1024,scarlet_quantum_rings,single,64,0.5765128,success
54c8f710.qasm,1024,scarlet_quantum_rings,single,512,0.5371048,success
54f0b8c5.qasm,1024,scarlet_quantum_rings,single,16,0.1801168,success
54f0b8c5.qasm,1024,scarlet_quantum_rings,single,64,0.2660724,success
54f0b8c5.qasm,1024,scarlet_quantum_rings,single,512,0.1865154,success
551cc6ea.qasm,1024,scarlet_quantum_rings,single,16,4.0511647,success
551cc6ea.qasm,1024,scarlet_quantum_rings,single,64,0.6177918,success
551cc6ea.qasm,1024,scarlet_quantum_rings,single,512,903.4430423,success
568c1ef9.qasm,1024,scarlet_quantum_rings,single,16,0.1891656,success
568c1ef9.qasm,1024,scarlet_quantum_rings,single,64,0.243431,success
568c1ef9.qasm,1024,scarlet_quantum_rings,single,512,0.1862508,success
574915eb.qasm,1024,scarlet_quantum_rings,single,16,1.6900419,success
574915eb.qasm,1024,scarlet_quantum_rings,single,64,6.4952442,success
574915eb.qasm,1024,scarlet_quantum_rings,single,512,257.8208735,success
577f5adb.qasm,1024,scarlet_quantum_rings,single,16,1.1850882,success
577f5adb.qasm,1024,scarlet_quantum_rings,single,64,5.6904274,success
587be285.qasm,1024,scarlet_quantum_rings,single,16,1.3891152,success
587be285.qasm,1024,scarlet_quantum_rings,single,64,7.9187036,success
587be285.qasm,1024,scarlet_quantum_rings,single,512,284.7954988,success
588e0101.qasm,1024,scarlet_quantum_rings,single,16,0.2206692,success
588e0101.qasm,1024,scarlet_quantum_rings,single,64,0.4880254,success
588e0101.qasm,1024,scarlet_quantum_rings,single,512,9.7979156,success
591d39f6.qasm,1024,scarlet_quantum_rings,single,16,2.6787045,success
591d39f6.qasm,1024,scarlet_quantum_rings,single,64,20.9925477,success
591d39f6.qasm,1024,scarlet_quantum_rings,single,512,981.4918503,success
59267ce4.qasm,1024,scarlet_quantum_rings,single,16,0.2185542,success
59267ce4.qasm,1024,scarlet_quantum_rings,single,64,0.2873506,success
59267ce4.qasm,1024,scarlet_quantum_rings,single,512,0.2381152,success
5a4964e2.qasm,1024,scarlet_quantum_rings,single,16,3.0040687,success
5a4964e2.qasm,1024,scarlet_quantum_rings,single,64,23.5713994,success
5a4964e2.qasm,1024,scarlet_quantum_rings,single,512,1113.7247561,success
5a741dbe.qasm,1024,scarlet_quantum_rings,single,16,1607.2905076,success
5a741dbe.qasm,1024,scarlet_quantum_rings,single,64,63.6101813,success
5a9f20b0.qasm,1024,scarlet_quantum_rings,single,16,1.9873639,success
5a9f20b0.qasm,1024,scarlet_quantum_rings,single,64,14.1749237,success
5a9f20b0.qasm,1024,scarlet_quantum_rings,single,512,556.7358082,success
5b419375.qasm,1024,scarlet_quantum_rings,single,16,5.069991,success
5b419375.qasm,1024,scarlet_quantum_rings,single,64,18.1997557,success
5b419375.qasm,1024,scarlet_quantum_rings,single,512,735.2598271,success
5b482142.qasm,1024,scarlet_quantum_rings,single,16,0.18249,success
5b482142.qasm,1024,scarlet_quantum_rings,single,64,0.176904,success
5b58ce32.qasm,1024,scarlet_quantum_rings,single,16,0.2353343,success
5b58ce32.qasm,1024,scarlet_quantum_rings,single,64,0.1714296,success
5c176f37.qasm,1024,scarlet_quantum_rings,single,16,2.1709223,success
5c176f37.qasm,1024,scarlet_quantum_rings,single,64,0.177055,success
5c176f37.qasm,1024,scarlet_quantum_rings,single,512,218.884704,success
5c2359c8.qasm,1024,scarlet_quantum_rings,single,16,18.8537477,success
5c2359c8.qasm,1024,scarlet_quantum_rings,single,64,0.8920383,success
5c2359c8.qasm,1024,scarlet_quantum_rings,single,512,26.2141386,success
5cfcb9cd.qasm,1024,scarlet_quantum_rings,single,16,45.6465889,success
5cfcb9cd.qasm,1024,scarlet_quantum_rings,single,64,42.3598636,success
5cfcb9cd.qasm,1024,scarlet_quantum_rings,single,512,45.7418277,success
5d14d092.qasm,1024,scarlet_quantum_rings,single,16,1.8427508,success
5d14d092.qasm,1024,scarlet_quantum_rings,single,64,10.7073549,success
5d14d092.qasm,1024,scarlet_quantum_rings,single,512,449.6638396,success
5d2b11a2.qasm,1024,scarlet_quantum_rings,single,16,1.7544678,success
5d2b11a2.qasm,1024,scarlet_quantum_rings,single,64,6.9100846,success
5d2b11a2.qasm,1024,scarlet_quantum_rings,single,512,578.8071934,success
5d565485.qasm,1024,scarlet_quantum_rings,single,16,1.7579763,success
5d565485.qasm,1024,scarlet_quantum_rings,single,64,13.1805837,success
5d565485.qasm,1024,scarlet_quantum_rings,single,512,577.6552694,success
5da1db4b.qasm,1024,scarlet_quantum_rings,single,16,1.6695542,success
5da1db4b.qasm,1024,scarlet_quantum_rings,single,64,9.5052925,success
5da1db4b.qasm,1024,scarlet_quantum_rings,single,512,340.8045976,success
5e3dc35d.qasm,1024,scarlet_quantum_rings,single,16,0.1754587,success
5e3dc35d.qasm,1024,scarlet_quantum_rings,single,64,0.1674483,success
5e3dc35d.qasm,1024,scarlet_quantum_rings,single,512,0.1802698,success
5e4c8439.qasm,1024,scarlet_quantum_rings,single,16,1.1020779,success
5e4c8439.qasm,1024,scarlet_quantum_rings,single,64,2.5658197,success
5e4c8439.qasm,1024,scarlet_quantum_rings,single,512,34.3699009,success
5e6b0a76.qasm,1024,scarlet_quantum_rings,single,16,0.9429384,success
5e6b0a76.qasm,1024,scarlet_quantum_rings,single,64,0.8332049,success
5eaee29f.qasm,1024,scarlet_quantum_rings,single,16,0.9021112,success
5eaee29f.qasm,1024,scarlet_quantum_rings,single,64,0.1723742,success
5eaee29f.qasm,1024,scarlet_quantum_rings,single,512,0.8121324,success
5ed4dd47.qasm,1024,scarlet_quantum_rings,single,16,0.1778839,success
5ed4dd47.qasm,1024,scarlet_quantum_rings,single,64,0.1692181,success
5ed4dd47.qasm,1024,scarlet_quantum_rings,single,512,0.1719626,success
5ee9c404.qasm,1024,scarlet_quantum_rings,single,16,0.6110617,success
5ee9c404.qasm,1024,scarlet_quantum_rings,single,64,0.3699508,success
5ee9c404.qasm,1024,scarlet_quantum_rings,single,512,0.602949,success
5ef5ff7c.qasm,1024,scarlet_quantum_rings,single,16,1.9424587,success
5ef5ff7c.qasm,1024,scarlet_quantum_rings,single,64,14.129977,success
5ef5ff7c.qasm,1024,scarlet_quantum_rings,single,512,549.4164625,success
5f0ad979.qasm,1024,scarlet_quantum_rings,single,16,1.4398049,success
5f0ad979.qasm,1024,scarlet_quantum_rings,single,64,8.5335451,success
5f0ad979.qasm,1024,scarlet_quantum_rings,single,512,314.9300109,success
5f39af5c.qasm,1024,scarlet_quantum_rings,single,16,1.206501,success
5f39af5c.qasm,1024,scarlet_quantum_rings,single,64,1.2441665,success
5f39af5c.qasm,1024,scarlet_quantum_rings,single,512,1.2038937,success
5f6a8a9b.qasm,1024,scarlet_quantum_rings,single,16,0.2168783,success
5f6a8a9b.qasm,1024,scarlet_quantum_rings,single,64,0.1669181,success
5f6a8a9b.qasm,1024,scarlet_quantum_rings,single,512,0.2251206,success
5f79d6db.qasm,1024,scarlet_quantum_rings,single,16,1.4444159,success
5f79d6db.qasm,1024,scarlet_quantum_rings,single,64,8.4894781,success
5f79d6db.qasm,1024,scarlet_quantum_rings,single,512,309.1335508,success
613afa2d.qasm,1024,scarlet_quantum_rings,single,16,1.1619439,success
613afa2d.qasm,1024,scarlet_quantum_rings,single,64,4.2897754,success
613afa2d.qasm,1024,scarlet_quantum_rings,single,512,94.3743718,success
622c4417.qasm,1024,scarlet_quantum_rings,single,16,1.8900389,success
622c4417.qasm,1024,scarlet_quantum_rings,single,64,14.0848954,success
622c4417.qasm,1024,scarlet_quantum_rings,single,512,556.6662471,success
635bd24f.qasm,1024,scarlet_quantum_rings,single,16,9.4363397,success
635bd24f.qasm,1024,scarlet_quantum_rings,single,64,0.2822097,success
637811d8.qasm,1024,scarlet_quantum_rings,single,16,1.9822721,success
637811d8.qasm,1024,scarlet_quantum_rings,single,64,11.4336977,success
637811d8.qasm,1024,scarlet_quantum_rings,single,512,435.3994822,success
63aaa50d.qasm,1024,scarlet_quantum_rings,single,16,0.1790994,success
63aaa50d.qasm,1024,scarlet_quantum_rings,single,64,0.3013606,success
63aaa50d.qasm,1024,scarlet_quantum_rings,single,512,0.1729242,success
64273f69.qasm,1024,scarlet_quantum_rings,single,16,1.3970083,success
64273f69.qasm,1024,scarlet_quantum_rings,single,64,7.9696109,success
64273f69.qasm,1024,scarlet_quantum_rings,single,512,282.5264321,success
6457f235.qasm,1024,scarlet_quantum_rings,single,16,0.2233452,success
6457f235.qasm,1024,scarlet_quantum_rings,single,64,1.0101255,success
6457f235.qasm,1024,scarlet_quantum_rings,single,512,20.677099,success
64731b8d.qasm,1024,scarlet_quantum_rings,single,16,2.0507906,success
64731b8d.qasm,1024,scarlet_quantum_rings,single,64,12.5908717,success
64731b8d.qasm,1024,scarlet_quantum_rings,single,512,496.2063252,success
64f32748.qasm,1024,scarlet_quantum_rings,single,16,1.9956137,success
64f32748.qasm,1024,scarlet_quantum_rings,single,64,11.5093932,success
64f32748.qasm,1024,scarlet_quantum_rings,single,512,437.9071594,success
6533abd6.qasm,1024,scarlet_quantum_rings,single,16,9723.4914956,success
6533abd6.qasm,1024,scarlet_quantum_rings,single,64,232.8099082,success
6533abd6.qasm,1024,scarlet_quantum_rings,single,512,,timeout
65dcd512.qasm,1024,scarlet_quantum_rings,single,16,0.5612492,success
65dcd512.qasm,1024,scarlet_quantum_rings,single,64,0.5177774,success
65dcd512.qasm,1024,scarlet_quantum_rings,single,512,0.5506512,success
661be484.qasm,1024,scarlet_quantum_rings,single,16,879.1681903,success
661be484.qasm,1024,scarlet_quantum_rings,single,64,505.0702981,success
661be484.qasm,1024,scarlet_quantum_rings,single,512,,timeout
66343f14.qasm,1024,scarlet_quantum_rings,single,16,0.1837175,success
66343f14.qasm,1024,scarlet_quantum_rings,single,64,0.1771466,success
6694b099.qasm,1024,scarlet_quantum_rings,single,16,13.8383709,success
6694b099.qasm,1024,scarlet_quantum_rings,single,64,13.8043085,success
6694b099.qasm,1024,scarlet_quantum_rings,single,512,13.7813582,success
67346cae.qasm,1024,scarlet_quantum_rings,single,16,0.179131,success
67346cae.qasm,1024,scarlet_quantum_rings,single,64,0.1538984,success
6740a375.qasm,1024,scarlet_quantum_rings,single,16,0.1709286,success
6740a375.qasm,1024,scarlet_quantum_rings,single,64,10.01462,success
6785591a.qasm,1024,scarlet_quantum_rings,single,16,0.2151467,success
6785591a.qasm,1024,scarlet_quantum_rings,single,64,1.0548189,success
6785591a.qasm,1024,scarlet_quantum_rings,single,512,0.22718,success
67b5fe45.qasm,1024,scarlet_quantum_rings,single,16,397.968539,success
67b5fe45.qasm,1024,scarlet_quantum_rings,single,64,113.4824914,success
67b5fe45.qasm,1024,scarlet_quantum_rings,single,512,1642.608019,success
67f3547d.qasm,1024,scarlet_quantum_rings,single,16,1.4342771,success
67f3547d.qasm,1024,scarlet_quantum_rings,single,64,1.2461029,success
67f3547d.qasm,1024,scarlet_quantum_rings,single,512,1.4320807,success
68528bdf.qasm,1024,scarlet_quantum_rings,single,16,0.1804468,success
68528bdf.qasm,1024,scarlet_quantum_rings,single,64,0.166059,success
68528bdf.qasm,1024,scarlet_quantum_rings,single,512,0.1813397,success
699bd83c.qasm,1024,scarlet_quantum_rings,single,16,724.0946028,success
699bd83c.qasm,1024,scarlet_quantum_rings,single,64,1079.0000191,success
699bd83c.qasm,1024,scarlet_quantum_rings,single,512,,timeout
69c7223c.qasm,1024,scarlet_quantum_rings,single,16,0.9718195,success
69c7223c.qasm,1024,scarlet_quantum_rings,single,64,5.8605898,success
69c7223c.qasm,1024,scarlet_quantum_rings,single,512,278.4394871,success
69c8191e.qasm,1024,scarlet_quantum_rings,single,16,0.1765269,success
69c8191e.qasm,1024,scarlet_quantum_rings,single,64,1.0784193,success
69c8191e.qasm,1024,scarlet_quantum_rings,single,512,0.1721093,success
69cf1b12.qasm,1024,scarlet_quantum_rings,single,16,1.8664405,success
69cf1b12.qasm,1024,scarlet_quantum_rings,single,64,10.7114294,success
69cf1b12.qasm,1024,scarlet_quantum_rings,single,512,436.1584756,success
69e799fa.qasm,1024,scarlet_quantum_rings,single,16,1.7161594,success
69e799fa.qasm,1024,scarlet_quantum_rings,single,64,10.0683018,success
69e799fa.qasm,1024,scarlet_quantum_rings,single,512,403.8135677,success
6a5034af.qasm,1024,scarlet_quantum_rings,single,16,6.6179706,success
6a5034af.qasm,1024,scarlet_quantum_rings,single,64,4.0574428,success
6a5034af.qasm,1024,scarlet_quantum_rings,single,512,6.5558647,success
6bc3891b.qasm,1024,scarlet_quantum_rings,single,16,0.1771191,success
6bc3891b.qasm,1024,scarlet_quantum_rings,single,64,0.3123666,success
6bc3891b.qasm,1024,scarlet_quantum_rings,single,512,0.1717566,success
6c69bcc7.qasm,1024,scarlet_quantum_rings,single,16,1.8685516,success
6c69bcc7.qasm,1024,scarlet_quantum_rings,single,64,11.3404086,success
6c69bcc7.qasm,1024,scarlet_quantum_rings,single,512,472.551985,success
6c848dc7.qasm,1024,scarlet_quantum_rings,single,16,0.1774831,success
6c848dc7.qasm,1024,scarlet_quantum_rings,single,64,0.3084388,success
6c848dc7.qasm,1024,scarlet_quantum_rings,single,512,0.1831113,success
6d2833ea.qasm,1024,scarlet_quantum_rings,single,16,1.8673472,success
6d2833ea.qasm,1024,scarlet_quantum_rings,single,64,10.6146131,success
6d2833ea.qasm,1024,scarlet_quantum_rings,single,512,436.2113173,success
6da6ce61.qasm,1024,scarlet_quantum_rings,single,16,2.6050772,success
6da6ce61.qasm,1024,scarlet_quantum_rings,single,64,18.4177221,success
6da6ce61.qasm,1024,scarlet_quantum_rings,single,512,709.6141829,success
6de17b5a.qasm,1024,scarlet_quantum_rings,single,16,10.0667903,success
6de17b5a.qasm,1024,scarlet_quantum_rings,single,64,53.1336453,success
6de17b5a.qasm,1024,scarlet_quantum_rings,single,512,1966.0381448,success
6ee18f92.qasm,1024,scarlet_quantum_rings,single,16,0.172242,success
6ee18f92.qasm,1024,scarlet_quantum_rings,single,64,1.1563193,success
6f16ddc6.qasm,1024,scarlet_quantum_rings,single,16,0.1806642,success
6f16ddc6.qasm,1024,scarlet_quantum_rings,single,64,0.1723963,success
6f6328cc.qasm,1024,scarlet_quantum_rings,single,16,6.304043,success
6f6328cc.qasm,1024,scarlet_quantum_rings,single,64,0.2283101,success
6fef948c.qasm,1024,scarlet_quantum_rings,single,16,10.7144022,success
6fef948c.qasm,1024,scarlet_quantum_rings,single,64,0.5896737,success
6fef948c.qasm,1024,scarlet_quantum_rings,single,512,7.8826795,success
700c376b.qasm,1024,scarlet_quantum_rings,single,16,2.0538495,success
700c376b.qasm,1024,scarlet_quantum_rings,single,64,12.2026391,success
700c376b.qasm,1024,scarlet_quantum_rings,single,512,480.9286841,success
7063be19.qasm,1024,scarlet_quantum_rings,single,16,1.984057,success
7063be19.qasm,1024,scarlet_quantum_rings,single,64,15.3819641,success
7063be19.qasm,1024,scarlet_quantum_rings,single,512,699.658068,success
70d5d461.qasm,1024,scarlet_quantum_rings,single,16,7.1855928,success
70d5d461.qasm,1024,scarlet_quantum_rings,single,64,0.1600138,success
70d5d461.qasm,1024,scarlet_quantum_rings,single,512,8.8462365,success
711cdd0b.qasm,1024,scarlet_quantum_rings,single,16,1.5356056,success
711cdd0b.qasm,1024,scarlet_quantum_rings,single,64,6.9356012,success
711cdd0b.qasm,1024,scarlet_quantum_rings,single,512,204.2237956,success
72b5f996.qasm,1024,scarlet_quantum_rings,single,16,0.1764023,success
72b5f996.qasm,1024,scarlet_quantum_rings,single,64,0.6280924,success
72b5f996.qasm,1024,scarlet_quantum_rings,single,512,0.1757353,success
72cc2f13.qasm,1024,scarlet_quantum_rings,single,16,15.4456162,success
72cc2f13.qasm,1024,scarlet_quantum_rings,single,64,25.1915366,success
72d8892d.qasm,1024,scarlet_quantum_rings,single,16,0.955442,success
72d8892d.qasm,1024,scarlet_quantum_rings,single,64,5.2796491,success
72d8892d.qasm,1024,scarlet_quantum_rings,single,512,142.8177147,success
73191d24.qasm,1024,scarlet_quantum_rings,single,16,0.1741543,success
73191d24.qasm,1024,scarlet_quantum_rings,single,64,0.1658449,success
73191d24.qasm,1024,scarlet_quantum_rings,single,512,0.1710847,success
7337baba.qasm,1024,scarlet_quantum_rings,single,16,0.1747082,success
7337baba.qasm,1024,scarlet_quantum_rings,single,64,0.1769813,success
733f4518.qasm,1024,scarlet_quantum_rings,single,16,280.2611962,success
733f4518.qasm,1024,scarlet_quantum_rings,single,64,27.3468879,success
733f4518.qasm,1024,scarlet_quantum_rings,single,512,11435.1808265,success
73f498a0.qasm,1024,scarlet_quantum_rings,single,16,0.586508,success
73f498a0.qasm,1024,scarlet_quantum_rings,single,64,0.9841235,success
73f498a0.qasm,1024,scarlet_quantum_rings,single,512,1.3402632,success
742bfb51.qasm,1024,scarlet_quantum_rings,single,16,,timeout
742bfb51.qasm,1024,scarlet_quantum_rings,single,64,,timeout
749ea355.qasm,1024,scarlet_quantum_rings,single,16,0.2291533,success
749ea355.qasm,1024,scarlet_quantum_rings,single,64,2.3689134,success
749ea355.qasm,1024,scarlet_quantum_rings,single,512,0.2225618,success
7513561e.qasm,1024,scarlet_quantum_rings,single,16,1.7643061,success
7513561e.qasm,1024,scarlet_quantum_rings,single,64,13.2126654,success
7513561e.qasm,1024,scarlet_quantum_rings,single,512,574.2641708,success
75137edd.qasm,1024,scarlet_quantum_rings,single,16,4.2534029,success
75137edd.qasm,1024,scarlet_quantum_rings,single,64,0.1687236,success
75137edd.qasm,1024,scarlet_quantum_rings,single,512,6.0661241,success
751d7ced.qasm,1024,scarlet_quantum_rings,single,16,2.1812843,success
751d7ced.qasm,1024,scarlet_quantum_rings,single,64,12.5708069,success
751d7ced.qasm,1024,scarlet_quantum_rings,single,512,525.1337435,success
752a65aa.qasm,1024,scarlet_quantum_rings,single,16,1.7403424,success
752a65aa.qasm,1024,scarlet_quantum_rings,single,64,10.0693342,success
752a65aa.qasm,1024,scarlet_quantum_rings,single,512,411.4862543,success
7548d858.qasm,1024,scarlet_quantum_rings,single,16,0.5394256,success
7548d858.qasm,1024,scarlet_quantum_rings,single,64,1.3349159,success
7548d858.qasm,1024,scarlet_quantum_rings,single,512,3.4632726,success
758554e0.qasm,1024,scarlet_quantum_rings,single,16,755.0281161,success
758554e0.qasm,1024,scarlet_quantum_rings,single,64,590.6946548,success
758554e0.qasm,1024,scarlet_quantum_rings,single,512,592.4959399,success
75bd5cbf.qasm,1024,scarlet_quantum_rings,single,16,42.2158767,success
75bd5cbf.qasm,1024,scarlet_quantum_rings,single,64,15.9747854,success
75bd5cbf.qasm,1024,scarlet_quantum_rings,single,512,41.6227365,success
76034335.qasm,1024,scarlet_quantum_rings,single,16,0.1699775,success
76034335.qasm,1024,scarlet_quantum_rings,single,64,0.7581466,success
76034335.qasm,1024,scarlet_quantum_rings,single,512,0.246009,success
76d0b692.qasm,1024,scarlet_quantum_rings,single,16,22.912727,success
76d0b692.qasm,1024,scarlet_quantum_rings,single,64,4.2618177,success
77a3a480.qasm,1024,scarlet_quantum_rings,single,16,1.6496207,success
77a3a480.qasm,1024,scarlet_quantum_rings,single,64,8.9344669,success
77a3a480.qasm,1024,scarlet_quantum_rings,single,512,343.5808607,success
78adf5c7.qasm,1024,scarlet_quantum_rings,single,16,4.0229352,success
78adf5c7.qasm,1024,scarlet_quantum_rings,single,64,10.8530249,success
78adf5c7.qasm,1024,scarlet_quantum_rings,single,512,527.2902872,success
78f96e37.qasm,1024,scarlet_quantum_rings,single,16,1.3827565,success
78f96e37.qasm,1024,scarlet_quantum_rings,single,64,5.7355777,success
78f96e37.qasm,1024,scarlet_quantum_rings,single,512,134.275023,success
79b12d71.qasm,1024,scarlet_quantum_rings,single,16,1.6729174,success
79b12d71.qasm,1024,scarlet_quantum_rings,single,64,9.5001241,success
79b12d71.qasm,1024,scarlet_quantum_rings,single,512,344.1290951,success
7a0c7e70.qasm,1024,scarlet_quantum_rings,single,16,408.4881826,success
7a0c7e70.qasm,1024,scarlet_quantum_rings,single,64,280.2108367,success
7a1c98cc.qasm,1024,scarlet_quantum_rings,single,16,3.4877635,success
7a1c98cc.qasm,1024,scarlet_quantum_rings,single,64,0.6781891,success
7a79f013.qasm,1024,scarlet_quantum_rings,single,16,438.9453947,success
7a79f013.qasm,1024,scarlet_quantum_rings,single,64,923.3542459,success
7a79f013.qasm,1024,scarlet_quantum_rings,single,512,,timeout
7aad2132.qasm,1024,scarlet_quantum_rings,single,16,2.6700853,success
7aad2132.qasm,1024,scarlet_quantum_rings,single,64,20.9415396,success
7aad2132.qasm,1024,scarlet_quantum_rings,single,512,959.7448176,success
7afdbe61.qasm,1024,scarlet_quantum_rings,single,16,2.2713569,success
7afdbe61.qasm,1024,scarlet_quantum_rings,single,64,0.1793947,success
7b19558f.qasm,1024,scarlet_quantum_rings,single,16,3.3083295,success
7b19558f.qasm,1024,scarlet_quantum_rings,single,64,2.444386,success
7b19558f.qasm,1024,scarlet_quantum_rings,single,512,3.3641784,success
7bab61ca.qasm,1024,scarlet_quantum_rings,single,16,75.002994,success
7bab61ca.qasm,1024,scarlet_quantum_rings,single,64,43.559577,success
7bab61ca.qasm,1024,scarlet_quantum_rings,single,512,74.8502658,success
7be7d477.qasm,1024,scarlet_quantum_rings,single,16,2.4134915,success
7be7d477.qasm,1024,scarlet_quantum_rings,single,64,18.0774289,success
7be7d477.qasm,1024,scarlet_quantum_rings,single,512,843.0826304,success
7bf0f1bc.qasm,1024,scarlet_quantum_rings,single,16,2.098813,success
7bf0f1bc.qasm,1024,scarlet_quantum_rings,single,64,12.1825657,success
7bf0f1bc.qasm,1024,scarlet_quantum_rings,single,512,495.0731023,success
7c9f6bae.qasm,1024,scarlet_quantum_rings,single,16,2.2005587,success
7c9f6bae.qasm,1024,scarlet_quantum_rings,single,64,12.6793433,success
7c9f6bae.qasm,1024,scarlet_quantum_rings,single,512,524.4238941,success
7d6d9a38.qasm,1024,scarlet_quantum_rings,single,16,2.989781,success
7d6d9a38.qasm,1024,scarlet_quantum_rings,single,64,23.5634482,success
7d6d9a38.qasm,1024,scarlet_quantum_rings,single,512,1083.7143293,success
7db40afb.qasm,1024,scarlet_quantum_rings,single,16,0.1739276,success
7db40afb.qasm,1024,scarlet_quantum_rings,single,64,0.1741671,success
7fdad0c4.qasm,1024,scarlet_quantum_rings,single,16,2.0015231,success
7fdad0c4.qasm,1024,scarlet_quantum_rings,single,64,15.5420536,success
7fdad0c4.qasm,1024,scarlet_quantum_rings,single,512,695.6832452,success
81af3d74.qasm,1024,scarlet_quantum_rings,single,16,0.2434644,success
81af3d74.qasm,1024,scarlet_quantum_rings,single,64,0.1806651,success
81af3d74.qasm,1024,scarlet_quantum_rings,single,512,0.2341701,success
81f388c7.qasm,1024,scarlet_quantum_rings,single,16,0.1792456,success
81f388c7.qasm,1024,scarlet_quantum_rings,single,64,0.1680934,success
81f388c7.qasm,1024,scarlet_quantum_rings,single,512,0.1850392,success
81fdeb0a.qasm,1024,scarlet_quantum_rings,single,16,0.1736968,success
81fdeb0a.qasm,1024,scarlet_quantum_rings,single,64,0.1638945,success
827a3442.qasm,1024,scarlet_quantum_rings,single,16,0.1801154,success
827a3442.qasm,1024,scarlet_quantum_rings,single,64,0.1755154,success
827a3442.qasm,1024,scarlet_quantum_rings,single,512,0.1886462,success
82b89c68.qasm,1024,scarlet_quantum_rings,single,16,3.2725359,success
82b89c68.qasm,1024,scarlet_quantum_rings,single,64,0.1596555,success
831c33e1.qasm,1024,scarlet_quantum_rings,single,16,2.3401965,success
831c33e1.qasm,1024,scarlet_quantum_rings,single,64,18.0734098,success
831c33e1.qasm,1024,scarlet_quantum_rings,single,512,839.1603764,success
8335b01d.qasm,1024,scarlet_quantum_rings,single,16,0.1701279,success
8335b01d.qasm,1024,scarlet_quantum_rings,single,64,0.9557037,success
834596bc.qasm,1024,scarlet_quantum_rings,single,16,204.2758515,success
834596bc.qasm,1024,scarlet_quantum_rings,single,64,835.9329551,success
834596bc.qasm,1024,scarlet_quantum_rings,single,512,,timeout
83b22dc5.qasm,1024,scarlet_quantum_rings,single,16,1.2476565,success
83b22dc5.qasm,1024,scarlet_quantum_rings,single,64,3.404436,success
83b22dc5.qasm,1024,scarlet_quantum_rings,single,512,72.2979649,success
8400dcc1.qasm,1024,scarlet_quantum_rings,single,16,0.1777404,success
8400dcc1.qasm,1024,scarlet_quantum_rings,single,64,9.1855849,success
8400dcc1.qasm,1024,scarlet_quantum_rings,single,512,0.1613232,success
8422040e.qasm,1024,scarlet_quantum_rings,single,16,0.1669148,success
8422040e.qasm,1024,scarlet_quantum_rings,single,64,2.531916,success
84fe3fba.qasm,1024,scarlet_quantum_rings,single,16,6.9756592,success
84fe3fba.qasm,1024,scarlet_quantum_rings,single,64,0.3869507,success
85317608.qasm,1024,scarlet_quantum_rings,single,16,0.1957883,success
85317608.qasm,1024,scarlet_quantum_rings,single,64,1.2040827,success
85317608.qasm,1024,scarlet_quantum_rings,single,512,0.1699598,success
85863407.qasm,1024,scarlet_quantum_rings,single,16,1.6870991,success
85863407.qasm,1024,scarlet_quantum_rings,single,64,10.459693,success
85863407.qasm,1024,scarlet_quantum_rings,single,512,408.0020964,success
860cc392.qasm,1024,scarlet_quantum_rings,single,16,1.7032305,success
860cc392.qasm,1024,scarlet_quantum_rings,single,64,10.5151552,success
860cc392.qasm,1024,scarlet_quantum_rings,single,512,406.0959769,success
86464ad3.qasm,1024,scarlet_quantum_rings,single,16,0.1827395,success
86464ad3.qasm,1024,scarlet_quantum_rings,single,64,0.1754975,success
86464ad3.qasm,1024,scarlet_quantum_rings,single,512,0.1625077,success
871618c1.qasm,1024,scarlet_quantum_rings,single,16,1.3089816,success
871618c1.qasm,1024,scarlet_quantum_rings,single,64,6.5168705,success
871618c1.qasm,1024,scarlet_quantum_rings,single,512,209.7188408,success
8732dc00.qasm,1024,scarlet_quantum_rings,single,16,0.1784655,success
8732dc00.qasm,1024,scarlet_quantum_rings,single,64,2.5046016,success
8732dc00.qasm,1024,scarlet_quantum_rings,single,512,0.168138,success
884b47f6.qasm,1024,scarlet_quantum_rings,single,16,7.9557657,success
884b47f6.qasm,1024,scarlet_quantum_rings,single,64,0.160642,success
884b47f6.qasm,1024,scarlet_quantum_rings,single,512,9.7400854,success
885efe5b.qasm,1024,scarlet_quantum_rings,single,16,1.0773573,success
885efe5b.qasm,1024,scarlet_quantum_rings,single,64,3.4264061,success
885efe5b.qasm,1024,scarlet_quantum_rings,single,512,71.9190057,success
8930abda.qasm,1024,scarlet_quantum_rings,single,16,0.1753091,success
8930abda.qasm,1024,scarlet_quantum_rings,single,64,4.584768,success
8930abda.qasm,1024,scarlet_quantum_rings,single,512,0.1747054,success
896404d8.qasm,1024,scarlet_quantum_rings,single,16,5.5521088,success
896404d8.qasm,1024,scarlet_quantum_rings,single,64,0.4324345,success
8a146ce3.qasm,1024,scarlet_quantum_rings,single,16,117.9649009,success
8a146ce3.qasm,1024,scarlet_quantum_rings,single,64,201.1105238,success
8a1c1c3f.qasm,1024,scarlet_quantum_rings,single,16,0.1880215,success
8a1c1c3f.qasm,1024,scarlet_quantum_rings,single,64,0.2685849,success
8a1c1c3f.qasm,1024,scarlet_quantum_rings,single,512,0.1869095,success
8a2ab626.qasm,1024,scarlet_quantum_rings,single,16,1.7081607,success
8a2ab626.qasm,1024,scarlet_quantum_rings,single,64,12.2454582,success
8a2ab626.qasm,1024,scarlet_quantum_rings,single,512,465.3944948,success
8b77bf87.qasm,1024,scarlet_quantum_rings,single,16,0.30873,success
8b77bf87.qasm,1024,scarlet_quantum_rings,single,64,10.1406784,success
8b77bf87.qasm,1024,scarlet_quantum_rings,single,512,0.2988881,success
8bd576fc.qasm,1024,scarlet_quantum_rings,single,16,5.3233933,success
8bd576fc.qasm,1024,scarlet_quantum_rings,single,64,13.2989912,success
8bd576fc.qasm,1024,scarlet_quantum_rings,single,512,1464.9315561,success
8c01a935.qasm,1024,scarlet_quantum_rings,single,16,2.698982,success
8c01a935.qasm,1024,scarlet_quantum_rings,single,64,14.7330675,success
8c01a935.qasm,1024,scarlet_quantum_rings,single,512,483.8970041,success
8d5010bc.qasm,1024,scarlet_quantum_rings,single,16,0.2166263,success
8d5010bc.qasm,1024,scarlet_quantum_rings,single,64,0.1708347,success
8d5010bc.qasm,1024,scarlet_quantum_rings,single,512,0.2035061,success
8d9d4033.qasm,1024,scarlet_quantum_rings,single,16,1.0986492,success
8d9d4033.qasm,1024,scarlet_quantum_rings,single,64,2.5595098,success
8d9d4033.qasm,1024,scarlet_quantum_rings,single,512,34.4068787,success
8e84b85a.qasm,1024,scarlet_quantum_rings,single,16,0.1826762,success
8e84b85a.qasm,1024,scarlet_quantum_rings,single,64,0.1524136,success
8e84b85a.qasm,1024,scarlet_quantum_rings,single,512,0.1863533,success
8e9564e3.qasm,1024,scarlet_quantum_rings,single,16,1.4540433,success
8e9564e3.qasm,1024,scarlet_quantum_rings,single,64,8.4504558,success
8e9564e3.qasm,1024,scarlet_quantum_rings,single,512,307.5274544,success
8f4e1b64.qasm,1024,scarlet_quantum_rings,single,16,11.0098067,success
8f4e1b64.qasm,1024,scarlet_quantum_rings,single,64,0.5562086,success
8f564e3e.qasm,1024,scarlet_quantum_rings,single,16,1.9908197,success
8f564e3e.qasm,1024,scarlet_quantum_rings,single,64,15.5767765,success
8f564e3e.qasm,1024,scarlet_quantum_rings,single,512,689.9786614,success
8f8fbcbd.qasm,1024,scarlet_quantum_rings,single,16,712.1879557,success
8f8fbcbd.qasm,1024,scarlet_quantum_rings,single,64,1437.2253333,success
8fb9e9ac.qasm,1024,scarlet_quantum_rings,single,16,0.1811224,success
8fb9e9ac.qasm,1024,scarlet_quantum_rings,single,64,0.5304693,success
8fb9e9ac.qasm,1024,scarlet_quantum_rings,single,512,0.1635519,success
9143d50f.qasm,1024,scarlet_quantum_rings,single,16,0.1758806,success
9143d50f.qasm,1024,scarlet_quantum_rings,single,64,2.8306142,success
9143d50f.qasm,1024,scarlet_quantum_rings,single,512,0.1778599,success
917fa943.qasm,1024,scarlet_quantum_rings,single,16,1.7270749,success
917fa943.qasm,1024,scarlet_quantum_rings,single,64,0.6866674,success
917fa943.qasm,1024,scarlet_quantum_rings,single,512,166.3146686,success
92f98bb3.qasm,1024,scarlet_quantum_rings,single,16,0.4699449,success
92f98bb3.qasm,1024,scarlet_quantum_rings,single,64,0.345261,success
92f98bb3.qasm,1024,scarlet_quantum_rings,single,512,0.3467309,success
933b305c.qasm,1024,scarlet_quantum_rings,single,16,1.8488212,success
933b305c.qasm,1024,scarlet_quantum_rings,single,64,10.6689873,success
933b305c.qasm,1024,scarlet_quantum_rings,single,512,433.0217914,success
93865be7.qasm,1024,scarlet_quantum_rings,single,16,0.1846872,success
93865be7.qasm,1024,scarlet_quantum_rings,single,64,0.2199938,success
9395edc6.qasm,1024,scarlet_quantum_rings,single,16,8.2267604,success
9395edc6.qasm,1024,scarlet_quantum_rings,single,64,3.4462506,success
9395edc6.qasm,1024,scarlet_quantum_rings,single,512,8.1534394,success
93c78575.qasm,1024,scarlet_quantum_rings,single,16,2.2330659,success
93c78575.qasm,1024,scarlet_quantum_rings,single,64,13.1318516,success
93c78575.qasm,1024,scarlet_quantum_rings,single,512,575.9143289,success
9429600a.qasm,1024,scarlet_quantum_rings,single,16,2.1292974,success
9429600a.qasm,1024,scarlet_quantum_rings,single,64,12.1837556,success
9429600a.qasm,1024,scarlet_quantum_rings,single,512,496.7916788,success
94f4e26a.qasm,1024,scarlet_quantum_rings,single,16,2.5668699,success
94f4e26a.qasm,1024,scarlet_quantum_rings,single,64,18.5037521,success
94f4e26a.qasm,1024,scarlet_quantum_rings,single,512,704.7077988,success
950704f2.qasm,1024,scarlet_quantum_rings,single,16,11.7088492,success
950704f2.qasm,1024,scarlet_quantum_rings,single,64,2.5663469,success
950704f2.qasm,1024,scarlet_quantum_rings,single,512,11.8272601,success
954ad251.qasm,1024,scarlet_quantum_rings,single,16,0.1998429,success
954ad251.qasm,1024,scarlet_quantum_rings,single,64,0.1766784,success
954ad251.qasm,1024,scarlet_quantum_rings,single,512,0.1887426,success
957c248b.qasm,1024,scarlet_quantum_rings,single,16,0.1746251,success
957c248b.qasm,1024,scarlet_quantum_rings,single,64,0.2911975,success
957c248b.qasm,1024,scarlet_quantum_rings,single,512,0.1866839,success
964382be.qasm,1024,scarlet_quantum_rings,single,16,2.6285394,success
964382be.qasm,1024,scarlet_quantum_rings,single,64,18.3249907,success
964382be.qasm,1024,scarlet_quantum_rings,single,512,696.1004411,success
965eb08c.qasm,1024,scarlet_quantum_rings,single,16,1.6469743,success
965eb08c.qasm,1024,scarlet_quantum_rings,single,64,9.5513858,success
965eb08c.qasm,1024,scarlet_quantum_rings,single,512,354.3248175,success
96876fa5.qasm,1024,scarlet_quantum_rings,single,16,8.5948081,success
96876fa5.qasm,1024,scarlet_quantum_rings,single,64,0.9619184,success
96876fa5.qasm,1024,scarlet_quantum_rings,single,512,7.9138945,success
96f82da7.qasm,1024,scarlet_quantum_rings,single,16,0.1747095,success
96f82da7.qasm,1024,scarlet_quantum_rings,single,64,2.1292088,success
96f82da7.qasm,1024,scarlet_quantum_rings,single,512,0.1789396,success
981d8651.qasm,1024,scarlet_quantum_rings,single,16,0.1774534,success
981d8651.qasm,1024,scarlet_quantum_rings,single,64,4.6828124,success
981d8651.qasm,1024,scarlet_quantum_rings,single,512,0.1706147,success
9a442b56.qasm,1024,scarlet_quantum_rings,single,16,9.1980982,success
9a442b56.qasm,1024,scarlet_quantum_rings,single,64,1.1185776,success
9c6b6510.qasm,1024,scarlet_quantum_rings,single,16,0.2886272,success
9c6b6510.qasm,1024,scarlet_quantum_rings,single,64,2.4669897,success
9c6b6510.qasm,1024,scarlet_quantum_rings,single,512,0.2779434,success
9ccf974e.qasm,1024,scarlet_quantum_rings,single,16,0.3430253,success
9ccf974e.qasm,1024,scarlet_quantum_rings,single,64,0.1709241,success
9d76010e.qasm,1024,scarlet_quantum_rings,single,16,0.1707674,success
9d76010e.qasm,1024,scarlet_quantum_rings,single,64,3.0336689,success
9d76010e.qasm,1024,scarlet_quantum_rings,single,512,0.1692022,success
9d7cbc78.qasm,1024,scarlet_quantum_rings,single,16,0.4762271,success
9d7cbc78.qasm,1024,scarlet_quantum_rings,single,64,0.3512017,success
9d7cbc78.qasm,1024,scarlet_quantum_rings,single,512,0.3497272,success
9d7e60b6.qasm,1024,scarlet_quantum_rings,single,16,0.1894926,success
9d7e60b6.qasm,1024,scarlet_quantum_rings,single,64,2.0476432,success
9d7e60b6.qasm,1024,scarlet_quantum_rings,single,512,0.17088,success
9e3be92a.qasm,1024,scarlet_quantum_rings,single,16,90.3924556,success
9e3be92a.qasm,1024,scarlet_quantum_rings,single,64,5.0076162,success
9e3be92a.qasm,1024,scarlet_quantum_rings,single,512,90.0866894,success
9ea3bed5.qasm,1024,scarlet_quantum_rings,single,16,3.9805098,success
9ea3bed5.qasm,1024,scarlet_quantum_rings,single,64,3.8935624,success
9ea3bed5.qasm,1024,scarlet_quantum_rings,single,512,3.9776184,success
9f744e04.qasm,1024,scarlet_quantum_rings,single,16,52.2173733,success
9f744e04.qasm,1024,scarlet_quantum_rings,single,64,104.6631336,success
9f744e04.qasm,1024,scarlet_quantum_rings,single,512,4128.4169987,success
a0a79499.qasm,1024,scarlet_quantum_rings,single,16,1.8720441,success
a0a79499.qasm,1024,scarlet_quantum_rings,single,64,0.7155789,success
a0a79499.qasm,1024,scarlet_quantum_rings,single,512,1.9413185,success
a0b53b67.qasm,1024,scarlet_quantum_rings,single,16,0.17763,success
a0b53b67.qasm,1024,scarlet_quantum_rings,single,64,0.5182719,success
a169a3ba.qasm,1024,scarlet_quantum_rings,single,16,1.6347612,success
a169a3ba.qasm,1024,scarlet_quantum_rings,single,64,8.8988835,success
a169a3ba.qasm,1024,scarlet_quantum_rings,single,512,330.8614835,success
a1b3d3aa.qasm,1024,scarlet_quantum_rings,single,16,2.1666266,success
a1b3d3aa.qasm,1024,scarlet_quantum_rings,single,64,6.8271681,success
a1b3d3aa.qasm,1024,scarlet_quantum_rings,single,512,212.504594,success
a1bc8d56.qasm,1024,scarlet_quantum_rings,single,16,1.0850003,success
a1bc8d56.qasm,1024,scarlet_quantum_rings,single,64,2.2916824,success
a1bc8d56.qasm,1024,scarlet_quantum_rings,single,512,23.9920577,success
a3cb01ca.qasm,1024,scarlet_quantum_rings,single,16,1.2192321,success
a3cb01ca.qasm,1024,scarlet_quantum_rings,single,64,3.4253563,success
a3cb01ca.qasm,1024,scarlet_quantum_rings,single,512,72.2422423,success
a409aaa1.qasm,1024,scarlet_quantum_rings,single,16,2.5722586,success
a409aaa1.qasm,1024,scarlet_quantum_rings,single,64,6.2227107,success
a409aaa1.qasm,1024,scarlet_quantum_rings,single,512,194.3047202,success
a440a477.qasm,1024,scarlet_quantum_rings,single,16,16.1698954,success
a440a477.qasm,1024,scarlet_quantum_rings,single,64,6.6068827,success
a440a477.qasm,1024,scarlet_quantum_rings,single,512,16.6344511,success
a44fdc9f.qasm,1024,scarlet_quantum_rings,single,16,0.1848667,success
a44fdc9f.qasm,1024,scarlet_quantum_rings,single,64,1.0295765,success
a44fdc9f.qasm,1024,scarlet_quantum_rings,single,512,0.177387,success
a4f95806.qasm,1024,scarlet_quantum_rings,single,16,0.1664255,success
a4f95806.qasm,1024,scarlet_quantum_rings,single,64,0.6707554,success
a4f95806.qasm,1024,scarlet_quantum_rings,single,512,0.173206,success
a75c691c.qasm,1024,scarlet_quantum_rings,single,16,2.0765425,success
a75c691c.qasm,1024,scarlet_quantum_rings,single,64,0.166108,success
a8818670.qasm,1024,scarlet_quantum_rings,single,16,0.1796637,success
a8818670.qasm,1024,scarlet_quantum_rings,single,64,1.156165,success
a8818670.qasm,1024,scarlet_quantum_rings,single,512,0.1873231,success
a8b40b61.qasm,1024,scarlet_quantum_rings,single,16,1.6559996,success
a8b40b61.qasm,1024,scarlet_quantum_rings,single,64,9.471062,success
a8b40b61.qasm,1024,scarlet_quantum_rings,single,512,344.1986594,success
a8dfab96.qasm,1024,scarlet_quantum_rings,single,16,1.0960489,success
a8dfab96.qasm,1024,scarlet_quantum_rings,single,64,2.5684272,success
a8dfab96.qasm,1024,scarlet_quantum_rings,single,512,34.6236447,success
a9091180.qasm,1024,scarlet_quantum_rings,single,16,2.1176052,success
a9091180.qasm,1024,scarlet_quantum_rings,single,64,12.1553883,success
a9091180.qasm,1024,scarlet_quantum_rings,single,512,497.3382991,success
aa41f5f1.qasm,1024,scarlet_quantum_rings,single,16,2.0768734,success
aa41f5f1.qasm,1024,scarlet_quantum_rings,single,64,12.5508372,success
aa41f5f1.qasm,1024,scarlet_quantum_rings,single,512,497.8279025,success
aac529b2.qasm,1024,scarlet_quantum_rings,single,16,1231.2409277,success
aac529b2.qasm,1024,scarlet_quantum_rings,single,64,49.3327626,success
aac529b2.qasm,1024,scarlet_quantum_rings,single,512,4142.7975459,success
aaf05f5c.qasm,1024,scarlet_quantum_rings,single,16,1.1518439,success
aaf05f5c.qasm,1024,scarlet_quantum_rings,single,64,5.0934963,success
aaf05f5c.qasm,1024,scarlet_quantum_rings,single,512,144.7737831,success
ab65fd24.qasm,1024,scarlet_quantum_rings,single,16,2.6866797,success
ab65fd24.qasm,1024,scarlet_quantum_rings,single,64,21.0162879,success
ab65fd24.qasm,1024,scarlet_quantum_rings,single,512,969.4532299,success
ab8a1b3c.qasm,1024,scarlet_quantum_rings,single,16,5.4734568,success
ab8a1b3c.qasm,1024,scarlet_quantum_rings,single,64,0.1758804,success
ab8a1b3c.qasm,1024,scarlet_quantum_rings,single,512,7.0257582,success
ab964bf6.qasm,1024,scarlet_quantum_rings,single,16,1.1127641,success
ab964bf6.qasm,1024,scarlet_quantum_rings,single,64,5.0798998,success
ab964bf6.qasm,1024,scarlet_quantum_rings,single,512,144.5852711,success
aceda861.qasm,1024,scarlet_quantum_rings,single,16,307.3432026,success
aceda861.qasm,1024,scarlet_quantum_rings,single,64,142.410943,success
aceda861.qasm,1024,scarlet_quantum_rings,single,512,304.2419227,success
ad2439c7.qasm,1024,scarlet_quantum_rings,single,16,2.2632372,success
ad2439c7.qasm,1024,scarlet_quantum_rings,single,64,16.2628899,success
ad2439c7.qasm,1024,scarlet_quantum_rings,single,512,666.6881105,success
ad74d7c1.qasm,1024,scarlet_quantum_rings,single,16,4.0893965,success
ad74d7c1.qasm,1024,scarlet_quantum_rings,single,64,17.2060836,success
ad74d7c1.qasm,1024,scarlet_quantum_rings,single,512,690.9794293,success
aed3c1af.qasm,1024,scarlet_quantum_rings,single,16,1.7608045,success
aed3c1af.qasm,1024,scarlet_quantum_rings,single,64,10.0906199,success
aed3c1af.qasm,1024,scarlet_quantum_rings,single,512,402.5104983,success
af2659f0.qasm,1024,scarlet_quantum_rings,single,16,0.1691918,success
af2659f0.qasm,1024,scarlet_quantum_rings,single,64,0.1564611,success
af88ad19.qasm,1024,scarlet_quantum_rings,single,16,0.1748353,success
af88ad19.qasm,1024,scarlet_quantum_rings,single,64,0.1752695,success
af88ad19.qasm,1024,scarlet_quantum_rings,single,512,0.179897,success
af8b17d0.qasm,1024,scarlet_quantum_rings,single,16,0.1818541,success
af8b17d0.qasm,1024,scarlet_quantum_rings,single,64,0.1684462,success
b06c81ca.qasm,1024,scarlet_quantum_rings,single,16,1.5398947,success
b06c81ca.qasm,1024,scarlet_quantum_rings,single,64,6.9210942,success
b06c81ca.qasm,1024,scarlet_quantum_rings,single,512,202.7487235,success
b11883af.qasm,1024,scarlet_quantum_rings,single,16,0.1776531,success
b11883af.qasm,1024,scarlet_quantum_rings,single,64,0.3563139,success
b11883af.qasm,1024,scarlet_quantum_rings,single,512,0.1822348,success
b1ea1d60.qasm,1024,scarlet_quantum_rings,single,16,0.2114184,success
b1ea1d60.qasm,1024,scarlet_quantum_rings,single,64,4.7274893,success
b1ea1d60.qasm,1024,scarlet_quantum_rings,single,512,0.2223113,success
b2346111.qasm,1024,scarlet_quantum_rings,single,16,5166.5431432,success
b2346111.qasm,1024,scarlet_quantum_rings,single,64,3106.2406233,success
b2346111.qasm,1024,scarlet_quantum_rings,single,512,3112.5309232,success
b38d732e.qasm,1024,scarlet_quantum_rings,single,16,0.1849359,success
b38d732e.qasm,1024,scarlet_quantum_rings,single,64,0.284838,success
b38d732e.qasm,1024,scarlet_quantum_rings,single,512,0.1656216,success
b469b640.qasm,1024,scarlet_quantum_rings,single,16,0.1815829,success
b469b640.qasm,1024,scarlet_quantum_rings,single,64,0.1756312,success
b4976343.qasm,1024,scarlet_quantum_rings,single,16,0.1754164,success
b4976343.qasm,1024,scarlet_quantum_rings,single,64,0.2803895,success
b4976343.qasm,1024,scarlet_quantum_rings,single,512,0.1761288,success
b4c090da.qasm,1024,scarlet_quantum_rings,single,16,0.1804214,success
b4c090da.qasm,1024,scarlet_quantum_rings,single,64,0.1699656,success
b5baa095.qasm,1024,scarlet_quantum_rings,single,16,0.6978439,success
b5baa095.qasm,1024,scarlet_quantum_rings,single,64,2.8962337,success
b5be0645.qasm,1024,scarlet_quantum_rings,single,16,,timeout
b5be0645.qasm,1024,scarlet_quantum_rings,single,64,,timeout
b601af0f.qasm,1024,scarlet_quantum_rings,single,16,0.1732445,success
b601af0f.qasm,1024,scarlet_quantum_rings,single,64,0.2902428,success
b601af0f.qasm,1024,scarlet_quantum_rings,single,512,0.1780364,success
b630efea.qasm,1024,scarlet_quantum_rings,single,16,1.1978284,success
b630efea.qasm,1024,scarlet_quantum_rings,single,64,4.1749277,success
b630efea.qasm,1024,scarlet_quantum_rings,single,512,91.4829318,success
b680d160.qasm,1024,scarlet_quantum_rings,single,16,2.0660882,success
b680d160.qasm,1024,scarlet_quantum_rings,single,64,12.5213048,success
b680d160.qasm,1024,scarlet_quantum_rings,single,512,503.3593403,success
b7694c8e.qasm,1024,scarlet_quantum_rings,single,16,4.6260506,success
b7694c8e.qasm,1024,scarlet_quantum_rings,single,64,0.3332834,success
b792cc98.qasm,1024,scarlet_quantum_rings,single,16,0.1753902,success
b792cc98.qasm,1024,scarlet_quantum_rings,single,64,0.1814324,success
b792cc98.qasm,1024,scarlet_quantum_rings,single,512,0.1691766,success
b97c72bf.qasm,1024,scarlet_quantum_rings,single,16,0.2227416,success
b97c72bf.qasm,1024,scarlet_quantum_rings,single,64,0.2894879,success
b97c72bf.qasm,1024,scarlet_quantum_rings,single,512,0.2054503,success
b9ba0e84.qasm,1024,scarlet_quantum_rings,single,16,6.7821621,success
b9ba0e84.qasm,1024,scarlet_quantum_rings,single,64,28.7357524,success
b9ba0e84.qasm,1024,scarlet_quantum_rings,single,512,2299.9374974,success
ba0c09b8.qasm,1024,scarlet_quantum_rings,single,16,1.6862829,success
ba0c09b8.qasm,1024,scarlet_quantum_rings,single,64,10.5202382,success
ba0c09b8.qasm,1024,scarlet_quantum_rings,single,512,404.0949175,success
bb291a8b.qasm,1024,scarlet_quantum_rings,single,16,2.2330537,success
bb291a8b.qasm,1024,scarlet_quantum_rings,single,64,13.0469952,success
bb291a8b.qasm,1024,scarlet_quantum_rings,single,512,564.3548563,success
bb50273f.qasm,1024,scarlet_quantum_rings,single,16,461.9981726,success
bb50273f.qasm,1024,scarlet_quantum_rings,single,64,61.8298675,success
bb50273f.qasm,1024,scarlet_quantum_rings,single,512,565.4078367,success
bc99b330.qasm,1024,scarlet_quantum_rings,single,16,125.2180842,success
bc99b330.qasm,1024,scarlet_quantum_rings,single,64,175.6986099,success
bc9dd950.qasm,1024,scarlet_quantum_rings,single,16,1.1235861,success
bc9dd950.qasm,1024,scarlet_quantum_rings,single,64,2.5736842,success
bc9dd950.qasm,1024,scarlet_quantum_rings,single,512,34.4556024,success
bd32080b.qasm,1024,scarlet_quantum_rings,single,16,1675.8850691,success
bd32080b.qasm,1024,scarlet_quantum_rings,single,64,6223.2373832,success
bd32080b.qasm,1024,scarlet_quantum_rings,single,512,,timeout
bd462bd7.qasm,1024,scarlet_quantum_rings,single,16,8.4452683,success
bd462bd7.qasm,1024,scarlet_quantum_rings,single,64,0.1821213,success
bdd2c3ff.qasm,1024,scarlet_quantum_rings,single,16,8.5620839,success
bdd2c3ff.qasm,1024,scarlet_quantum_rings,single,64,71.3363945,success
bdd2c3ff.qasm,1024,scarlet_quantum_rings,single,512,2554.6987554,success
be527b4d.qasm,1024,scarlet_quantum_rings,single,16,327.6427628,success
be527b4d.qasm,1024,scarlet_quantum_rings,single,64,16.1154767,success
bf029799.qasm,1024,scarlet_quantum_rings,single,16,1.7939698,success
bf029799.qasm,1024,scarlet_quantum_rings,single,64,9.9905934,success
bf029799.qasm,1024,scarlet_quantum_rings,single,512,373.7508547,success
bf0f8df9.qasm,1024,scarlet_quantum_rings,single,16,0.54735,success
bf0f8df9.qasm,1024,scarlet_quantum_rings,single,64,1.3424396,success
bf0f8df9.qasm,1024,scarlet_quantum_rings,single,512,3.4726906,success
bf9674e9.qasm,1024,scarlet_quantum_rings,single,16,0.1775753,success
bf9674e9.qasm,1024,scarlet_quantum_rings,single,64,2.4674081,success
bf9674e9.qasm,1024,scarlet_quantum_rings,single,512,0.1735311,success
c05aa9cf.qasm,1024,scarlet_quantum_rings,single,16,3.0019963,success
c05aa9cf.qasm,1024,scarlet_quantum_rings,single,64,23.5731577,success
c05aa9cf.qasm,1024,scarlet_quantum_rings,single,512,448.6712299,success
c0a1d157.qasm,1024,scarlet_quantum_rings,single,16,0.1824355,success
c0a1d157.qasm,1024,scarlet_quantum_rings,single,64,4.6466562,success
c0a1d157.qasm,1024,scarlet_quantum_rings,single,512,0.1828232,success
c0ffe57a.qasm,1024,scarlet_quantum_rings,single,16,0.3998301,success
c0ffe57a.qasm,1024,scarlet_quantum_rings,single,64,0.1699738,success
c20bb346.qasm,1024,scarlet_quantum_rings,single,16,0.3509667,success
c20bb346.qasm,1024,scarlet_quantum_rings,single,64,1.1472027,success
c20bb346.qasm,1024,scarlet_quantum_rings,single,512,0.3426731,success
c246552a.qasm,1024,scarlet_quantum_rings,single,16,4.088997,success
c246552a.qasm,1024,scarlet_quantum_rings,single,64,0.4388426,success
c246552a.qasm,1024,scarlet_quantum_rings,single,512,816.6656867,success
c39fa73b.qasm,1024,scarlet_quantum_rings,single,16,0.1780248,success
c39fa73b.qasm,1024,scarlet_quantum_rings,single,64,0.1641723,success
c39fa73b.qasm,1024,scarlet_quantum_rings,single,512,0.1729059,success
c3c0513f.qasm,1024,scarlet_quantum_rings,single,16,0.1795263,success
c3c0513f.qasm,1024,scarlet_quantum_rings,single,64,0.1589828,success
c3c0513f.qasm,1024,scarlet_quantum_rings,single,512,0.1735996,success
c40ecada.qasm,1024,scarlet_quantum_rings,single,16,1.5196586,success
c40ecada.qasm,1024,scarlet_quantum_rings,single,64,6.9018753,success
c40ecada.qasm,1024,scarlet_quantum_rings,single,512,208.5680732,success
c4c36286.qasm,1024,scarlet_quantum_rings,single,16,1.7383957,success
c4c36286.qasm,1024,scarlet_quantum_rings,single,64,10.0725738,success
c4c36286.qasm,1024,scarlet_quantum_rings,single,512,401.7213176,success
c4ff2c11.qasm,1024,scarlet_quantum_rings,single,16,1.1621505,success
c4ff2c11.qasm,1024,scarlet_quantum_rings,single,64,5.589187,success
c4ff2c11.qasm,1024,scarlet_quantum_rings,single,512,1.1551765,success
c6678d16.qasm,1024,scarlet_quantum_rings,single,16,516.0462372,success
c6678d16.qasm,1024,scarlet_quantum_rings,single,64,821.4442048,success
c6678d16.qasm,1024,scarlet_quantum_rings,single,512,,timeout
c676cfb4.qasm,1024,scarlet_quantum_rings,single,16,0.2353253,success
c676cfb4.qasm,1024,scarlet_quantum_rings,single,64,0.2578355,success
c676cfb4.qasm,1024,scarlet_quantum_rings,single,512,0.2453875,success
c7670b0a.qasm,1024,scarlet_quantum_rings,single,16,0.5437697,success
c7670b0a.qasm,1024,scarlet_quantum_rings,single,64,0.550425,success
c7670b0a.qasm,1024,scarlet_quantum_rings,single,512,0.5097197,success
c7a93f95.qasm,1024,scarlet_quantum_rings,single,16,1.3009129,success
c7a93f95.qasm,1024,scarlet_quantum_rings,single,64,6.5205913,success
c7a93f95.qasm,1024,scarlet_quantum_rings,single,512,209.0101838,success
c7bddf55.qasm,1024,scarlet_quantum_rings,single,16,0.5527257,success
c7bddf55.qasm,1024,scarlet_quantum_rings,single,64,1.1093257,success
c7bddf55.qasm,1024,scarlet_quantum_rings,single,512,2.7514677,success
c82bb473.qasm,1024,scarlet_quantum_rings,single,16,1.3014825,success
c82bb473.qasm,1024,scarlet_quantum_rings,single,64,6.4765742,success
c82bb473.qasm,1024,scarlet_quantum_rings,single,512,210.2100614,success
c84ad65b.qasm,1024,scarlet_quantum_rings,single,16,1.132833,success
c84ad65b.qasm,1024,scarlet_quantum_rings,single,64,4.3213624,success
c84ad65b.qasm,1024,scarlet_quantum_rings,single,512,96.3818957,success
c8afe1ad.qasm,1024,scarlet_quantum_rings,single,16,0.172325,success
c8afe1ad.qasm,1024,scarlet_quantum_rings,single,64,0.7844303,success
c945995d.qasm,1024,scarlet_quantum_rings,single,16,1.6418214,success
c945995d.qasm,1024,scarlet_quantum_rings,single,64,8.8522282,success
c945995d.qasm,1024,scarlet_quantum_rings,single,512,341.6206724,success
c95f41f8.qasm,1024,scarlet_quantum_rings,single,16,0.1763965,success
c95f41f8.qasm,1024,scarlet_quantum_rings,single,64,0.4365802,success
c95f41f8.qasm,1024,scarlet_quantum_rings,single,512,0.1773677,success
c96fe790.qasm,1024,scarlet_quantum_rings,single,16,291.6478196,success
c96fe790.qasm,1024,scarlet_quantum_rings,single,64,29.968278,success
c96fe790.qasm,1024,scarlet_quantum_rings,single,512,292.8521849,success
c999af32.qasm,1024,scarlet_quantum_rings,single,16,1.1311006,success
c999af32.qasm,1024,scarlet_quantum_rings,single,64,5.0753012,success
c999af32.qasm,1024,scarlet_quantum_rings,single,512,144.1669223,success
ca0a2ce5.qasm,1024,scarlet_quantum_rings,single,16,3.3426185,success
ca0a2ce5.qasm,1024,scarlet_quantum_rings,single,64,0.1686469,success
ca634f4d.qasm,1024,scarlet_quantum_rings,single,16,1.1346432,success
ca634f4d.qasm,1024,scarlet_quantum_rings,single,64,2.3053915,success
ca634f4d.qasm,1024,scarlet_quantum_rings,single,512,24.0285262,success
ca8c6d9a.qasm,1024,scarlet_quantum_rings,single,16,2.1916357,success
ca8c6d9a.qasm,1024,scarlet_quantum_rings,single,64,12.6761504,success
ca8c6d9a.qasm,1024,scarlet_quantum_rings,single,512,522.5552257,success
ca980007.qasm,1024,scarlet_quantum_rings,single,16,1.3004284,success
ca980007.qasm,1024,scarlet_quantum_rings,single,64,6.5013756,success
ca980007.qasm,1024,scarlet_quantum_rings,single,512,203.2160267,success
cab2b6e9.qasm,1024,scarlet_quantum_rings,single,16,1.5307986,success
cab2b6e9.qasm,1024,scarlet_quantum_rings,single,64,6.8686035,success
cab2b6e9.qasm,1024,scarlet_quantum_rings,single,512,204.0115588,success
cb2b300f.qasm,1024,scarlet_quantum_rings,single,16,1.648719,success
cb2b300f.qasm,1024,scarlet_quantum_rings,single,64,8.9312101,success
cb2b300f.qasm,1024,scarlet_quantum_rings,single,512,336.9242883,success
cc5bc6eb.qasm,1024,scarlet_quantum_rings,single,16,0.2399815,success
cc5bc6eb.qasm,1024,scarlet_quantum_rings,single,64,1.4279914,success
cc5bc6eb.qasm,1024,scarlet_quantum_rings,single,512,0.2081356,success
ccfd978a.qasm,1024,scarlet_quantum_rings,single,16,42.3422714,success
ccfd978a.qasm,1024,scarlet_quantum_rings,single,64,2.7107435,success
cd51d9b8.qasm,1024,scarlet_quantum_rings,single,16,1.7485021,success
cd51d9b8.qasm,1024,scarlet_quantum_rings,single,64,13.2100562,success
cd51d9b8.qasm,1024,scarlet_quantum_rings,single,512,574.3465174,success
cd592018.qasm,1024,scarlet_quantum_rings,single,16,2.3526015,success
cd592018.qasm,1024,scarlet_quantum_rings,single,64,16.3234668,success
cd592018.qasm,1024,scarlet_quantum_rings,single,512,666.1303829,success
cd5b55b6.qasm,1024,scarlet_quantum_rings,single,16,0.256669,success
cd5b55b6.qasm,1024,scarlet_quantum_rings,single,64,0.1625885,success
cd5b55b6.qasm,1024,scarlet_quantum_rings,single,512,0.2338264,success
ce4f4dde.qasm,1024,scarlet_quantum_rings,single,16,0.1818813,success
ce4f4dde.qasm,1024,scarlet_quantum_rings,single,64,4.0506739,success
ce4f4dde.qasm,1024,scarlet_quantum_rings,single,512,0.1800354,success
ce7207a3.qasm,1024,scarlet_quantum_rings,single,16,3.4724855,success
ce7207a3.qasm,1024,scarlet_quantum_rings,single,64,0.1853343,success
cee426fe.qasm,1024,scarlet_quantum_rings,single,16,60.8826121,success
cee426fe.qasm,1024,scarlet_quantum_rings,single,64,142.5602665,success
cee426fe.qasm,1024,scarlet_quantum_rings,single,512,11992.3099161,success
cf2c4cc9.qasm,1024,scarlet_quantum_rings,single,16,0.1780009,success
cf2c4cc9.qasm,1024,scarlet_quantum_rings,single,64,0.3343455,success
cf2c4cc9.qasm,1024,scarlet_quantum_rings,single,512,0.1702461,success
cf5bfeb1.qasm,1024,scarlet_quantum_rings,single,16,2.2799182,success
cf5bfeb1.qasm,1024,scarlet_quantum_rings,single,64,13.0794536,success
cf5bfeb1.qasm,1024,scarlet_quantum_rings,single,512,361.0046806,success
d168a391.qasm,1024,scarlet_quantum_rings,single,16,0.1714008,success
d168a391.qasm,1024,scarlet_quantum_rings,single,64,2.6421047,success
d168a391.qasm,1024,scarlet_quantum_rings,single,512,0.1630537,success
d20d9d2e.qasm,1024,scarlet_quantum_rings,single,16,7.2601546,success
d20d9d2e.qasm,1024,scarlet_quantum_rings,single,64,0.2104846,success
d21812d8.qasm,1024,scarlet_quantum_rings,single,16,5.7262912,success
d21812d8.qasm,1024,scarlet_quantum_rings,single,64,0.1726025,success
d2ffaf7e.qasm,1024,scarlet_quantum_rings,single,16,0.2321556,success
d2ffaf7e.qasm,1024,scarlet_quantum_rings,single,64,2.5454339,success
d2ffaf7e.qasm,1024,scarlet_quantum_rings,single,512,0.2593566,success
d3f98c63.qasm,1024,scarlet_quantum_rings,single,16,2.2281586,success
d3f98c63.qasm,1024,scarlet_quantum_rings,single,64,13.0299189,success
d3f98c63.qasm,1024,scarlet_quantum_rings,single,512,562.6930221,success
d3f998bc.qasm,1024,scarlet_quantum_rings,single,16,1.6935747,success
d3f998bc.qasm,1024,scarlet_quantum_rings,single,64,12.2350033,success
d3f998bc.qasm,1024,scarlet_quantum_rings,single,512,467.8785964,success
d49ba491.qasm,1024,scarlet_quantum_rings,single,16,1.0047482,success
d49ba491.qasm,1024,scarlet_quantum_rings,single,64,4.3270887,success
d49ba491.qasm,1024,scarlet_quantum_rings,single,512,96.860975,success
d4a7f2c7.qasm,1024,scarlet_quantum_rings,single,16,0.560587,success
d4a7f2c7.qasm,1024,scarlet_quantum_rings,single,64,1.1167891,success
d4a7f2c7.qasm,1024,scarlet_quantum_rings,single,512,2.7529107,success
d706049b.qasm,1024,scarlet_quantum_rings,single,16,0.2326287,success
d706049b.qasm,1024,scarlet_quantum_rings,single,64,1.7873514,success
d70a0bd6.qasm,1024,scarlet_quantum_rings,single,16,580.3384012,success
d70a0bd6.qasm,1024,scarlet_quantum_rings,single,64,50.607107,success
d70a0bd6.qasm,1024,scarlet_quantum_rings,single,512,,timeout
d7fe8918.qasm,1024,scarlet_quantum_rings,single,16,178.3645599,success
d7fe8918.qasm,1024,scarlet_quantum_rings,single,64,70.2624963,success
d7fe8918.qasm,1024,scarlet_quantum_rings,single,512,177.6785141,success
d87e1b4b.qasm,1024,scarlet_quantum_rings,single,16,0.1730072,success
d87e1b4b.qasm,1024,scarlet_quantum_rings,single,64,10.5632929,success
d87e1b4b.qasm,1024,scarlet_quantum_rings,single,512,0.1801242,success
d9b603b5.qasm,1024,scarlet_quantum_rings,single,16,1.2477177,success
d9b603b5.qasm,1024,scarlet_quantum_rings,single,64,3.4265954,success
d9b603b5.qasm,1024,scarlet_quantum_rings,single,512,71.4677438,success
d9c77e07.qasm,1024,scarlet_quantum_rings,single,16,0.1766356,success
d9c77e07.qasm,1024,scarlet_quantum_rings,single,64,0.176099,success
d9c77e07.qasm,1024,scarlet_quantum_rings,single,512,0.1867367,success
da0e58a0.qasm,1024,scarlet_quantum_rings,single,16,5.1639065,success
da0e58a0.qasm,1024,scarlet_quantum_rings,single,64,0.3444672,success
da213329.qasm,1024,scarlet_quantum_rings,single,16,2.1257089,success
da213329.qasm,1024,scarlet_quantum_rings,single,64,12.1394822,success
da213329.qasm,1024,scarlet_quantum_rings,single,512,495.734152,success
da3a2f77.qasm,1024,scarlet_quantum_rings,single,16,2.3491533,success
da3a2f77.qasm,1024,scarlet_quantum_rings,single,64,18.0994781,success
da3a2f77.qasm,1024,scarlet_quantum_rings,single,512,815.094525,success
da4d0871.qasm,1024,scarlet_quantum_rings,single,16,56.5424679,success
da4d0871.qasm,1024,scarlet_quantum_rings,single,64,3.6433298,success
da505823.qasm,1024,scarlet_quantum_rings,single,16,1.3033438,success
da505823.qasm,1024,scarlet_quantum_rings,single,64,6.5001772,success
da505823.qasm,1024,scarlet_quantum_rings,single,512,202.880124,success
da601912.qasm,1024,scarlet_quantum_rings,single,16,136.5321792,success
da601912.qasm,1024,scarlet_quantum_rings,single,64,15.8334686,success
da601912.qasm,1024,scarlet_quantum_rings,single,512,6845.3653931,success
dae23358.qasm,1024,scarlet_quantum_rings,single,16,1.3884339,success
dae23358.qasm,1024,scarlet_quantum_rings,single,64,5.7483908,success
dae23358.qasm,1024,scarlet_quantum_rings,single,512,133.9679896,success
db12c1f0.qasm,1024,scarlet_quantum_rings,single,16,4.704939,success
db12c1f0.qasm,1024,scarlet_quantum_rings,single,64,0.5786665,success
db12c1f0.qasm,1024,scarlet_quantum_rings,single,512,4.6964082,success
db6ca211.qasm,1024,scarlet_quantum_rings,single,16,0.2941825,success
db6ca211.qasm,1024,scarlet_quantum_rings,single,64,9.5803355,success
db6ca211.qasm,1024,scarlet_quantum_rings,single,512,0.2892399,success
dbcc99b4.qasm,1024,scarlet_quantum_rings,single,16,0.1661296,success
dbcc99b4.qasm,1024,scarlet_quantum_rings,single,64,1.0593415,success
dbcc99b4.qasm,1024,scarlet_quantum_rings,single,512,0.1705503,success
dc86453a.qasm,1024,scarlet_quantum_rings,single,16,81.2021633,success
dc86453a.qasm,1024,scarlet_quantum_rings,single,64,13.8824137,success
dc86453a.qasm,1024,scarlet_quantum_rings,single,512,232.4684939,success
de690b52.qasm,1024,scarlet_quantum_rings,single,16,1.2104143,success
de690b52.qasm,1024,scarlet_quantum_rings,single,64,4.174748,success
de690b52.qasm,1024,scarlet_quantum_rings,single,512,92.0933402,success
deb00fe1.qasm,1024,scarlet_quantum_rings,single,16,0.1679924,success
deb00fe1.qasm,1024,scarlet_quantum_rings,single,64,0.5832587,success
deb00fe1.qasm,1024,scarlet_quantum_rings,single,512,0.196166,success
df1a7a89.qasm,1024,scarlet_quantum_rings,single,16,,timeout
df1a7a89.qasm,1024,scarlet_quantum_rings,single,512,,timeout
df43c2c2.qasm,1024,scarlet_quantum_rings,single,16,1.8799254,success
df43c2c2.qasm,1024,scarlet_quantum_rings,single,64,11.3939042,success
df43c2c2.qasm,1024,scarlet_quantum_rings,single,512,464.5924748,success
df458745.qasm,1024,scarlet_quantum_rings,single,16,1.3833654,success
df458745.qasm,1024,scarlet_quantum_rings,single,64,2.1396599,success
df458745.qasm,1024,scarlet_quantum_rings,single,512,1.372099,success
df75e229.qasm,1024,scarlet_quantum_rings,single,16,2.3211752,success
df75e229.qasm,1024,scarlet_quantum_rings,single,64,16.271501,success
df75e229.qasm,1024,scarlet_quantum_rings,single,512,651.6184143,success
e10d312f.qasm,1024,scarlet_quantum_rings,single,16,7.8625378,success
e10d312f.qasm,1024,scarlet_quantum_rings,single,64,7.6983357,success
e10d312f.qasm,1024,scarlet_quantum_rings,single,512,7.8526391,success
e260fc6a.qasm,1024,scarlet_quantum_rings,single,16,0.1742876,success
e260fc6a.qasm,1024,scarlet_quantum_rings,single,64,0.369846,success
e260fc6a.qasm,1024,scarlet_quantum_rings,single,512,0.1705179,success
e3863462.qasm,1024,scarlet_quantum_rings,single,16,9.1420229,success
e3863462.qasm,1024,scarlet_quantum_rings,single,64,36.236887,success
e3863462.qasm,1024,scarlet_quantum_rings,single,512,3105.451481,success
e3b97044.qasm,1024,scarlet_quantum_rings,single,16,2.6052131,success
e3b97044.qasm,1024,scarlet_quantum_rings,single,64,18.3742898,success
e3b97044.qasm,1024,scarlet_quantum_rings,single,512,703.2050625,success
e4a4359e.qasm,1024,scarlet_quantum_rings,single,16,137.7701207,success
e4a4359e.qasm,1024,scarlet_quantum_rings,single,64,6.0091114,success
e4b50619.qasm,1024,scarlet_quantum_rings,single,16,0.1756429,success
e4b50619.qasm,1024,scarlet_quantum_rings,single,64,0.2854015,success
e4b50619.qasm,1024,scarlet_quantum_rings,single,512,0.1787359,success
e61acd2b.qasm,1024,scarlet_quantum_rings,single,16,0.5875065,success
e61acd2b.qasm,1024,scarlet_quantum_rings,single,64,0.340524,success
e61acd2b.qasm,1024,scarlet_quantum_rings,single,512,0.3418323,success
e66c3381.qasm,1024,scarlet_quantum_rings,single,16,2.1967006,success
e66c3381.qasm,1024,scarlet_quantum_rings,single,64,12.6856796,success
e66c3381.qasm,1024,scarlet_quantum_rings,single,512,524.5309874,success
e698c12d.qasm,1024,scarlet_quantum_rings,single,16,0.2237025,success
e698c12d.qasm,1024,scarlet_quantum_rings,single,64,0.1696466,success
e7296260.qasm,1024,scarlet_quantum_rings,single,16,2.4096041,success
e7296260.qasm,1024,scarlet_quantum_rings,single,64,18.1512398,success
e7296260.qasm,1024,scarlet_quantum_rings,single,512,839.2742018,success
e751ad87.qasm,1024,scarlet_quantum_rings,single,16,6.0302502,success
e751ad87.qasm,1024,scarlet_quantum_rings,single,64,3.9561276,success
e751ad87.qasm,1024,scarlet_quantum_rings,single,512,5.8737042,success
e7540ce6.qasm,1024,scarlet_quantum_rings,single,16,2.967996,success
e7540ce6.qasm,1024,scarlet_quantum_rings,single,64,23.4620136,success
e7540ce6.qasm,1024,scarlet_quantum_rings,single,512,1121.9413081,success
e815593a.qasm,1024,scarlet_quantum_rings,single,16,0.1872426,success
e815593a.qasm,1024,scarlet_quantum_rings,single,64,0.2779193,success
e815593a.qasm,1024,scarlet_quantum_rings,single,512,0.1756265,success
e893b1a5.qasm,1024,scarlet_quantum_rings,single,16,29.4305108,success
e893b1a5.qasm,1024,scarlet_quantum_rings,single,64,2.0071979,success
ea801020.qasm,1024,scarlet_quantum_rings,single,16,309.4653601,success
ea801020.qasm,1024,scarlet_quantum_rings,single,64,36.0080199,success
ea801020.qasm,1024,scarlet_quantum_rings,single,512,230.8000527,success
eb153d64.qasm,1024,scarlet_quantum_rings,single,16,0.181782,success
eb153d64.qasm,1024,scarlet_quantum_rings,single,64,4.8830567,success
eb153d64.qasm,1024,scarlet_quantum_rings,single,512,0.1738596,success
ebb0ac17.qasm,1024,scarlet_quantum_rings,single,16,1.1353584,success
ebb0ac17.qasm,1024,scarlet_quantum_rings,single,64,1.2178021,success
ebb0ac17.qasm,1024,scarlet_quantum_rings,single,512,3.070161,success
ebc18fd7.qasm,1024,scarlet_quantum_rings,single,16,7.6774203,success
ebc18fd7.qasm,1024,scarlet_quantum_rings,single,64,2.5845105,success
ebc18fd7.qasm,1024,scarlet_quantum_rings,single,512,7.634144,success
ebc3e166.qasm,1024,scarlet_quantum_rings,single,16,5179.4789079,success
ebc3e166.qasm,1024,scarlet_quantum_rings,single,64,595.4877102,success
ebc3e166.qasm,1024,scarlet_quantum_rings,single,512,,timeout
ec70915a.qasm,1024,scarlet_quantum_rings,single,16,1.0359822,success
ec70915a.qasm,1024,scarlet_quantum_rings,single,64,6.3906656,success
ec70915a.qasm,1024,scarlet_quantum_rings,single,512,196.3373207,success
eca6fb66.qasm,1024,scarlet_quantum_rings,single,16,2.0567893,success
eca6fb66.qasm,1024,scarlet_quantum_rings,single,64,12.525143,success
eca6fb66.qasm,1024,scarlet_quantum_rings,single,512,519.2628031,success
ed52defd.qasm,1024,scarlet_quantum_rings,single,16,0.5929218,success
ed52defd.qasm,1024,scarlet_quantum_rings,single,64,0.4510283,success
ed52defd.qasm,1024,scarlet_quantum_rings,single,512,0.4499749,success
eefd994e.qasm,1024,scarlet_quantum_rings,single,16,2.240148,success
eefd994e.qasm,1024,scarlet_quantum_rings,single,64,13.1561919,success
eefd994e.qasm,1024,scarlet_quantum_rings,single,512,565.6982321,success
ef8d10d7.qasm,1024,scarlet_quantum_rings,single,16,3.2810825,success
ef8d10d7.qasm,1024,scarlet_quantum_rings,single,64,0.3767518,success
ef8d10d7.qasm,1024,scarlet_quantum_rings,single,512,630.5900888,success
efafd44f.qasm,1024,scarlet_quantum_rings,single,16,4.6616661,success
efafd44f.qasm,1024,scarlet_quantum_rings,single,64,3.6616828,success
efafd44f.qasm,1024,scarlet_quantum_rings,single,512,4.7884434,success
f030e083.qasm,1024,scarlet_quantum_rings,single,16,18.2983299,success
f030e083.qasm,1024,scarlet_quantum_rings,single,64,89.5138261,success
f030e083.qasm,1024,scarlet_quantum_rings,single,512,6472.4911644,success
f05a6196.qasm,1024,scarlet_quantum_rings,single,16,104.7265023,success
f05a6196.qasm,1024,scarlet_quantum_rings,single,64,12.8204187,success
f05a6196.qasm,1024,scarlet_quantum_rings,single,512,104.1241767,success
f0c5e28f.qasm,1024,scarlet_quantum_rings,single,16,0.1777949,success
f0c5e28f.qasm,1024,scarlet_quantum_rings,single,64,0.1661819,success
f0c5e28f.qasm,1024,scarlet_quantum_rings,single,512,0.1739449,success
f0e878db.qasm,1024,scarlet_quantum_rings,single,16,2.1514548,success
f0e878db.qasm,1024,scarlet_quantum_rings,single,64,13.3382501,success
f0e878db.qasm,1024,scarlet_quantum_rings,single,512,505.6558381,success
f0e91b40.qasm,1024,scarlet_quantum_rings,single,16,1.7400719,success
f0e91b40.qasm,1024,scarlet_quantum_rings,single,64,8.277378,success
f0e91b40.qasm,1024,scarlet_quantum_rings,single,512,402.4557177,success
f1167cc3.qasm,1024,scarlet_quantum_rings,single,16,1.4061182,success
f1167cc3.qasm,1024,scarlet_quantum_rings,single,64,5.7188014,success
f1167cc3.qasm,1024,scarlet_quantum_rings,single,512,134.1967482,success
f163436d.qasm,1024,scarlet_quantum_rings,single,16,0.1814544,success
f163436d.qasm,1024,scarlet_quantum_rings,single,64,0.2191586,success
f1bcea54.qasm,1024,scarlet_quantum_rings,single,16,1.8772476,success
f1bcea54.qasm,1024,scarlet_quantum_rings,single,64,10.6506547,success
f1bcea54.qasm,1024,scarlet_quantum_rings,single,512,446.2009766,success
f27a09cf.qasm,1024,scarlet_quantum_rings,single,16,0.177527,success
f27a09cf.qasm,1024,scarlet_quantum_rings,single,64,9.6810114,success
f2a5a67a.qasm,1024,scarlet_quantum_rings,single,16,0.4595018,success
f2a5a67a.qasm,1024,scarlet_quantum_rings,single,64,0.341567,success
f2a5a67a.qasm,1024,scarlet_quantum_rings,single,512,0.3407394,success
f5398281.qasm,1024,scarlet_quantum_rings,single,16,2.3567967,success
f5398281.qasm,1024,scarlet_quantum_rings,single,64,18.2032992,success
f5398281.qasm,1024,scarlet_quantum_rings,single,512,322.2864782,success
f5aeb6f0.qasm,1024,scarlet_quantum_rings,single,16,2.2514043,success
f5aeb6f0.qasm,1024,scarlet_quantum_rings,single,64,12.6472618,success
f5aeb6f0.qasm,1024,scarlet_quantum_rings,single,512,525.0129456,success
f5d72dae.qasm,1024,scarlet_quantum_rings,single,16,0.2802252,success
f5d72dae.qasm,1024,scarlet_quantum_rings,single,64,2.0205184,success
f5d72dae.qasm,1024,scarlet_quantum_rings,single,512,34.9589754,success
f67ec297.qasm,1024,scarlet_quantum_rings,single,16,1.3940487,success
f67ec297.qasm,1024,scarlet_quantum_rings,single,64,7.96335,success
f67ec297.qasm,1024,scarlet_quantum_rings,single,512,284.6133112,success
f7ff0727.qasm,1024,scarlet_quantum_rings,single,16,0.1900845,success
f7ff0727.qasm,1024,scarlet_quantum_rings,single,64,0.172657,success
f8a38627.qasm,1024,scarlet_quantum_rings,single,16,168.1454513,success
f8a38627.qasm,1024,scarlet_quantum_rings,single,64,293.6294401,success
f8a38627.qasm,1024,scarlet_quantum_rings,single,512,13907.1177314,success
f8d235ae.qasm,1024,scarlet_quantum_rings,single,16,0.1790703,success
f8d235ae.qasm,1024,scarlet_quantum_rings,single,64,0.2438151,success
f98536e0.qasm,1024,scarlet_quantum_rings,single,16,0.1788549,success
f98536e0.qasm,1024,scarlet_quantum_rings,single,64,0.1664448,success
f9fee41b.qasm,1024,scarlet_quantum_rings,single,16,2.5416661,success
f9fee41b.qasm,1024,scarlet_quantum_rings,single,64,18.3950709,success
f9fee41b.qasm,1024,scarlet_quantum_rings,single,512,708.6173386,success
fabdaac7.qasm,1024,scarlet_quantum_rings,single,16,0.173836,success
fabdaac7.qasm,1024,scarlet_quantum_rings,single,64,1.2635249,success
fabdaac7.qasm,1024,scarlet_quantum_rings,single,512,0.1686687,success
fadf1f0d.qasm,1024,scarlet_quantum_rings,single,16,189.9048099,success
fadf1f0d.qasm,1024,scarlet_quantum_rings,single,64,6.8785139,success
fb107df5.qasm,1024,scarlet_quantum_rings,single,16,17.8465127,success
fb107df5.qasm,1024,scarlet_quantum_rings,single,64,11.9524327,success
fb107df5.qasm,1024,scarlet_quantum_rings,single,512,18.1957599,success
fb7e6eb0.qasm,1024,scarlet_quantum_rings,single,16,3.5610048,success
fb7e6eb0.qasm,1024,scarlet_quantum_rings,single,64,13.2631154,success
fb7e6eb0.qasm,1024,scarlet_quantum_rings,single,512,543.1701861,success
fb8a2851.qasm,1024,scarlet_quantum_rings,single,16,0.1633197,success
fb8a2851.qasm,1024,scarlet_quantum_rings,single,64,1.2676421,success
fb8a2851.qasm,1024,scarlet_quantum_rings,single,512,0.1731245,success
fb9223a1.qasm,1024,scarlet_quantum_rings,single,16,0.1798739,success
fb9223a1.qasm,1024,scarlet_quantum_rings,single,64,0.1664083,success
fb9223a1.qasm,1024,scarlet_quantum_rings,single,512,0.1863105,success
fb9be929.qasm,1024,scarlet_quantum_rings,single,16,0.2353189,success
fb9be929.qasm,1024,scarlet_quantum_rings,single,64,0.1624003,success
fb9be929.qasm,1024,scarlet_quantum_rings,single,512,0.2252247,success
fbcf0ea3.qasm,1024,scarlet_quantum_rings,single,16,2.0731039,success
fbcf0ea3.qasm,1024,scarlet_quantum_rings,single,64,12.5101245,success
fbcf0ea3.qasm,1024,scarlet_quantum_rings,single,512,498.2115381,success
fbdc2a1f.qasm,1024,scarlet_quantum_rings,single,16,0.5656909,success
fbdc2a1f.qasm,1024,scarlet_quantum_rings,single,64,0.4538723,success
fbdc2a1f.qasm,1024,scarlet_quantum_rings,single,512,0.4505086,success
fbe1d41c.qasm,1024,scarlet_quantum_rings,single,16,0.222654,success
fbe1d41c.qasm,1024,scarlet_quantum_rings,single,64,0.1667608,success
fbe1d41c.qasm,1024,scarlet_quantum_rings,single,512,0.2139725,success
fc1ce5ab.qasm,1024,scarlet_quantum_rings,single,16,62.1942227,success
fc1ce5ab.qasm,1024,scarlet_quantum_rings,single,64,3.1473689,success
fc330f35.qasm,1024,scarlet_quantum_rings,single,16,1.8849809,success
fc330f35.qasm,1024,scarlet_quantum_rings,single,64,11.3087631,success
fc330f35.qasm,1024,scarlet_quantum_rings,single,512,463.7660308,success
fc56714f.qasm,1024,scarlet_quantum_rings,single,16,0.1707354,success
fc56714f.qasm,1024,scarlet_quantum_rings,single,64,0.1801617,success
fc56714f.qasm,1024,scarlet_quantum_rings,single,512,0.1801311,success
fc5872f2.qasm,1024,scarlet_quantum_rings,single,16,440.7522683,success
fc5872f2.qasm,1024,scarlet_quantum_rings,single,64,97.4429289,success
fc5872f2.qasm,1024,scarlet_quantum_rings,single,512,3531.1551545,success
fc66bdd4.qasm,1024,scarlet_quantum_rings,single,16,0.7283128,success
fc66bdd4.qasm,1024,scarlet_quantum_rings,single,64,1.3749575,success
fc66bdd4.qasm,1024,scarlet_quantum_rings,single,512,0.727108,success
fdf0b97e.qasm,1024,scarlet_quantum_rings,single,16,1.9983464,success
fdf0b97e.qasm,1024,scarlet_quantum_rings,single,64,11.4593518,success
fdf0b97e.qasm,1024,scarlet_quantum_rings,single,512,436.8495151,success
ffe82f32.qasm,1024,scarlet_quantum_rings,single,16,0.2051507,success
ffe82f32.qasm,1024,scarlet_quantum_rings,single,64,1.3167689,success
