filename,probe_usable,qubits,ops,depth,oneq,twoq,multiq,cx,swap,measure,reset,custom_calls,control,twoq_density,log_qasm_chars,name_ccx,name_cp,name_rx,name_ry,name_rz,name_u,name_u1,name_u2,name_u3,name_h,name_x,name_t,name_tdg,name_cz,name_swap,name_reset,name_barrier,qasm3,span_mean,span_max,bound_max_log2,bound_mean_log2,struct_logcost_16,struct_frac_bonds_ge_16,struct_logcost_64,struct_frac_bonds_ge_64,struct_logcost_512,struct_frac_bonds_ge_512,probe_ok,probe_frac_ops_done,probe_twoq_done,probe_frac_bonds_saturated,probe_mean_log2_bond,probe_max_entropy,probe_discarded,probe_log_discarded,probe_trunc_frac,probe_first_sat_frac,probe_log_flops
0071a13b.qasm,1,49,14539,502,12145,2394,0,2394,0,0,0,0,0,0.16466056812710642,12.645533300896297,0.0,0.0,0.054883081155433285,0.1434662998624484,0.14731774415405777,0.0,0.0,0.016162310866574967,0.21953232462173314,0.0,0.0,0.0,0.0,0.0,0.0,0.0,0.0,0.0,3.4022556390977443,9.0,23.0,12.0,7.5067673292828125,0.8695652173913043,9.284330870504679,0.782608695652174,11.94596520567462,0.6521739130434783,1,0.4515374561463851,1076,0.8695652173913043,3.739130434782609,3.939935315380753,13.20914329293612,1.120874651436236,0.5717480432351845,0.1558061821219716,8.02977760157584
00c20ece.qasm,1,258,9678,41,9678,0,0,0,0,256,0,0,32640,0.0,13.674893550124814,0.0,0.0,0.0,0.0,0.0,0.0,0.0,0.0,0.0,0.006049435228507963,0.0,0.0,0.0,0.0,0.0,0.0,0.0,1.0,0.0,0.0,0.0,0.0,0.0,0.0,0.0,0.0,0.0,0.0,1,1.0,0,0.0,0.0,0.0,0.0,-12.0,0.0,1.0,0.0
03042ac9.qasm,1,49,14539,502,12145,2394,0,2394,0,0,0,0,0,0.16466056812710642,12.646106638153476,0.0,0.0,0.054883081155433285,0.14401650618982118,0.14731774415405777,0.0,0.0,0.016574965612104538,0.21953232462173314,0.0,0.0,0.0,0.0,0.0,0.0,0.0,0.0,0.0,3.4022556390977443,9.0,23.0,12.0,7.5067673292828125,0.8695652173913043,9.284330870504679,0.782608695652174,11.94596520567462,0.6521739130434783,1,0.45270688587741625,1080,0.8695652173913043,3.739130434782609,3.9069503226571802,13.592121793201876,1.1332872574059392,0.5758582502768549,0.1558061821219716,8.036601244133786
03934028.qasm,1,128,655183,185144,326173,189876,139134,188358,0,128,0,138384,0,0.2898060541863876,16.454107495901262,3.9281926385669956e-05,0.0,0.0,0.0,0.0,0.0,0.0014534312762697883,0.15673488627882312,0.0,0.027418784617197628,0.012963035707271085,0.15135326236398633,0.15084259732097263,0.0,0.0,0.0,3.9281926385669956e-05,1.0,30.003503532249727,127.0,64.0,32.25196850393701,10.233201037475562,0.952755905511811,12.039162047075724,0.9212598425196851,14.747885855721956,0.8740157480314961,1,0.0007025,172,0.0,1.2823042326412033,1.5000000000000782,0.0,-12.0,0.0,1.0,6.350589309457001
03ee478e.qasm,1,34,98,34,67,31,0,31,0,32,0,0,0,0.3163265306122449,8.47261414801827,0.0,0.0,0.0,0.32653061224489793,0.0,0.0,0.0,0.0,0.32653061224489793,0.0,0.0,0.0,0.0,0.0,0.0,0.0,0.01020408163265306,1.0,1.0,1.0,1.0,1.0,2.3961993470957363,0.0,2.3961993470957363,0.0,2.3961993470957363,0.0,1,1.0,31,0.0,1.0,0.996768335141563,0.0,-12.0,0.0,1.0,2.6893088591236203
04276362.qasm,1,8,35,22,25,10,0,0,0,3,0,0,0,0.2857142857142857,7.001245622069476,0.0,0.0,0.0,0.0,0.0,0.0,0.0,0.0,0.575,0.0,0.0,0.0,0.0,0.25,0.0,0.0,0.0,0.0,1.0,1.0,1.0,1.0,1.9084850188786497,0.0,1.9084850188786497,0.0,1.9084850188786497,0.0,1,1.0,10,0.0,0.0,1.0,0.0,-12.0,0.0,1.0,1.9084850188786497
0491d461.qasm,1,18,4402,500,3682,720,0,720,0,0,0,0,0,0.1635620172648796,11.42514288158647,0.0,0.0,0.05450828980240745,0.14490120372473314,0.14671814671814673,0.0,0.0,0.018169429934135818,0.2180331592096298,0.0,0.0,0.0,0.0,0.0,0.0,0.0,0.0,0.0,2.2,4.0,8.0,4.266666666666667,6.721912872518784,0.6,8.397169201060864,0.3333333333333333,9.922793014276012,0.0,1,1.0,720,0.6,3.2,3.8975443798783735,7.880626657542054,0.8965607534149406,0.44362745098039214,0.2263888888888889,7.590886676881308
0525d9ee.qasm,1,18,4402,500,3682,720,0,720,0,0,0,0,0,0.1635620172648796,11.423897510599963,0.0,0.0,0.05450828980240745,0.14490120372473314,0.14671814671814673,0.0,0.0,0.01680672268907563,0.2180331592096298,0.0,0.0,0.0,0.0,0.0,0.0,0.0,0.0,0.0,2.2,4.0,8.0,4.266666666666667,6.721912872518784,0.6,8.397169201060864,0.3333333333333333,9.922793014276012,0.0,1,1.0,720,0.6,3.2,3.884112183739745,8.267537051616875,0.9173761499149974,0.44362745098039214,0.2263888888888889,7.590886676881308
0534bf07.qasm,1,256,2295631,296112,1144861,577716,573054,574662,0,256,0,571536,0,0.25165891208125346,17.760405976353137,4.016548178495401e-05,0.0,0.0,0.0,0.0,0.0,0.0014459573442583444,0.15700686829738522,0.0,0.027312527613768726,0.010804514600152628,0.15098204602964213,0.1506607221753625,0.0,0.0,0.0,4.016548178495401e-05,1.0,56.677612502353604,255.0,128.0,64.25098039215686,10.488821203930952,0.9764705882352941,12.294946129246858,0.9607843137254902,15.004077806706206,0.9372549019607843,1,0.0004225,148,0.0,1.2874126964375951,1.500000000000027,0.0,-12.0,0.0,1.0,5.989980347298266
055dc894.qasm,1,58,3118,110,1178,1940,0,0,0,0,0,0,0,0.622193713919179,11.611901644052832,0.0,0.0,0.37704392433472267,0.0,0.0,0.0,0.0,0.0,0.0,0.0,0.0,0.0,0.0,0.0,0.0,0.0,0.0,0.0,4.030927835051546,7.0,28.0,14.254545454545454,7.498043456394878,0.8909090909090909,9.29887976549527,0.8181818181818182,11.95371218365709,0.7090909090909091,1,0.2814505776636714,539,0.8909090909090909,3.7818181818181817,2.157614907746454,5.012044602321933,0.7000149271378626,0.8155019059720457,0.002577319587628866,8.040988243748311
056c2b99.qasm,1,14,3302,499,2762,540,0,540,0,0,0,0,0,0.16353725015142337,11.128189025837498,0.0,0.0,0.05449591280653951,0.14471692400847713,0.14532243415077203,0.0,0.0,0.01786254919769906,0.21798365122615804,0.0,0.0,0.0,0.0,0.0,0.0,0.0,0.0,0.0,2.2,4.0,6.0,3.272727272727273,6.59585155857729,0.45454545454545453,8.118847410925092,0.09090909090909091,8.118847410925092,0.0,1,1.0,540,0.45454545454545453,2.909090909090909,3.874061014482648,5.064555538609007,0.7045413380282243,0.28540305010893247,0.2574074074074074,7.318174086812267
058c7d32.qasm,1,34,2018,173,1634,384,0,384,0,16,0,0,0,0.19028741328047571,10.696412192459125,0.0,0.0,0.25147347740667975,0.14145383104125736,0.15717092337917485,0.0,0.0,0.0,0.25147347740667975,0.0,0.0,0.0,0.0,0.0,0.0,0.0,0.0,0.0,1.875,15.0,8.0,4.266666666666667,6.35793046593753,0.6,8.082720964335282,0.3333333333333333,9.807200688629726,0.0,1,1.0,384,0.6,3.2,1.871811518983734,0.003533094303207916,-2.4518447703629116,0.11647727272727272,0.9791666666666666,6.676681997806645
067475b0.qasm,1,34,9270,501,7749,1521,0,1521,0,0,0,0,0,0.16407766990291262,12.19084732635709,0.0,0.0,0.05468665731852012,0.14432100097076905,0.14647826555927085,0.0,0.0,0.016826663790313882,0.21874662927408048,0.0,0.0,0.0,0.0,0.0,0.0,0.0,0.0,0.0,2.9585798816568047,7.0,16.0,8.258064516129032,7.2464142988079985,0.8064516129032258,8.992740902199253,0.6774193548387096,11.636295798256512,0.4838709677419355,1,0.7128830384117393,1079,0.8064516129032258,3.6129032258064515,3.9275889766048757,12.854461964752936,1.109053903567093,0.5997227173697762,0.1663379355687048,8.032043084321794
06857ab2.qasm,1,32,70630,17810,50879,19751,0,15911,0,0,0,0,0,0.2796403794421634,13.858480005056853,0.0,0.0,0.14869745411486088,0.0,0.04937833037300177,0.0,0.0,0.0,0.0,0.2723208999407934,0.0,0.0,0.0,0.0,0.0,0.0,0.0,0.0,10.379120044554707,29.0,15.0,7.758620689655173,8.922336035737436,0.7931034482758621,10.723927958742296,0.6551724137931034,13.416932445636402,0.4482758620689655,1,0.014257801438522965,280,0.5862068965517241,3.385169827635942,4.000000000000001,18.5399370510119,1.26810825524299,0.16872825666795516,0.0026834084350159486,8.061531070982998
06a7dabf.qasm,1,43,12109,501,10120,1989,0,1989,0,0,0,0,0,0.16425798992484927,12.460005309904263,0.0,0.0,0.054748142031379024,0.14475639966969447,0.14649050371593725,0.0,0.0,0.016350123864574732,0.2189925681255161,0.0,0.0,0.0,0.0,0.0,0.0,0.0,0.0,0.0,3.248868778280543,8.0,20.0,10.5,7.399939978290751,0.85,9.180864032609222,0.75,11.831790934390213,0.6,1,0.49425951928636325,973,0.85,3.7,3.919377225552811,11.836609848712706,1.0732273328917812,0.5801312089971884,0.146807440925088,8.044492161774233
06e45cf2.qasm,1,18,4090,500,3424,666,0,666,0,0,0,0,0,0.16283618581907092,11.351770310990087,0.0,0.0,0.0542654607675385,0.14495233439256905,0.146174529454901,0.0,0.0,0.02004399902224395,0.217061843070154,0.0,0.0,0.0,0.0,0.0,0.0,0.0,0.0,0.0,2.2162162162162162,4.0,8.0,4.266666666666667,6.690562593955904,0.6,8.356459600198265,0.3333333333333333,9.882086554315809,0.0,1,1.0,666,0.6,3.2,3.881585586071389,6.365307688561489,0.803819401581994,0.4273840769903762,0.2042042042042042,7.545741057977406
0732491c.qasm,1,66,8197,7730,3,0,8194,0,0,64,0,8194,0,0.0,15.036448733084008,0.0,0.03807769077230155,0.0,0.0,0.203899892522647,0.0,0.0,0.0,0.0,0.002456625211116229,0.0,0.0,0.0,0.0,0.0,0.0,7.676953784738216e-05,1.0,28.37909992372235,63.0,32.0,16.253968253968253,9.688082363102753,0.9047619047619048,11.494234338543455,0.8412698412698413,14.203417138059285,0.746031746031746,1,0.01384737755495565,807,0.0,0.0,0.0,0.0,-12.0,0.0,1.0,5.286099276244404
07fc5b22.qasm,1,18,4402,500,3682,720,0,720,0,0,0,0,0,0.1635620172648796,11.425295715009254,0.0,0.0,0.05450828980240745,0.14421985010220303,0.14671814671814673,0.0,0.0,0.018623665682489212,0.2180331592096298,0.0,0.0,0.0,0.0,0.0,0.0,0.0,0.0,0.0,2.2,4.0,8.0,4.266666666666667,6.721912872518784,0.6,8.397169201060864,0.3333333333333333,9.922793014276012,0.0,1,1.0,720,0.6,3.2,3.8941973344644656,8.118163430096542,0.9094577900306757,0.44362745098039214,0.2263888888888889,7.590886676881308
08239e90.qasm,1,70,154693,72491,98317,56376,0,56376,0,0,0,0,0,0.36443795129708517,15.683452833483496,0.0,0.0,0.18951979502438218,0.0,0.4353252334903711,0.0,0.0,0.0,0.0,0.02396892305149186,0.0,0.0,0.0,0.0,0.0,0.0,0.0,0.0,33.23447921101178,62.0,34.0,17.253731343283583,9.884654146759964,0.9104477611940298,11.690263942446908,0.8507462686567164,14.399138384666415,0.7611940298507462,1,0.015624696976553257,728,0.16417910447761194,1.2911611140328163,2.9391131627736575,6.942818280910924e-06,-5.1584641391255035,0.09544868251335913,0.0023414218816517666,7.747055967974318
0885b672.qasm,1,41,11871,501,9918,1953,0,1953,0,0,0,0,0,0.1645185746777862,12.441049901549926,0.0,0.0,0.05483490566037736,0.14336253369272237,0.14673180592991913,0.0,0.0,0.01676212938005391,0.21933962264150944,0.0,0.0,0.0,0.0,0.0,0.0,0.0,0.0,0.0,3.2534562211981566,8.0,19.0,10.0,7.396629748069891,0.8421052631578947,9.176103345302934,0.7368421052631579,11.81620818663357,0.5789473684210527,1,0.48774117448816245,958,0.8421052631578947,3.6842105263157894,3.905342661757236,13.5881410800279,1.1331600473207446,0.6199538638985006,0.15412186379928317,8.04765165202694
0a0f4c36.qasm,1,34,141,34,3,136,2,0,0,32,0,2,0,0.9645390070921985,9.659248037927183,0.0,0.9060240963855422,0.0,0.0,0.0,0.0,0.0,0.0,0.0,0.07710843373493977,0.0,0.0,0.0,0.0,0.0,0.0,0.0024096385542168677,1.0,11.212765957446809,31.0,16.0,8.258064516129032,7.232257563113894,0.8064516129032258,9.030902704828183,0.6774193548387096,11.716662819634152,0.4838709677419355,1,1.0,376,0.0,0.0,0.0,0.0,-12.0,0.0,1.0,4.809216183165742
0b0e43d6.qasm,1,47,13469,501,11255,2214,0,2214,0,0,0,0,0,0.16437745935110254,12.568042049049906,0.0,0.0,0.054788418708240534,0.14484038604305866,0.1471417965850037,0.0,0.0,0.015738678544914626,0.21915367483296214,0.0,0.0,0.0,0.0,0.0,0.0,0.0,0.0,0.0,3.341463414634146,9.0,22.0,11.5,7.459812961687268,0.8636363636363636,9.241957151112375,0.7727272727272727,11.896301018168153,0.6363636363636364,1,0.456597608970075,1011,0.8636363636363636,3.727272727272727,3.94364369941776,10.855969152690445,1.0356686006027749,0.5643918029704832,0.14814814814814814,8.038391141364732
0b325fdd.qasm,1,100,466535,251080,293825,172710,0,172710,0,0,0,0,0,0.370197305668385,16.790907054122826,0.0,0.0,0.18331374853113983,0.0,0.42680879637401375,0.0,0.0,0.0,0.0,0.038945778076212856,0.0,0.0,0.0,0.0,0.0,0.0,0.0,0.0,49.48675225087746,93.0,50.0,25.252525252525253,10.327330778949266,0.9393939393939394,12.133221093680543,0.898989898989899,14.84243707288944,0.8383838383838383,1,0.008353708231458843,658,0.13131313131313133,1.0730183706110694,2.8468447587812853,0.020932671634425408,-1.6791753391492852,0.09796725014116318,0.0015450938501449718,7.802879317825849
0bde3200.qasm,1,18,29,7,29,0,0,0,0,16,0,0,0,0.0,6.597145701886651,0.0,0.0,0.0,0.0,0.0,0.0,0.0,0.0,0.0,0.3333333333333333,0.16666666666666666,0.0,0.0,0.0,0.0,0.0,0.0,0.0,0.0,0.0,0.0,0.0,0.0,0.0,0.0,0.0,0.0,0.0,1,1.0,0,0.0,0.0,0.0,0.0,-12.0,0.0,1.0,0.0
0c0ce4a1.qasm,1,14,3302,499,2762,540,0,540,0,0,0,0,0,0.16353725015142337,11.127748160558784,0.0,0.0,0.05449591280653951,0.1450196790796246,0.14532243415077203,0.0,0.0,0.01725703905540418,0.21798365122615804,0.0,0.0,0.0,0.0,0.0,0.0,0.0,0.0,0.0,2.2,4.0,6.0,3.272727272727273,6.59585155857729,0.45454545454545453,8.118847410925092,0.09090909090909091,8.118847410925092,0.0,1,1.0,540,0.45454545454545453,2.909090909090909,3.8513374312937625,4.929431008113211,0.6927967926449088,0.28540305010893247,0.2574074074074074,7.318174086812267
0c676248.qasm,1,258,259,257,4,255,0,255,0,256,0,0,0,0.9845559845559846,9.517751539608959,0.0,0.0,0.0,0.0,0.0,0.0,0.0,0.0,0.0,0.003861003861003861,0.0,0.0,0.0,0.0,0.0,0.0,0.003861003861003861,1.0,1.0,1.0,1.0,1.0,3.3098430047160705,0.0,3.3098430047160705,0.0,3.3098430047160705,0.0,1,1.0,255,0.0,1.0,1.0,0.0,-12.0,0.0,1.0,3.609914410085998
0cc92082.qasm,1,16,3150,2447,2388,762,0,762,0,1,0,0,0,0.2419047619047619,10.767073467978255,0.0,0.0,0.0,0.0,0.48271487472248653,0.0,0.0,0.0,0.0,0.0,0.0019029495718363464,0.0,0.0,0.0,0.0,0.0,0.0,0.0,4.946194225721785,12.0,6.0,3.5,7.12678294470512,0.5,8.823245545532604,0.16666666666666666,8.823245545532604,0.0,1,1.0,762,0.0,1.561549474568568,2.305300831658256,0.0,-12.0,0.0,1.0,6.179241757415794
0cd81bd7.qasm,1,38,10942,501,9142,1800,0,1800,0,0,0,0,0,0.16450374702979345,12.359184214239852,0.0,0.0,0.05482957141551677,0.14383624234670567,0.14676048615553322,0.0,0.0,0.016631636662706752,0.21931828566206707,0.0,0.0,0.0,0.0,0.0,0.0,0.0,0.0,0.0,3.13,7.0,18.0,9.257142857142858,7.343176770347022,0.8285714285714286,9.104357806489995,0.7142857142857143,11.760386356118078,0.5428571428571428,1,0.5211151736745887,935,0.8285714285714286,3.657142857142857,3.933042776661917,13.71114460037695,1.1370737110170088,0.5821605550049554,0.15222222222222223,8.009651054323681
0d08bd43.qasm,1,48,2982723,289700,2195996,786727,0,786727,0,0,0,0,0,0.26376133486079667,17.686247544562868,0.0,0.0,0.22666493994237058,0.0,0.06517305015054878,0.0,0.0,0.0,0.0,0.42173082526629324,0.0,0.02020267426425357,0.0,0.0,0.0,0.0,0.0,0.0,12.747413418071082,45.0,24.0,12.25531914893617,9.740987910162115,0.8723404255319149,11.546155252515643,0.7872340425531915,14.251926474018585,0.6595744680851063,1,0.0021125,258,0.6808510638297872,3.05973095578846,3.957422993652723,6.198045927499772,0.7922547900359284,0.43208895949166004,0.0004161228697346271,8.060773820135333
0d094263.qasm,1,10,19,7,11,8,0,0,0,8,0,0,0,0.42105263157894735,6.206575926724928,0.0,0.0,0.0,0.0,0.0,0.0,0.0,0.0,0.0,0.42105263157894735,0.0,0.0,0.0,0.42105263157894735,0.0,0.0,0.05263157894736842,1.0,2.5,5.0,4.0,2.142857142857143,4.370272467849528,0.14285714285714285,4.370272467849528,0.0,4.370272467849528,0.0,1,1.0,8,0.0,2.0,3.0,0.0,-12.0,0.0,1.0,3.5631249603380444
0d6f51b4.qasm,1,16,24,9,17,7,0,0,0,15,0,0,0,0.2916666666666667,6.434546518787453,0.0,0.0,0.0,0.0,0.0,0.0,0.0,0.0,0.0,0.5833333333333334,0.041666666666666664,0.0,0.0,0.2916666666666667,0.0,0.0,0.0,1.0,8.0,14.0,5.0,2.6666666666666665,5.182440332689332,0.3333333333333333,5.743209417599055,0.0,5.743209417599055,0.0,1,1.0,7,0.0,0.0,0.0,0.0,-12.0,0.0,1.0,2.924795995797912
0e8ddfa3.qasm,1,26,6810,501,5694,1116,0,1116,0,0,0,0,0,0.16387665198237886,11.876408183337722,0.0,0.0,0.05461753046542358,0.14476581999706356,0.14652767581852885,0.0,0.0,0.01659080898546469,0.21847012186169432,0.0,0.0,0.0,0.0,0.0,0.0,0.0,0.0,0.0,2.903225806451613,6.0,12.0,6.260869565217392,7.088332345455686,0.7391304347826086,8.848241934460873,0.5652173913043478,11.355565914480747,0.30434782608695654,1,0.827262044653349,927,0.7391304347826086,3.4782608695652173,3.9273983731087774,13.918902553671954,1.1436049943497548,0.6426157821506658,0.1863799283154122,8.049302085414908
0ee54ab9.qasm,1,38,786,135,480,306,0,306,0,18,0,0,0,0.3893129770992366,9.498672233269462,0.0,0.0,0.0,0.0,0.0,0.0,0.5687732342007435,0.0,0.0,0.022304832713754646,0.0,0.0,0.0,0.0,0.0,0.0,0.0012391573729863693,0.0,6.333333333333333,17.0,9.0,4.764705882352941,6.889025515490676,0.6470588235294118,8.669275797340891,0.4117647058823529,11.280021339144655,0.058823529411764705,1,1.0,306,0.0,0.0,0.0,0.0,-12.0,0.0,1.0,4.455773409227347
0f6ae53c.qasm,1,66,378,346,3,313,62,313,0,64,0,62,0,0.828042328042328,9.12913031655064,0.0,0.0,0.0,0.0,0.0,0.0,0.0,0.0,0.0,0.005154639175257732,0.0,0.005154639175257732,0.005154639175257732,0.0,0.0,0.0,0.002577319587628866,1.0,19.07815631262525,32.0,32.0,16.253968253968253,7.5868054434769805,0.9047619047619048,9.39002782225347,0.8412698412698413,12.094822684103917,0.746031746031746,1,1.0,499,0.0,0.0,0.0,0.0,-12.0,0.0,1.0,5.171226068821419
10761caa.qasm,1,26,7122,501,5952,1170,0,1170,0,0,0,0,0,0.16427969671440606,11.92272782027517,0.0,0.0,0.05475221114698863,0.14347887126210868,0.14684823810192335,0.0,0.0,0.01726800505405026,0.21900884458795453,0.0,0.0,0.0,0.0,0.0,0.0,0.0,0.0,0.0,2.8923076923076922,6.0,12.0,6.260869565217392,7.109376335248357,0.7391304347826086,8.86794268713831,0.5652173913043478,11.384922215273296,0.30434782608695654,1,0.8193820224719102,960,0.7391304347826086,3.4782608695652173,3.912376074675239,14.930909005898846,1.1740862487316515,0.6479289940828402,0.18547008547008548,8.053295985898433
10ea3498.qasm,1,281,356,78,284,72,0,72,0,139,0,0,0,0.20224719101123595,9.211839248099919,0.0,0.0,0.0,0.0,0.0,0.0,0.0,0.0,0.0,0.5613682092555332,0.002012072434607646,0.0,0.0,0.0,0.0,0.0,0.004024144869215292,0.0,70.63888888888889,139.0,49.0,23.8705035971223,7.283665182318324,0.9496402877697842,9.06383079908353,0.8920863309352518,11.73205211181449,0.841726618705036,1,1.0,72,0.0,0.0,0.0,0.0,-12.0,0.0,1.0,4.907416735673032
1154e9d9.qasm,1,27,3244,3218,28,0,3216,0,0,25,0,3216,0,0.0,13.79107851142362,0.0,0.0,0.0,0.0,0.007572251903579992,0.0,0.0,0.0,0.0,0.16070001262041983,0.002061335240418998,0.18038786756972783,0.16827226452399982,0.0,0.0,0.0,4.206806613099996e-05,1.0,4.890015133464275,13.0,12.0,6.5,9.488954872483784,0.75,11.278500932308036,0.5833333333333334,13.933671752964798,0.3333333333333333,1,0.0022325,342,0.75,3.5,4.0,9.251948931617862,0.9662332269112344,0.7891028651949272,8.371703641691084e-05,8.073492652820985
12157215.qasm,1,54,1159526,161512,827506,332020,0,285837,0,0,0,0,0,0.28634114284630097,16.61397320696313,0.0,0.0,0.1273211034869066,0.0,0.03444895672874947,0.0,0.0,0.0,0.0,0.2792045931942305,0.0,0.0,0.0,0.0,0.0,0.0,0.0,0.0,18.17656528890911,53.0,27.0,13.754716981132075,9.929597410888723,0.8867924528301887,11.735120238782569,0.8113207547169812,14.441802562637918,0.6981132075471698,1,0.00185,229,0.4716981132075472,3.050684559531027,4.000000000000001,14.815003269194545,1.1707017516509284,0.06181757097261885,0.0007699576523291219,8.005476422841069
125f60d7.qasm,1,27,2306075,588704,767835,1538240,0,1538240,0,24,0,0,0,0.6670381492362564,17.328347490815958,0.0,0.0,0.18959745703114012,0.0,0.05513516554614757,0.0,0.0,0.0,0.0,0.18959745703114012,0.0,0.0,0.0,0.0,0.0,0.0,2.8130186503136516e-05,0.0,1.4243332153310826,14.0,12.0,5.043478260869565,9.096653977933455,0.5652173913043478,10.852052340132134,0.4782608695652174,13.432708628426592,0.30434782608695654,1,0.03904,6342,0.13043478260869565,1.0434782608695652,3.8358455722617304,0.7952099978356978,-0.09951816837682258,0.004228329809725159,0.026131742317621765,7.434781289155701
138d2c7b.qasm,1,41,11559,501,9660,1899,0,1899,0,0,0,0,0,0.16428756812873085,12.412672094783652,0.0,0.0,0.05475778546712803,0.14377162629757786,0.14653979238754325,0.0,0.0,0.01652249134948097,0.2190311418685121,0.0,0.0,0.0,0.0,0.0,0.0,0.0,0.0,0.0,3.184834123222749,8.0,19.0,10.0,7.373498438072787,0.8421052631578947,9.142251436476561,0.7368421052631579,11.799959194285087,0.5789473684210527,1,0.5089556113178161,961,0.8421052631578947,3.6842105263157894,3.9110953099132755,12.142124336244015,1.0842946757670928,0.5876467192611122,0.14902580305423907,8.03106991795198
13b8e3f8.qasm,1,30,8222,501,6872,1350,0,1350,0,0,0,0,0,0.16419362685477987,12.068452906997045,0.0,0.0,0.05472455308281649,0.1452024808464064,0.1466618022619482,0.0,0.0,0.016660586160768577,0.21889821233126597,0.0,0.0,0.0,0.0,0.0,0.0,0.0,0.0,0.0,2.8,6.0,14.0,7.2592592592592595,7.150726268389979,0.7777777777777778,8.912264423427496,0.6296296296296297,11.51865771401333,0.4074074074074074,1,0.7614355231143553,1031,0.7777777777777778,3.5555555555555554,3.913636481650191,13.263812281180668,1.1226683668081396,0.6409100225456036,0.17407407407407408,8.031794031386344
13eb49aa.qasm,1,28,40,15,28,0,12,0,0,1,0,0,0,0.0,6.856461984594587,0.0,0.0,0.5581395348837209,0.0,0.0,0.0,0.0,0.0,0.0,0.046511627906976744,0.0,0.0,0.0,0.0,0.0,0.0,0.0,0.0,12.25,24.0,12.0,6.5,6.665304849539446,0.75,8.454860928607074,0.5833333333333334,11.132113812142125,0.3333333333333333,1,1.0,96,0.0,1.0,1.4734195330146405,0.0,-12.0,0.0,1.0,5.372118138344483
14019fed.qasm,1,130,8698,633,381,8316,1,0,63,1,0,1,0,0.9560818578983674,13.388128007915004,0.0,0.954602398138758,0.0,0.0,0.0,0.0,0.0,0.0,0.0,0.03006621726421285,5.9655192984549304e-05,0.0,0.0,0.0,0.007516554316053212,0.0,0.0,1.0,42.985788113695094,126.0,64.0,32.25196850393701,9.456617043679264,0.952755905511811,11.262728354232234,0.9212598425196851,13.971770464301397,0.8740157480314961,1,0.02398711140282833,263,0.0,0.0,0.0,0.0,-12.0,0.0,1.0,5.290214973151683
149b1e7c.qasm,1,90,4133,2562,2799,1334,0,1334,0,0,0,0,0,0.3227679651584805,12.072912612514564,0.0,0.0,0.12327773749093546,0.0,0.5334783659656757,0.0,0.0,0.0,0.0,0.0193376843123036,0.0,0.0,0.0,0.0,0.0,0.0,0.0,0.0,19.395802098950526,81.0,44.0,22.20689655172414,8.022055010317901,0.9310344827586207,9.822396048785794,0.8850574712643678,12.508953280216764,0.8160919540229885,1,0.49455337690631807,619,0.0,2.2452856322170645,0.5799501037563171,0.0,-12.0,0.0,1.0,6.989014281427137
15434610.qasm,1,41,11559,501,9660,1899,0,1899,0,0,0,0,0,0.16428756812873085,12.413111204860964,0.0,0.0,0.05475778546712803,0.14411764705882352,0.14653979238754325,0.0,0.0,0.016868512110726645,0.2190311418685121,0.0,0.0,0.0,0.0,0.0,0.0,0.0,0.0,0.0,3.184834123222749,8.0,19.0,10.0,7.373498438072787,0.8421052631578947,9.142251436476561,0.7368421052631579,11.799959194285087,0.5789473684210527,1,0.5082633901531539,960,0.8421052631578947,3.6842105263157894,3.954489844814398,13.588998594837983,1.1331874537332478,0.584393063583815,0.14902580305423907,8.030291911424289
159b3481.qasm,1,18,4090,500,3424,666,0,666,0,0,0,0,0,0.16283618581907092,11.35026534903553,0.0,0.0,0.0542654607675385,0.14568565142996823,0.146174529454901,0.0,0.0,0.018088486922512834,0.217061843070154,0.0,0.0,0.0,0.0,0.0,0.0,0.0,0.0,0.0,2.2162162162162162,4.0,8.0,4.266666666666667,6.690562593955904,0.6,8.356459600198265,0.3333333333333333,9.882086554315809,0.0,1,1.0,666,0.6,3.2,3.900423912088406,6.657827551361017,0.8233325420279464,0.42650918635170604,0.2042042042042042,7.546035241989691
15c28669.qasm,1,34,1029,922,3,0,1026,0,0,32,0,1026,0,0.0,12.912898347112511,0.0,0.019097636667462402,0.0,0.0,0.32593299912469165,0.0,0.0,0.0,0.0,0.0025463515556616535,0.0,0.0,0.0,0.0,0.0,0.0,7.957348611442667e-05,1.0,14.008955223880598,31.0,16.0,8.258064516129032,8.487599745747683,0.8064516129032258,10.293346762482393,0.6774193548387096,12.998378842739692,0.4838709677419355,1,0.18540715372907154,1027,0.0,0.0,0.0,0.0,-12.0,0.0,1.0,5.2552170083738075
1619b169.qasm,1,18,133,110,3,0,130,0,0,16,0,130,0,0.0,10.80531418179946,0.0,0.0346749226006192,0.0,0.0,0.3170278637770898,0.0,0.0,0.0,0.0,0.009907120743034056,0.0,0.0,0.0,0.0,0.0,0.0,0.0006191950464396285,1.0,6.862068965517241,15.0,8.0,4.266666666666667,7.2872055091230274,0.6,9.07081018706497,0.3333333333333333,10.837466093435387,0.0,1,1.0,696,0.0,0.0,0.0,0.0,-12.0,0.0,1.0,4.850333724766305
166e9d3a.qasm,1,18,313,261,143,128,42,128,0,16,0,24,0,0.40894568690095845,9.016755622903517,0.08695652173913043,0.023017902813299233,0.0,0.0,0.0,0.0,0.0025575447570332483,0.04092071611253197,0.0,0.03580562659846547,0.0,0.03580562659846547,0.03580562659846547,0.0,0.0,0.0,0.0025575447570332483,1.0,5.22568578553616,12.0,8.0,4.266666666666667,7.530459543778385,0.6,9.262707615306335,0.3333333333333333,10.941772499939853,0.0,1,1.0,1604,0.0,0.0,0.0,0.0,-12.0,0.0,1.0,5.083792769197373
1688d759.qasm,1,55,15825,503,13224,2601,0,2601,0,0,0,0,0,0.16436018957345971,12.733944159104365,0.0,0.0,0.05478326803993429,0.14431947428282574,0.1465942120561102,0.0,0.0,0.01737646910147858,0.21913307215973715,0.0,0.0,0.0,0.0,0.0,0.0,0.0,0.0,0.0,3.6505190311418687,10.0,26.0,13.5,7.577468924094197,0.8846153846153846,9.369112432712935,0.8076923076923077,12.0413647681753,0.6923076923076923,1,0.43499968400429756,1123,0.8846153846153846,3.769230769230769,3.920318118117579,10.333086268114561,1.0142300552104002,0.4119491665291302,0.03498654363706267,7.99013116530148
16ff70bb.qasm,1,51,15297,502,12777,2520,0,2520,0,0,0,0,0,0.16473818395763876,12.697183198166831,0.0,0.0,0.05490913844947052,0.1445940645836057,0.14786246568178846,0.0,0.0,0.015034645051640738,0.21963655379788208,0.0,0.0,0.0,0.0,0.0,0.0,0.0,0.0,0.0,3.432142857142857,9.0,24.0,12.5,7.533328859570887,0.875,9.312625009611704,0.7916666666666666,11.985580744519561,0.6666666666666666,1,0.43988231448185683,1100,0.875,3.75,3.890498517897364,11.612363360143108,1.0649206167942018,0.5490344566452101,0.15515873015873016,8.006378785220273
17253376.qasm,1,55,13691,432,11441,2250,0,2250,0,0,0,0,0,0.1643415382367979,12.588613659630019,0.0,0.0,0.054776511831726556,0.14453695588664914,0.1465089103125913,0.0,0.0,0.01694420099328075,0.21910604732690622,0.0,0.0,0.0,0.0,0.0,0.0,0.0,0.0,0.0,4.096,10.0,26.0,13.5,7.565763040364966,0.8846153846153846,9.358350495097703,0.8076923076923077,12.032068625946428,0.6923076923076923,1,0.5136971290817445,1149,0.8846153846153846,3.769230769230769,3.920318118117579,10.319475719941398,1.0136576335586513,0.4129181084198385,0.04044444444444444,7.9915845353079025
173d4b8b.qasm,1,10,38,8,38,0,0,0,0,8,0,0,28,0.0,7.145196134997171,0.0,0.0,0.0,0.0,0.0,0.0,0.0,0.0,0.0,0.12121212121212122,0.0,0.0,0.0,0.0,0.0,0.0,0.0,1.0,0.0,0.0,0.0,0.0,0.0,0.0,0.0,0.0,0.0,0.0,1,1.0,0,0.0,0.0,0.0,0.0,-12.0,0.0,1.0,0.0
175f2997.qasm,1,38,10630,501,8884,1746,0,1746,0,0,0,0,0,0.16425211665098777,12.329572641515787,0.0,0.0,0.054745555451039415,0.14504750258677454,0.14655253503903679,0.0,0.0,0.01655535697488477,0.21898222180415766,0.0,0.0,0.0,0.0,0.0,0.0,0.0,0.0,0.0,3.134020618556701,7.0,18.0,9.257142857142858,7.3306124683503775,0.8285714285714286,9.09095385698606,0.7142857142857143,11.746145551745371,0.5428571428571428,1,0.5203236733157697,907,0.8285714285714286,3.657142857142857,3.8994570992112463,12.75373121427873,1.1056372599630453,0.5873264228437317,0.14146620847651775,8.031485511357813
17e5a14b.qasm,1,100,231855,111595,145901,85954,0,85954,0,0,0,0,0,0.3707230812361174,16.092637525437677,0.0,0.0,0.18250694502904286,0.0,0.4161966495496254,0.0,0.0,0.0,0.0,0.039060526980385556,0.0,0.0,0.0,0.0,0.0,0.0,0.0,0.0,47.83993764106383,91.0,49.0,24.75257731958763,10.226331595910967,0.9381443298969072,12.032198642134,0.8969072164948454,14.741410137597665,0.8350515463917526,1,0.006383354970606376,392,0.12371134020618557,1.0369583762960946,3.3771676887774085,0.006427948693750742,-2.191927598255234,0.12642961114576834,0.001884729041115015,7.81617457264646
195099c8.qasm,1,258,1542,775,777,765,0,0,0,256,0,765,0,0.4961089494163424,11.49022985703804,0.0,0.0,0.0,0.0,0.0006451612903225806,0.0,0.0,0.0,0.49548387096774194,0.0025806451612903226,0.0,0.0,0.0,0.0,0.0,0.0,0.004516129032258065,1.0,1.0,1.0,6.0,5.882352941176471,6.506521402698303,0.9764705882352941,7.866707892887876,0.9607843137254902,7.866707892887876,0.0,1,1.0,1530,0.0,2.968173217721994,1.68389703714425,0.0,-12.0,0.0,1.0,5.766592030982206
19550378.qasm,1,10,19,10,11,0,8,0,0,8,0,8,0,0.0,9.966650127493768,0.0,0.0,0.0,0.0,0.04741379310344827,0.0,0.0,0.0,0.0,0.11745689655172414,0.016163793103448277,0.10344827586206896,0.08189655172413793,0.0,0.0,0.0,0.0010775862068965517,1.0,2.2290502793296088,6.0,4.0,2.2857142857142856,7.256601942725046,0.14285714285714285,7.256601942725046,0.0,7.256601942725046,0.0,1,1.0,2864,0.0,0.8571428571428571,2.9170409552176317,0.0,-12.0,0.0,1.0,6.158162489631772
1959a985.qasm,1,58,3118,110,1178,1940,0,0,0,0,0,0,0,0.622193713919179,11.621492833175521,0.0,0.0,0.37704392433472267,0.0,0.0,0.0,0.0,0.0,0.0,0.0,0.0,0.0,0.0,0.0,0.0,0.0,0.0,0.0,4.030927835051546,7.0,28.0,14.254545454545454,7.498043456394878,0.8909090909090909,9.29887976549527,0.8181818181818182,11.95371218365709,0.7090909090909091,1,0.26765083440308085,510,0.8909090909090909,3.7818181818181817,3.6509748323304603,25.483736832187738,1.4062631115207247,0.8102522812667741,0.002577319587628866,8.015398022780415
19d587f3.qasm,1,34,224,40,131,93,0,93,0,32,0,0,0,0.41517857142857145,9.159257581746866,0.0,0.0,0.0,0.0,0.0,0.0,0.0,0.0,0.5714285714285714,0.0,0.0,0.0,0.0,0.0,0.0,0.0,0.004464285714285714,1.0,1.0,1.0,3.0,2.806451612903226,4.206529051682731,0.0,4.206529051682731,0.0,4.206529051682731,0.0,1,1.0,93,0.0,2.806451612903226,2.10703519877977,0.0,-12.0,0.0,1.0,4.50200354465664
1a554de5.qasm,1,56,691,462,7,306,378,306,0,9,0,0,0,0.44283646888567296,9.62185381861855,0.5384615384615384,0.0,0.0,0.0,0.0,0.0,0.0,0.0,0.0,0.0,0.007122507122507123,0.0,0.0,0.0,0.0,0.0,0.0,0.0,4.299533799533799,35.0,22.0,11.5,7.6378650318952115,0.8636363636363636,9.434252492287426,0.7727272727272727,12.121740769883322,0.6363636363636364,1,1.0,2574,0.0,0.0,0.0,0.0,-12.0,0.0,1.0,5.194461612833955
1aa22822.qasm,1,68,76037,35270,48193,27844,0,27844,0,0,0,0,0,0.36619014427186763,14.973499003165749,0.0,0.0,0.2066183733947975,0.0,0.41562397102403686,0.0,0.0,0.0,0.0,0.023872242344418836,0.0,0.0,0.0,0.0,0.0,0.0,0.0,0.0,31.807786237609537,60.0,33.0,16.753846153846155,9.559232758106385,0.9076923076923077,11.364841509004306,0.8461538461538461,14.073715773032191,0.7538461538461538,1,0.017307818767672782,370,0.09230769230769231,1.6228418815419536,3.67926081617045,2.650390015906423e-08,-7.576673827372251,0.05580736543909348,0.004884355696020686,7.688543693955842
1af5b336.qasm,1,22,5450,501,4559,891,0,891,0,0,0,0,0,0.16348623853211008,11.64644185748225,0.0,0.0,0.05448541552008806,0.1441937259218492,0.14639515685195378,0.0,0.0,0.018712162905888827,0.21794166208035223,0.0,0.0,0.0,0.0,0.0,0.0,0.0,0.0,0.0,2.5555555555555554,5.0,10.0,5.2631578947368425,6.934580101030249,0.6842105263157895,8.618556362202524,0.47368421052631576,11.111860477593869,0.15789473684210525,1,1.0,891,0.6842105263157895,3.3684210526315788,3.9037450351524683,9.047506425529319,0.9565289002158678,0.5342615342615342,0.19640852974186307,7.842310178577498
1b91945f.qasm,1,18,4090,500,3424,666,0,666,0,0,0,0,0,0.16283618581907092,11.351605816047936,0.0,0.0,0.0542654607675385,0.14568565142996823,0.146174529454901,0.0,0.0,0.01955512099731117,0.217061843070154,0.0,0.0,0.0,0.0,0.0,0.0,0.0,0.0,0.0,2.2162162162162162,4.0,8.0,4.266666666666667,6.690562593955904,0.6,8.356459600198265,0.3333333333333333,9.882086554315809,0.0,1,1.0,666,0.6,3.2,3.925427331970326,6.533611487884288,0.8151533061902174,0.42650918635170604,0.2042042042042042,7.545839141458218
1cb3c32c.qasm,1,62,11582,10144,8016,3566,0,3566,0,0,0,0,0,0.30789155586254535,13.08986704484219,0.0,0.0,0.1765924391506991,0.0,0.5107888831348179,0.0,0.0,0.0,0.0,0.004315553253927153,0.0,0.0,0.0,0.0,0.0,0.0,0.0,0.0,5.910824453168817,54.0,30.0,15.254237288135593,7.933109079484558,0.8983050847457628,9.732702204029094,0.8305084745762712,12.384023940263775,0.7288135593220338,1,0.5490500863557858,2049,0.03389830508474576,2.486849052968266,2.2311415411965854,0.00010909579668923287,-3.9621919778766146,0.013885995973061168,0.1519910263600673,7.15771542422275
1d1dc1d8.qasm,1,52,15000,502,12534,2466,0,2466,0,0,0,0,0,0.1644,12.680024719398787,0.0,0.0,0.05479634691020599,0.14439037397506832,0.14745683621091926,0.0,0.0,0.017132191187254182,0.21918538764082396,0.0,0.0,0.0,0.0,0.0,0.0,0.0,0.0,0.0,3.54014598540146,9.0,25.0,12.755102040816327,7.5379704423550775,0.8775510204081632,9.317889935213621,0.7959183673469388,11.991836715857803,0.673469387755102,1,0.4303907187625017,1052,0.8775510204081632,3.7551020408163267,3.92861884131393,10.500763835510806,1.0212208912111196,0.5307692307692308,0.15004055150040552,7.9984490304824964
1d4b1889.qasm,1,14,2990,464,2504,486,0,486,0,0,0,0,0,0.1625418060200669,11.02875800051622,0.0,0.0,0.05416248746238716,0.14476763624205952,0.1444332998996991,0.0,0.0,0.02106318956870612,0.21664994984954863,0.0,0.0,0.0,0.0,0.0,0.0,0.0,0.0,0.0,2.2222222222222223,4.0,6.0,3.272727272727273,6.554627845579415,0.45454545454545453,8.083086762990792,0.09090909090909091,8.083086762990792,0.0,1,1.0,486,0.45454545454545453,2.909090909090909,3.824480653074043,3.7083208482051004,0.5691773027586575,0.26881720430107525,0.205761316872428,7.2707999326971695
1db5f683.qasm,1,51,14621,502,12218,2403,0,2403,0,0,0,0,0,0.1643526434580398,12.65259012162059,0.0,0.0,0.05478046778826426,0.1449186157844344,0.1470387087949665,0.0,0.0,0.01668718369580085,0.21912187115305704,0.0,0.0,0.0,0.0,0.0,0.0,0.0,0.0,0.0,3.4794007490636703,9.0,24.0,12.5,7.518675848893539,0.875,9.297478582181872,0.7916666666666666,11.96983841012934,0.6666666666666666,1,0.4327929406936179,1032,0.875,3.75,3.8994911395322682,11.44153308587967,1.0584842207969758,0.5292259083728278,0.14773200166458594,7.989726187517977
1f1383d7.qasm,1,258,258,256,3,1,254,1,0,256,0,254,0,0.003875968992248062,9.67614770909051,0.007518796992481203,0.0,0.0,0.0,0.0,0.0,0.0,0.0,0.0,0.0,0.0,0.0,0.0,0.0,0.0,0.0,0.0037593984962406013,1.0,80.08607968519429,128.0,128.0,64.25098039215686,8.823039462172302,0.9764705882352941,10.62850277958782,0.9607843137254902,13.336702499838688,0.9372549019607843,1,0.059967585089141004,123,0.0,0.0,0.0,0.0,-12.0,0.0,1.0,5.19506068188073
1fd34b96.qasm,1,55,21133,645,17650,3483,0,3483,0,0,0,0,0,0.16481332513131122,13.023201388900224,0.0,0.0,0.05493517554651273,0.14384404277467588,0.14687233841203748,0.0,0.0,0.016277089050818587,0.2197407021860509,0.0,0.0,0.0,0.0,0.0,0.0,0.0,0.0,0.0,4.4366925064599485,10.0,26.0,13.5,7.791433005815553,0.8846153846153846,9.585154256421124,0.8076923076923077,12.260986596686053,0.6923076923076923,1,0.3241682835644314,1135,0.8846153846153846,3.769230769230769,3.920318118117579,8.415485124869043,0.9250791566732534,0.40688840114806685,0.026126902095894345,7.978883408985711
20448412.qasm,1,4,10403,10400,10148,255,0,0,0,255,0,0,32640,0.024512159953859462,13.595423580564963,0.0,0.005924308249889645,0.0,0.0,0.21792161327045048,0.0,0.0,0.0,0.0,0.01184861649977929,0.005947540831261761,0.0,0.0,0.0,0.0,0.0,0.0,1.0,1.0,1.0,1.0,1.0,3.3098430047160705,0.0,3.3098430047160705,0.0,3.3098430047160705,0.0,1,1.0,255,0.0,0.0,0.0,0.0,-12.0,0.0,1.0,3.3098430047160705
2059c310.qasm,1,70,103,36,70,0,33,0,0,1,0,0,0,0.0,7.8013913202914855,0.0,0.0,0.0,0.6226415094339622,0.0,0.0,0.0,0.0,0.0,0.018867924528301886,0.0,0.0,0.0,0.0,0.0,0.0,0.0,0.0,33.25,66.0,33.0,17.0,7.550461524936374,0.9090909090909091,9.352392959229912,0.8484848484848485,12.054510291306917,0.7575757575757576,1,1.0,264,0.0,1.0,1.9998578109340022,0.0,-12.0,0.0,1.0,6.295613055782439
2078a631.qasm,1,55,18011,574,15050,2961,0,2961,0,0,0,0,0,0.16439953361834433,12.862859218931522,0.0,0.0,0.054796802131912056,0.14445924938929602,0.14656895403064624,0.0,0.0,0.016933155673995115,0.21918720852764823,0.0,0.0,0.0,0.0,0.0,0.0,0.0,0.0,0.0,4.0638297872340425,10.0,26.0,13.5,7.681461160885254,0.8846153846153846,9.473889392065146,0.8076923076923077,12.146963043096903,0.6923076923076923,1,0.3807540674107391,1119,0.8846153846153846,3.769230769230769,3.920318118117579,10.05450048857055,1.0023604995527864,0.40527457853446835,0.030732860520094562,7.980117123649173
208334f1.qasm,1,130,762,698,3,633,126,633,0,128,0,126,0,0.8307086614173228,9.835583373922255,0.0,0.0,0.0,0.0,0.0,0.0,0.0,0.0,0.0,0.0025906735751295338,0.0,0.0025906735751295338,0.0025906735751295338,0.0,0.0,0.0,0.0012953367875647669,1.0,38.07715133531157,64.0,64.0,32.25196850393701,8.195707527278602,0.952755905511811,10.000434338533177,0.9212598425196851,12.70751510353736,0.8740157480314961,1,0.2591963780418789,293,0.0,0.0,0.0,0.0,-12.0,0.0,1.0,5.269309758953542
2190b5a7.qasm,1,10,26,17,7,18,1,0,2,8,0,1,0,0.6923076923076923,7.0192966537150445,0.0,0.5641025641025641,0.0,0.0,0.0,0.0,0.0,0.0,0.0,0.20512820512820512,0.0,0.0,0.0,0.0,0.10256410256410256,0.0,0.02564102564102564,1.0,2.6153846153846154,7.0,4.0,2.2857142857142856,5.028249886029437,0.14285714285714285,5.028249886029437,0.0,5.028249886029437,0.0,1,1.0,26,0.0,0.0,0.0,0.0,-12.0,0.0,1.0,2.9449759084120477
231bbda3.qasm,1,66,2179,131,68,2111,0,63,32,64,0,0,0,0.968793024323084,11.127939226043386,0.0,0.9251950435979808,0.0,0.0,0.0,0.0,0.0,0.0,0.0,0.029830197338228545,0.0,0.0,0.0,0.0,0.014685635612666361,0.0,0.0004589261128958238,1.0,21.206537186167694,63.0,32.0,16.253968253968253,8.262465995505455,0.9047619047619048,10.068078501311719,0.8412698412698413,12.77551777080343,0.746031746031746,1,0.39981617647058826,830,0.0,1.0,1.0,0.0,-12.0,0.0,1.0,6.114293653232514
235dda60.qasm,1,55,18011,574,15050,2961,0,2961,0,0,0,0,0,0.16439953361834433,12.862711431273596,0.0,0.0,0.054796802131912056,0.14445924938929602,0.14656895403064624,0.0,0.0,0.016766600044414836,0.21918720852764823,0.0,0.0,0.0,0.0,0.0,0.0,0.0,0.0,0.0,4.0638297872340425,10.0,26.0,13.5,7.681461160885254,0.8846153846153846,9.473889392065146,0.8076923076923077,12.146963043096903,0.6923076923076923,1,0.3779221500360931,1109,0.8846153846153846,3.769230769230769,3.934799325283281,9.552702682813772,0.9801262610261579,0.404342622670542,0.030732860520094562,7.9633483681359225
24ca3082.qasm,0,256,524290,471861,0,0,524290,0,0,256,0,524290,0,0.0,19.201650446185123,0.0,0.54581438436921,0.0,0.0,0.0,0.0,0.0,0.0,0.0,0.005979450901128516,0.0,0.0,0.0,0.0,0.0,0.0,8.421761832575375e-05,1.0,0.0,0.0,0.0,0.0,0.0,0.0,0.0,0.0,0.0,0.0,0.0,0.0,0.0,0.0,0.0,0.0,0.0,0.0,0.0,0.0,0.0
25e26219.qasm,1,58,730,65,282,448,0,0,0,0,0,0,0,0.6136986301369863,10.176259012252155,0.0,0.0,0.38303693570451436,0.0,0.0,0.0,0.0,0.0,0.0,0.0,0.0,0.0,0.0,0.0,0.0,0.0,0.0,0.0,6.982142857142857,49.0,28.0,14.254545454545454,7.101634671961265,0.8909090909090909,8.903571435671196,0.8181818181818182,11.542195969723313,0.7090909090909091,1,0.6085164835164835,274,0.8909090909090909,3.7818181818181817,3.70845221770501,19.006798143560122,1.278908962436115,0.8149437600428495,0.011160714285714286,8.01842289828628
25e5b703.qasm,1,14,272,110,218,54,0,54,0,6,0,0,0,0.19852941176470587,8.774312958285378,0.0,0.0,0.2357142857142857,0.06428571428571428,0.19285714285714287,0.0,0.0,0.0,0.2571428571428571,0.02142857142857143,0.0,0.0,0.0,0.0,0.0,0.0,0.0,0.0,1.8888888888888888,5.0,3.0,1.8,4.405807222561457,0.0,4.405807222561457,0.0,4.405807222561457,0.0,1,1.0,54,0.0,1.8,1.419438879800971,0.0,-12.0,0.0,1.0,4.39292546917228
264ca70e.qasm,1,45,12867,501,10752,2115,0,2115,0,0,0,0,0,0.16437397994870598,12.521922990778593,0.0,0.0,0.054787068697544294,0.14470003108486168,0.1471868200186509,0.0,0.0,0.016008703761268263,0.21914827479017718,0.0,0.0,0.0,0.0,0.0,0.0,0.0,0.0,0.0,3.3404255319148937,8.0,21.0,11.0,7.4391636335166345,0.8571428571428571,9.221191008154559,0.7619047619047619,11.870048228980183,0.6190476190476191,1,0.45542168674698796,963,0.8571428571428571,3.7142857142857144,3.94364369941776,10.168626588205765,1.0072622994869778,0.5512291052114061,0.14657210401891252,8.010259345662348
27a012bc.qasm,1,14,3302,499,2762,540,0,540,0,0,0,0,0,0.16353725015142337,11.128952732200162,0.0,0.0,0.05449591280653951,0.14380865879503482,0.14532243415077203,0.0,0.0,0.01907356948228883,0.21798365122615804,0.0,0.0,0.0,0.0,0.0,0.0,0.0,0.0,0.0,2.2,4.0,6.0,3.272727272727273,6.59585155857729,0.45454545454545453,8.118847410925092,0.09090909090909091,8.118847410925092,0.0,1,1.0,540,0.45454545454545453,2.909090909090909,3.8791354116914647,5.042581167955676,0.702652897566406,0.28540305010893247,0.2574074074074074,7.318174086812267
27dbf314.qasm,1,56,2020263,224646,1434856,585407,0,515667,0,0,0,0,0,0.28976771836142123,17.146973900685584,0.0,0.0,0.11914338816610724,0.0,0.03547948625481983,0.0,0.0,0.0,0.0,0.27601320424977116,0.0,0.0,0.0,0.0,0.0,0.0,0.0,0.0,19.084093150400527,55.0,28.0,14.254545454545454,9.955702780634342,0.8909090909090909,11.761115325870415,0.8181818181818182,14.467802273660212,0.7090909090909091,1,0.0020075,233,0.5636363636363636,2.9454545454545453,4.000000000000001,9.262106087706432,0.9667097510739914,0.031633684818720205,0.0009083202131524767,7.915836300763534
27e0ec8e.qasm,1,66,66,64,3,1,62,1,0,64,0,62,0,0.015151515151515152,8.284251797621916,0.02702702702702703,0.0,0.0,0.0,0.0,0.0,0.0,0.0,0.0,0.0,0.0,0.0,0.0,0.0,0.0,0.0,0.013513513513513514,1.0,20.08651911468813,32.0,32.0,16.253968253968253,7.606997121305828,0.9047619047619048,9.409829195380722,0.8412698412698413,12.114146477465752,0.746031746031746,1,0.9677725118483412,481,0.0,0.0,0.0,0.0,-12.0,0.0,1.0,5.1781968178641575
2818a462.qasm,1,64,96,33,65,31,0,0,0,63,0,0,0,0.3229166666666667,7.841099765422119,0.0,0.0,0.0,0.0,0.0,0.0,0.0,0.0,0.0,0.6458333333333334,0.010416666666666666,0.0,0.0,0.3229166666666667,0.0,0.0,0.0,1.0,32.0,62.0,21.0,10.666666666666666,6.60054437637931,0.8412698412698413,8.390794558320705,0.746031746031746,11.053190584965774,0.6031746031746031,1,1.0,31,0.0,0.0,0.0,0.0,-12.0,0.0,1.0,4.1938200260161125
28f914b0.qasm,1,18,163,35,20,143,0,15,8,16,0,0,0,0.8773006134969326,8.403352374992478,0.0,0.7361963190184049,0.0,0.0,0.0,0.0,0.0,0.0,0.0,0.10429447852760736,0.0,0.0,0.0,0.0,0.049079754601226995,0.0,0.006134969325153374,1.0,5.3076923076923075,15.0,8.0,4.266666666666667,6.469193969747809,0.6,8.238691835452524,0.3333333333333333,9.966535096940033,0.0,1,1.0,143,0.0,1.0,1.0,0.0,-12.0,0.0,1.0,4.929505775925942
29886bb3.qasm,1,22,5450,501,4559,891,0,891,0,0,0,0,0,0.16348623853211008,11.646503106525254,0.0,0.0,0.05448541552008806,0.14566134654191892,0.14639515685195378,0.0,0.0,0.018161805173362685,0.21794166208035223,0.0,0.0,0.0,0.0,0.0,0.0,0.0,0.0,0.0,2.5555555555555554,5.0,10.0,5.2631578947368425,6.934580101030249,0.6842105263157895,8.618556362202524,0.47368421052631576,11.111860477593869,0.15789473684210525,1,1.0,891,0.6842105263157895,3.3684210526315788,3.9029645800755475,9.940666382249486,0.997415498726659,0.5342615342615342,0.19640852974186307,7.841916768124062
29a887f9.qasm,1,58,951,39,2,949,0,0,0,0,0,0,0,0.9978969505783386,10.538051775663776,0.0,0.0,0.0,0.0,0.0,0.0,0.0,0.0,0.0,0.0,0.0,0.0,0.0,0.0,0.0,0.0,0.0,0.0,6.671232876712328,7.0,28.0,14.254545454545454,7.408308921050916,0.8909090909090909,9.210581224373549,0.8181818181818182,11.857570557635801,0.7090909090909091,1,0.3487881981032666,331,0.8909090909090909,3.7818181818181817,1.9538890984931259,0.2521861782433859,-0.5982787198116604,0.8501581123814157,0.005268703898840885,8.06814737858057
2a04dd73.qasm,1,62,1772824,273012,1274428,498396,0,414087,0,0,0,0,0,0.2811311218710938,17.070665234489983,0.0,0.0,0.13841986976315335,0.0,0.03685241744943237,0.0,0.0,0.0,0.0,0.2737278856681842,0.0,0.0,0.0,0.0,0.0,0.0,0.0,0.0,21.417906458797326,61.0,31.0,15.754098360655737,9.993007203471016,0.9016393442622951,11.798559066640355,0.8360655737704918,14.506327130907291,0.7377049180327869,1,0.0022,280,0.4098360655737705,2.8688524590163933,4.0,8.361338071985006,0.9222757835130698,0.03430034129692833,0.0007750556792873051,7.863947277489784
2a0e53ef.qasm,1,94,671,26,264,407,0,407,0,0,0,0,0,0.6065573770491803,9.039789270781144,0.0,0.0,0.0,0.0,0.0,0.0,0.0,0.0,0.0,0.3111111111111111,0.0,0.07703703703703704,0.0,0.0,0.0,0.0,0.0,0.0,14.100737100737101,46.0,46.0,23.252747252747252,7.3555045632665115,0.9340659340659341,9.154021979513264,0.8901098901098901,11.843994830268516,0.8241758241758241,1,0.7443946188340808,318,0.7142857142857143,3.5864233843582443,4.000000000000001,28.090356907603642,1.4485572572513656,0.12711545693869875,0.12285012285012285,7.93451784761397
2a48defb.qasm,1,18,138,16,138,0,0,0,0,16,0,0,120,0.0,8.583916823459145,0.0,0.0,0.0,0.0,0.0,0.0,0.0,0.0,0.0,0.06201550387596899,0.0,0.0,0.0,0.0,0.0,0.0,0.0,1.0,0.0,0.0,0.0,0.0,0.0,0.0,0.0,0.0,0.0,0.0,1,1.0,0,0.0,0.0,0.0,0.0,-12.0,0.0,1.0,0.0
2af6859b.qasm,1,49,13863,502,11586,2277,0,2277,0,0,0,0,0,0.16425016230253192,12.597330642203312,0.0,0.0,0.05474610502019619,0.14425851125216388,0.146999422965955,0.0,0.0,0.01673398730525101,0.21898442008078475,0.0,0.0,0.0,0.0,0.0,0.0,0.0,0.0,0.0,3.4071146245059287,9.0,23.0,12.0,7.485452492238303,0.8695652173913043,9.262023887284572,0.782608695652174,11.932681616391688,0.6521739130434783,1,0.43048842074886373,972,0.8695652173913043,3.739130434782609,3.94139966086808,9.839920624939703,0.9929915951499095,0.49459576307825337,0.14800175669740886,7.9273324607213125
2afe3d2e.qasm,1,103,205953,69993,96540,48271,61142,48271,0,41,30571,0,0,0.23437871747437522,15.033845333669817,0.25888077858880776,0.0,0.0,0.0,0.0,0.0,0.0,0.0,0.0,0.1356805495920996,0.26480606841276655,0.0,0.0,0.0,0.0,0.1290110204665808,0.0,0.0,19.81766090248644,41.0,30.0,15.254237288135593,10.102407978254144,0.8983050847457628,11.907897799067902,0.8305084745762712,14.616132935229231,0.7288135593220338,1,0.0019025,301,0.5084745762711864,2.457627118644068,4.000000000000001,13.072803055255902,1.1163687184841153,0.025738251177754797,3.197585183669293e-05,7.938729341750526
2b148d98.qasm,1,55,13691,432,11441,2250,0,2250,0,0,0,0,0,0.1643415382367979,12.587777706074,0.0,0.0,0.054776511831726556,0.14351446099912357,0.1465089103125913,0.0,0.0,0.016432953549517966,0.21910604732690622,0.0,0.0,0.0,0.0,0.0,0.0,0.0,0.0,0.0,4.096,10.0,26.0,13.5,7.565763040364966,0.8846153846153846,9.358350495097703,0.8076923076923077,12.032068625946428,0.6923076923076923,1,0.5036890934326832,1123,0.8846153846153846,3.769230769230769,3.918690182935036,9.553354533343166,0.9801558950929722,0.3774312248116348,0.04044444444444444,7.937643613605246
2b2951ed.qasm,1,51,14621,502,12218,2403,0,2403,0,0,0,0,0,0.1643526434580398,12.652801250682009,0.0,0.0,0.05478046778826426,0.14450827520175077,0.1470387087949665,0.0,0.0,0.017097524278484474,0.21912187115305704,0.0,0.0,0.0,0.0,0.0,0.0,0.0,0.0,0.0,3.4794007490636703,9.0,24.0,12.5,7.518675848893539,0.875,9.297478582181872,0.7916666666666666,11.96983841012934,0.6666666666666666,1,0.431561666324646,1029,0.875,3.75,3.9189725480911584,10.47932163745041,1.0203331701813998,0.531542288557214,0.14773200166458594,7.9841764282100645
2bc3295c.qasm,1,58,618,17,282,336,0,0,0,0,0,0,0,0.5436893203883495,9.99624903261744,0.0,0.0,0.45234248788368336,0.0,0.0,0.0,0.0,0.0,0.0,0.0,0.0,0.0,0.0,0.0,0.0,0.0,0.0,0.0,10.5,49.0,28.0,14.254545454545454,7.149926251843095,0.8909090909090909,8.948995750395488,0.8181818181818182,11.622281903922067,0.7090909090909091,1,0.599025974025974,201,0.8909090909090909,3.7818181818181817,2.0547252038301727,1.5766349015456738,0.19773113619449167,0.8396293656450463,0.01488095238095238,8.075785578965737
2cbfff1b.qasm,1,41,11559,501,9660,1899,0,1899,0,0,0,0,0,0.16428756812873085,12.413090879946887,0.0,0.0,0.05475778546712803,0.14385813148788928,0.14653979238754325,0.0,0.0,0.016955017301038062,0.2190311418685121,0.0,0.0,0.0,0.0,0.0,0.0,0.0,0.0,0.0,3.184834123222749,8.0,19.0,10.0,7.373498438072787,0.8421052631578947,9.142251436476561,0.7368421052631579,11.799959194285087,0.5789473684210527,1,0.47849788007268323,914,0.8421052631578947,3.6842105263157894,3.911723458793178,12.309578007143335,1.0902431648476472,0.5821692686935086,0.14902580305423907,8.000213867764852
2cedce95.qasm,1,52,15000,502,12534,2466,0,2466,0,0,0,0,0,0.1644,12.679657355047054,0.0,0.0,0.05479634691020599,0.1449903339777348,0.14745683621091926,0.0,0.0,0.016465568962069195,0.21918538764082396,0.0,0.0,0.0,0.0,0.0,0.0,0.0,0.0,0.0,3.54014598540146,9.0,25.0,12.755102040816327,7.5379704423550775,0.8775510204081632,9.317889935213621,0.7959183673469388,11.991836715857803,0.673469387755102,1,0.4269902653687158,1042,0.8775510204081632,3.7551020408163267,3.937594767741528,10.380494302863333,1.0162180344271878,0.52234417875343,0.15004055150040552,7.984701648707683
2d399444.qasm,1,12,27,18,17,10,0,10,0,5,0,0,0,0.37037037037037035,6.093569770045136,0.0,0.0,0.0,0.0,0.0,0.0,0.0,0.0,0.0,0.4117647058823529,0.0,0.029411764705882353,0.0,0.0,0.0,0.0,0.0,0.0,1.4,2.0,2.0,1.5,2.8948696567452528,0.0,2.8948696567452528,0.0,2.8948696567452528,0.0,1,1.0,10,0.0,0.75,0.6008760366928568,0.0,-12.0,0.0,1.0,2.7489628612561616
2ea1bf91.qasm,1,90,4133,2562,2799,1334,0,1334,0,0,0,0,0,0.3227679651584805,12.071597950993407,0.0,0.0,0.12327773749093546,0.0,0.5334783659656757,0.0,0.0,0.0,0.0,0.0193376843123036,0.0,0.0,0.0,0.0,0.0,0.0,0.0,0.0,19.395802098950526,81.0,44.0,22.20689655172414,8.022055010317901,0.9310344827586207,9.822396048785794,0.8850574712643678,12.508953280216764,0.8160919540229885,1,0.4882595013313968,608,0.0,2.2745306956219355,1.694129115914324,0.0,-12.0,0.0,1.0,6.851607662338022
3026aed7.qasm,1,55,21133,645,17650,3483,0,3483,0,0,0,0,0,0.16481332513131122,13.022291076679835,0.0,0.0,0.05493517554651273,0.14365477429734078,0.14687233841203748,0.0,0.0,0.015330746664143087,0.2197407021860509,0.0,0.0,0.0,0.0,0.0,0.0,0.0,0.0,0.0,4.4366925064599485,10.0,26.0,13.5,7.791433005815553,0.8846153846153846,9.585154256421124,0.8076923076923077,12.260986596686053,0.6923076923076923,1,0.2916094836969381,1006,0.8846153846153846,3.769230769230769,3.9318813624804116,7.852504255131797,0.895008180407084,0.38453572661373836,0.026126902095894345,7.959272170442368
306ac152.qasm,1,130,896,136,515,381,0,381,0,128,0,0,0,0.4252232142857143,10.562922818610538,0.0,0.0,0.0,0.0,0.0,0.0,0.0,0.0,0.5714285714285714,0.0,0.0,0.0,0.0,0.0,0.0,0.0,0.0011160714285714285,1.0,1.0,1.0,3.0,2.952755905511811,4.858254393036713,0.0,4.858254393036713,0.0,4.858254393036713,0.0,1,1.0,381,0.0,2.952755905511811,2.453401370455555,0.0,-12.0,0.0,1.0,5.158051739752956
3099a023.qasm,1,6,228,155,186,42,0,42,0,2,0,0,0,0.18421052631578946,8.505120610181969,0.0,0.0,0.25,0.13793103448275862,0.16379310344827586,0.0,0.0,0.0,0.2413793103448276,0.0,0.0,0.0,0.0,0.0,0.0,0.0,0.0,0.0,1.0,1.0,1.0,1.0,2.5276299008713385,0.0,2.5276299008713385,0.0,2.5276299008713385,0.0,1,1.0,42,0.0,1.0,0.9678882018656778,0.0,-12.0,0.0,1.0,2.5276299008713385
31b8fb3c.qasm,1,66,2115,129,67,2048,0,0,32,64,0,0,0,0.968321513002364,11.112223992711087,0.0,0.9531914893617022,0.0,0.0,0.0,0.0,0.0,0.0,0.0,0.030260047281323876,0.0,0.0,0.0,0.0,0.015130023640661938,0.0,0.00047281323877068556,1.0,21.828125,63.0,32.0,16.253968253968253,8.262445396400969,0.9047619047619048,10.068059016800438,0.8412698412698413,12.775498222143895,0.746031746031746,1,0.40861742424242425,822,0.0,0.0,0.0,0.0,-12.0,0.0,1.0,5.251397284419391
31fd025e.qasm,1,41,11559,501,9660,1899,0,1899,0,0,0,0,0,0.16428756812873085,12.4127656251272,0.0,0.0,0.05475778546712803,0.14463667820069204,0.14653979238754325,0.0,0.0,0.016262975778546712,0.2190311418685121,0.0,0.0,0.0,0.0,0.0,0.0,0.0,0.0,0.0,3.184834123222749,8.0,19.0,10.0,7.373498438072787,0.8421052631578947,9.142251436476561,0.7368421052631579,11.799959194285087,0.5789473684210527,1,0.47408497014796225,904,0.8421052631578947,3.6842105263157894,3.9193772255528048,10.458365782757797,1.0194638272675571,0.5710712796998749,0.14902580305423907,7.992025049276545
320de9fb.qasm,1,202,55003,702,40003,15000,0,15000,0,100,0,0,0,0.2727123975055906,14.804599232849988,0.0,0.0,0.0,0.0,0.0,0.0,0.0,0.0,0.7198754136655635,0.0,0.0,0.0,0.0,0.0,0.0,0.0,9.733307377846993e-05,0.0,33.934,98.0,50.0,25.252525252525253,9.319043169957046,0.9393939393939394,11.125056568500064,0.898989898989899,13.833870978415272,0.8383838383838383,1,0.009872727272727273,130,0.6060606060606061,2.6666666666666665,3.6703485011351464,1.9454523932546823,0.2890206077435509,0.31521739130434784,0.0012666666666666666,8.052837512334115
32de9cc1.qasm,1,22,5450,501,4559,891,0,891,0,0,0,0,0,0.16348623853211008,11.646345601406011,0.0,0.0,0.05448541552008806,0.1443771784993579,0.14639515685195378,0.0,0.0,0.018528710328380115,0.21794166208035223,0.0,0.0,0.0,0.0,0.0,0.0,0.0,0.0,0.0,2.5555555555555554,5.0,10.0,5.2631578947368425,6.934580101030249,0.6842105263157895,8.618556362202524,0.47368421052631576,11.111860477593869,0.15789473684210525,1,1.0,891,0.6842105263157895,3.3684210526315788,3.938247742437496,10.681053070680477,1.0286140729397302,0.5342615342615342,0.19640852974186307,7.842028750468648
32f44532.qasm,1,92,12171,10178,8389,3782,0,3782,0,0,0,0,0,0.3107386410319612,13.140052007075386,0.0,0.0,0.16804928131416838,0.0,0.5142505133470225,0.0,0.0,0.0,0.0,0.006570841889117043,0.0,0.0,0.0,0.0,0.0,0.0,0.0,0.0,9.959809624537282,83.0,45.0,22.741573033707866,8.1861151502275,0.9325842696629213,9.988278243497254,0.8876404494382022,12.665770060056692,0.8202247191011236,1,0.5034924808940751,1899,0.0,1.6110589227218324,0.5859466504081746,0.0,-12.0,0.0,1.0,6.6641379203600914
336f664c.qasm,1,238,381,133,56,221,104,221,0,118,0,0,0,0.5800524934383202,9.250041738827735,0.20717131474103587,0.0,0.0,0.0,0.0,0.0,0.0,0.0,0.0,0.0,0.10557768924302789,0.0,0.0,0.0,0.0,0.0,0.00199203187250996,0.0,40.353846153846156,104.0,59.0,29.752136752136753,8.142330040680847,0.9487179487179487,9.945180637391802,0.9145299145299145,12.651486817880286,0.8632478632478633,1,0.2900763358778626,227,0.0,0.0,0.0,0.0,-12.0,0.0,1.0,5.187184999918835
33a2f9be.qasm,1,30,7910,501,6614,1296,0,1296,0,0,0,0,0,0.1638432364096081,12.028535624568372,0.0,0.0,0.05460750853242321,0.1448615851346227,0.14637846037163443,0.0,0.0,0.016685627607129314,0.21843003412969283,0.0,0.0,0.0,0.0,0.0,0.0,0.0,0.0,0.0,2.8055555555555554,6.0,14.0,7.2592592592592595,7.133357009468179,0.7777777777777778,8.890653689678444,0.6296296296296297,11.497176368868525,0.4074074074074074,1,0.746332827516439,969,0.7777777777777778,3.5555555555555554,3.9052727222055488,11.209775166611664,1.04959690207948,0.6240947992100065,0.1743827160493827,7.994426689308
33c62fb8.qasm,1,258,33027,513,259,32768,0,0,128,256,0,0,0,0.9921579313894692,13.628422861148161,0.0,0.9882823144699792,0.0,0.0,0.0,0.0,0.0,0.0,0.0,0.007751233838980228,0.0,0.0,0.0,0.0,0.003875616919490114,0.0,3.0278257183516515e-05,1.0,85.83203125,255.0,128.0,64.25098039215686,10.061455127106786,0.9764705882352941,11.867626110271312,0.9607843137254902,14.576867086953476,0.9372549019607843,1,0.025617732558139535,806,0.0,0.0,0.0,0.0,-12.0,0.0,1.0,5.244408255460802
3436484d.qasm,1,34,9270,501,7749,1521,0,1521,0,0,0,0,0,0.16407766990291262,12.191096054166396,0.0,0.0,0.05468665731852012,0.14421313774134398,0.14647826555927085,0.0,0.0,0.017150253478589148,0.21874662927408048,0.0,0.0,0.0,0.0,0.0,0.0,0.0,0.0,0.0,2.9585798816568047,7.0,16.0,8.258064516129032,7.2464142988079985,0.8064516129032258,8.992740902199253,0.6774193548387096,11.636295798256512,0.4838709677419355,1,0.5731549417350021,867,0.8064516129032258,3.6129032258064515,3.959591007794824,12.65752784595759,1.1023488914871113,0.590823381521056,0.1663379355687048,8.000413603113987
36d0ea8f.qasm,1,66,66,64,3,1,62,1,0,64,0,62,0,0.015151515151515152,8.286773231131251,0.02702702702702703,0.0,0.0,0.0,0.0,0.0,0.0,0.0,0.0,0.0,0.0,0.0,0.0,0.0,0.0,0.0,0.013513513513513514,1.0,20.08651911468813,32.0,32.0,16.253968253968253,7.606997121305828,0.9047619047619048,9.409829195380722,0.8412698412698413,12.114146477465752,0.746031746031746,1,0.9734597156398104,484,0.0,0.0,0.0,0.0,-12.0,0.0,1.0,5.181022796253887
36e23777.qasm,1,38,10942,501,9142,1800,0,1800,0,0,0,0,0,0.16450374702979345,12.358892440122437,0.0,0.0,0.05482957141551677,0.14392762496573153,0.14676048615553322,0.0,0.0,0.016266106186603308,0.21931828566206707,0.0,0.0,0.0,0.0,0.0,0.0,0.0,0.0,0.0,3.13,7.0,18.0,9.257142857142858,7.343176770347022,0.8285714285714286,9.104357806489995,0.7142857142857143,11.760386356118078,0.5428571428571428,1,0.5069469835466179,906,0.8285714285714286,3.657142857142857,3.9256712081724214,12.594827265338344,1.1001922156432324,0.5709219858156028,0.15222222222222223,7.9799904607946255
371eea68.qasm,1,58,91,43,16,51,24,51,0,28,0,0,0,0.5604395604395604,7.767687277186908,0.19672131147540983,0.0,0.0,0.0,0.0,0.0,0.0,0.0,0.0,0.0,0.10655737704918032,0.0,0.0,0.0,0.0,0.0,0.00819672131147541,0.0,9.892307692307693,24.0,14.0,7.2592592592592595,6.883214364354132,0.7777777777777778,8.674139359947185,0.6296296296296297,11.360632520422026,0.4074074074074074,1,1.0,195,0.0,0.0,0.0,0.0,-12.0,0.0,1.0,4.466941725717637
376d7d92.qasm,1,66,256,129,130,126,0,63,0,64,0,0,0,0.4921875,8.98669669562029,0.0,0.0,0.0,0.4921875,0.0,0.0,0.0,0.0,0.0,0.0,0.00390625,0.0,0.0,0.24609375,0.0,0.0,0.00390625,1.0,1.0,1.0,2.0,1.9682539682539681,3.6459132750338443,0.0,3.6459132750338443,0.0,3.6459132750338443,0.0,1,1.0,126,0.0,1.0,1.0,0.0,-12.0,0.0,1.0,3.692758818154724
37bd268c.qasm,1,130,259,4,258,0,1,0,0,127,0,1,0,0.0,9.591102867443976,0.0,0.0,0.0,0.0,0.0,0.0,0.0,0.001949317738791423,0.0,0.4951267056530214,0.24561403508771928,0.0,0.0,0.0,0.0,0.0,0.001949317738791423,1.0,64.0,127.0,64.0,32.25196850393701,7.502347587646899,0.952755905511811,9.293964980974922,0.9212598425196851,11.980429274503681,0.8740157480314961,1,1.0,127,0.0,0.0,0.0,0.0,-12.0,0.0,1.0,5.110700794679781
3814b0b9.qasm,1,40,87403,17616,62381,25022,0,21291,0,0,0,0,0,0.2862830795281627,14.030275103247597,0.0,0.0,0.1361451608316032,0.0,0.03788288160177469,0.0,0.0,0.0,0.0,0.2694747020846961,0.0,0.0,0.0,0.0,0.0,0.0,0.0,0.0,13.189553193189992,37.0,19.0,9.756756756756756,9.129837097266407,0.8378378378378378,10.934005225265246,0.7297297297297297,13.635142155665314,0.5675675675675675,1,0.011418633654077184,266,0.6486486486486487,3.5181060811200626,4.0,22.890387448120407,1.3596531437080546,0.07499151679674244,0.0025177843497722003,7.928758055390912
383bbcad.qasm,1,18,64,33,34,30,0,15,0,16,0,0,0,0.46875,7.542213463193403,0.0,0.0,0.0,0.46875,0.0,0.0,0.0,0.0,0.0,0.0,0.015625,0.0,0.0,0.234375,0.0,0.0,0.015625,1.0,1.0,1.0,2.0,1.8666666666666667,2.986323777050765,0.0,2.986323777050765,0.0,2.986323777050765,0.0,1,1.0,30,0.0,1.0,1.0,0.0,-12.0,0.0,1.0,3.037027879755775
3841ff5b.qasm,1,55,16449,503,13740,2709,0,2709,0,0,0,0,0,0.1646908626664235,12.772343382941846,0.0,0.0,0.0548936170212766,0.1435258358662614,0.1468693009118541,0.0,0.0,0.016048632218844984,0.2195744680851064,0.0,0.0,0.0,0.0,0.0,0.0,0.0,0.0,0.0,3.6511627906976742,10.0,26.0,13.5,7.5957168953710905,0.8846153846153846,9.387968233263058,0.8076923076923077,12.061859256086771,0.6923076923076923,1,0.37192193105125554,998,0.8846153846153846,3.769230769230769,3.927263059856574,8.615848069579126,0.9352980320813895,0.3937089526443139,0.03359173126614987,7.958809164048907
385fa1b6.qasm,1,34,530,32,530,0,0,0,0,32,0,0,496,0.0,10.068026939534285,0.0,0.0,0.0,0.0,0.0,0.0,0.0,0.0,0.0,0.031189083820662766,0.0,0.0,0.0,0.0,0.0,0.0,0.0,1.0,0.0,0.0,0.0,0.0,0.0,0.0,0.0,0.0,0.0,0.0,1,1.0,0,0.0,0.0,0.0,0.0,-12.0,0.0,1.0,0.0
386534f5.qasm,1,47,13469,501,11255,2214,0,2214,0,0,0,0,0,0.16437745935110254,12.568501503907846,0.0,0.0,0.054788418708240534,0.14394951744617668,0.1471417965850037,0.0,0.0,0.016629547141796586,0.21915367483296214,0.0,0.0,0.0,0.0,0.0,0.0,0.0,0.0,0.0,3.341463414634146,9.0,22.0,11.5,7.459812961687268,0.8636363636363636,9.241957151112375,0.7727272727272727,11.896301018168153,0.6363636363636364,1,0.44590480433652635,984,0.8636363636363636,3.727272727272727,3.941399660868086,11.394376010713277,1.056690546934239,0.5411070411070411,0.14814814814814814,7.982910085122243
3a8d3e53.qasm,1,66,2617,2319,1063,968,586,968,0,64,0,480,0,0.36988918609094384,10.891968704950774,0.04526901669758813,0.003339517625231911,0.0,0.0,0.0,0.0,0.00927643784786642,0.07792207792207792,0.0,0.013358070500927645,0.0,0.07050092764378478,0.07050092764378478,0.0,0.0,0.0,0.00037105751391465676,1.0,20.84995166413479,60.0,32.0,16.253968253968253,9.393146839313518,0.9047619047619048,11.199233863780007,0.8412698412698413,13.908404931092285,0.746031746031746,1,0.018401638194619766,529,0.0,0.0,0.0,0.0,-12.0,0.0,1.0,5.229694638077371
3be98d6c.qasm,1,130,259,8,131,128,0,0,0,128,0,0,0,0.4942084942084942,8.95364003713313,0.0,0.0,0.0,0.0,0.0,0.0,0.0,0.0,0.0,0.4942084942084942,0.0,0.0,0.0,0.4942084942084942,0.0,0.0,0.003861003861003861,1.0,43.546875,117.0,64.0,32.25196850393701,7.354806150899929,0.952755905511811,9.156519121889023,0.9212598425196851,11.856434522647543,0.8740157480314961,1,0.71484375,81,0.6850393700787402,2.9499516235415335,4.000000000000001,32.78762487826125,1.5157099576994217,0.06954053574596417,0.046875,8.033664356331878
3c1f4948.qasm,1,11,5,3,3,0,2,0,0,9,0,2,0,0.0,9.240287448344136,0.21498371335504887,0.10749185667752444,0.0,0.0,0.0,0.0,0.0,0.0,0.0,0.10423452768729642,0.0,0.05211726384364821,0.05211726384364821,0.0,0.0,0.0,0.003257328990228013,1.0,3.4017094017094016,8.0,4.0,2.5,6.694529475940982,0.25,6.694529475940982,0.0,6.694529475940982,0.0,1,1.0,468,0.0,0.0,0.0,0.0,-12.0,0.0,1.0,4.337039739920378
3c2f55c1.qasm,1,78,27076,9406,12825,6271,7980,6271,0,31,3990,0,0,0.2316073275225292,12.994502732795263,0.2565998906717258,0.0,0.0,0.0,0.0,0.0,0.0,0.0,0.0,0.13746422714556739,0.2657320171066594,0.0,0.0,0.0,0.0,0.1282999453358629,0.0,0.0,14.916049565104984,31.0,22.0,11.5,9.51752907502612,0.8636363636363636,11.322451814248907,0.7727272727272727,14.02983383227005,0.6363636363636364,1,0.0054829459486721325,301,0.6818181818181818,3.4034186165959,4.000000000000001,8.654285165969217,0.9372312014666868,0.03968960692023916,9.233439825672656e-05,7.979606681880183
3c890561.qasm,1,66,2177,191,130,2047,0,0,31,63,0,0,0,0.9402847955902618,11.14712327991844,0.0,0.9260450160771704,0.0,0.0,0.0,0.0,0.0,0.0,0.0,0.05787781350482315,0.00045934772622875517,0.0,0.0,0.0,0.01423977951309141,0.0,0.00045934772622875517,1.0,21.82315583781143,63.0,32.0,16.253968253968253,8.260488742437712,0.9047619047619048,10.065037125806251,0.8412698412698413,12.771005711031467,0.746031746031746,1,0.25390984360625574,461,0.0,1.3054244178754653,0.6837604581337385,1.7773724611905187e-19,-11.999999922809701,0.0007069358259366899,0.06399609184171959,7.545358597726068
3ccd19ee.qasm,1,52,15000,502,12534,2466,0,2466,0,0,0,0,0,0.1644,12.679420676026298,0.0,0.0,0.05479634691020599,0.14372375174988333,0.14745683621091926,0.0,0.0,0.01673221785214319,0.21918538764082396,0.0,0.0,0.0,0.0,0.0,0.0,0.0,0.0,0.0,3.54014598540146,9.0,25.0,12.755102040816327,7.5379704423550775,0.8775510204081632,9.317889935213621,0.7959183673469388,11.991836715857803,0.673469387755102,1,0.4003200426723563,991,0.8775510204081632,3.7551020408163267,3.9160899792771158,10.687594259847364,1.0288799580381227,0.5327852416282334,0.15004055150040552,7.982144224048703
3db115f1.qasm,1,61,82,24,64,18,0,18,0,29,0,0,0,0.21951219512195122,7.656337166430183,0.0,0.0,0.0,0.0,0.0,0.0,0.0,0.0,0.0,0.5221238938053098,0.008849557522123894,0.0,0.0,0.0,0.0,0.0,0.017699115044247787,0.0,13.11111111111111,29.0,10.0,5.344827586206897,5.805082673935151,0.6551724137931034,7.434387755881206,0.4827586206896552,9.596846690332171,0.20689655172413793,1,1.0,18,0.0,0.0,0.0,0.0,-12.0,0.0,1.0,3.5602653978627146
3e2fde05.qasm,1,43,12109,501,10120,1989,0,1989,0,0,0,0,0,0.16425798992484927,12.460098394855985,0.0,0.0,0.054748142031379024,0.14500412881915772,0.14649050371593725,0.0,0.0,0.016350123864574732,0.2189925681255161,0.0,0.0,0.0,0.0,0.0,0.0,0.0,0.0,0.0,3.248868778280543,8.0,20.0,10.5,7.399939978290751,0.85,9.180864032609222,0.75,11.831790934390213,0.6,1,0.46312050879656397,922,0.825,3.675,3.899457099211247,11.417971635839207,1.0575889598115484,0.5783057851239669,0.146807440925088,7.99308668342204
3e730381.qasm,1,72,38,37,4,34,0,34,0,35,0,0,0,0.8947368421052632,7.463363045520021,0.0,0.0,0.0,0.0,0.0,0.0,0.0,0.0,0.0,0.013157894736842105,0.0,0.0,0.0,0.0,0.0,0.0,0.013157894736842105,0.0,1.0,1.0,1.0,1.0,2.436162647040756,0.0,2.436162647040756,0.0,2.436162647040756,0.0,1,1.0,34,0.0,1.0,1.0,0.0,-12.0,0.0,1.0,2.7299742856995555
3eb6cff0.qasm,1,259,67,65,3,0,64,0,0,257,0,64,0,0.0,16.145647294572946,0.2074434172776538,0.12248963978323239,0.0,0.0,0.0,0.0,0.0,0.0,0.0,0.10328339177558177,0.0,0.051641695887790884,0.051641695887790884,0.0,0.0,0.0,7.969397513547975e-05,1.0,90.85611799993815,256.0,128.0,64.5,10.779401791358728,0.9765625,12.585573994981942,0.9609375,15.294831044263473,0.9375,1,0.000685,110,0.0,0.0,0.0,0.0,-12.0,0.0,1.0,5.203383772723263
3eca4614.qasm,1,47,13469,501,11255,2214,0,2214,0,0,0,0,0,0.16437745935110254,12.568219590724798,0.0,0.0,0.054788418708240534,0.1437268002969562,0.1471417965850037,0.0,0.0,0.016406829992576095,0.21915367483296214,0.0,0.0,0.0,0.0,0.0,0.0,0.0,0.0,0.0,3.341463414634146,9.0,22.0,11.5,7.459812961687268,0.8636363636363636,9.241957151112375,0.7727272727272727,11.896301018168153,0.6363636363636364,1,0.44679587138932203,985,0.8636363636363636,3.727272727272727,3.911095309913273,10.65624422580175,1.0276041653456538,0.559342665855143,0.14814814814814814,7.987810974365534
3ee85ccf.qasm,1,22,5762,501,4817,945,0,945,0,0,0,0,0,0.16400555362721278,11.701485853054026,0.0,0.0,0.05465903175429464,0.144369252125629,0.14679854242581988,0.0,0.0,0.01631094915842443,0.21863612701717855,0.0,0.0,0.0,0.0,0.0,0.0,0.0,0.0,0.0,2.5428571428571427,5.0,10.0,5.2631578947368425,6.960432388581718,0.6842105263157895,8.64603217300255,0.47368421052631576,11.154786160819661,0.15789473684210525,1,1.0,945,0.6842105263157895,3.3684210526315788,3.9046380329295447,11.74918271981676,1.0700076578743118,0.5501165501165501,0.2105820105820106,7.874962539931243
3f072f57.qasm,1,30,7910,501,6614,1296,0,1296,0,0,0,0,0,0.1638432364096081,12.029526379592745,0.0,0.0,0.05460750853242321,0.14448236632536973,0.14637846037163443,0.0,0.0,0.01794969030463911,0.21843003412969283,0.0,0.0,0.0,0.0,0.0,0.0,0.0,0.0,0.0,2.8055555555555554,6.0,14.0,7.2592592592592595,7.133357009468179,0.7777777777777778,8.890653689678444,0.6296296296296297,11.497176368868525,0.4074074074074074,1,0.650227617602428,840,0.7777777777777778,3.5555555555555554,3.935928662932305,9.908007551457795,0.99598632891457,0.5743589743589743,0.1743827160493827,7.89554241355914
3f858470.qasm,1,128,9831,495,5925,3906,0,3906,0,63,0,0,0,0.3973146170277693,12.145069201969841,0.0,0.0,0.0,0.0,0.0,0.0,0.5919975750227342,0.0,0.0,0.006365565322825098,0.0,0.0,0.0,0.0,0.0,0.0,0.0001010407194099222,0.0,21.333333333333332,62.0,31.0,16.0,8.532905289842946,0.9032258064516129,10.33851338614064,0.8387096774193549,13.045891349230143,0.7419354838709677,1,0.24877899877899878,966,0.0,0.0,0.0,0.0,-12.0,0.0,1.0,5.214719367766748
40b719e2.qasm,1,42,190741,45464,137392,53349,0,43587,0,0,0,0,0,0.2796934062419721,14.849527079411843,0.0,0.0,0.14592236729641309,0.0,0.044003654690677595,0.0,0.0,0.0,0.0,0.2734828612691208,0.0,0.0,0.0,0.0,0.0,0.0,0.0,0.0,13.551931620086599,39.0,20.0,10.256410256410257,9.470815822989382,0.8461538461538461,11.274995629580642,0.7435897435897436,13.977748990949864,0.5897435897435898,1,0.00590859761244423,331,0.46153846153846156,3.267232429901867,4.0,22.43823093815284,1.3509886135429552,0.10591471801925723,0.0014995595043955838,7.918572263443018
40e78b26.qasm,1,26,43,24,7,16,20,16,0,4,0,0,0,0.37209302325581395,7.115582126184454,0.38461538461538464,0.0,0.0,0.0,0.0,0.0,0.0,0.0,0.0,0.0,0.09615384615384616,0.0,0.0,0.0,0.0,0.0,0.0,0.0,5.205882352941177,16.0,10.0,5.2631578947368425,6.422241903836901,0.6842105263157895,8.180520338846216,0.47368421052631576,10.709655737667738,0.15789473684210525,1,1.0,136,0.0,0.0,0.0,0.0,-12.0,0.0,1.0,4.010342366139568
41bd27aa.qasm,1,70,345,16,144,201,0,201,0,0,0,0,0,0.5826086956521739,8.361708288575842,0.0,0.0,0.0,0.0,0.0,0.0,0.0,0.0,0.0,0.3954154727793696,0.0,0.011461318051575931,0.0,0.0,0.0,0.0,0.0,0.0,13.26865671641791,34.0,34.0,17.253731343283583,7.020786128071025,0.9104477611940298,8.813940305628057,0.8507462686567164,11.49223093962013,0.7611940298507462,1,1.0,201,0.3283582089552239,2.1791044776119404,4.000000000000001,38.7122311845404,1.5878482026599505,0.09273329436976427,0.19402985074626866,7.87537046940358
42a256ea.qasm,1,45,13179,501,11010,2169,0,2169,0,0,0,0,0,0.1645800136580924,12.545654328522712,0.0,0.0,0.05485584218512898,0.14332321699544764,0.14673748103186646,0.0,0.0,0.01646433990895296,0.21942336874051593,0.0,0.0,0.0,0.0,0.0,0.0,0.0,0.0,0.0,3.2904564315352696,8.0,21.0,11.0,7.443248855051561,0.8571428571428571,9.231462342188992,0.7619047619047619,11.876234916184236,0.6190476190476191,1,0.4558700766487061,985,0.8571428571428571,3.7142857142857144,3.9452396386605573,12.692334486704754,1.1035415087337983,0.5601154877294288,0.1553711387736284,7.97721730234843
42a71e24.qasm,1,66,2182,130,166,2016,0,32,0,64,0,1984,0,0.923923006416132,11.376762040157358,0.0,0.0,0.0,0.0,0.00045662100456621003,0.0,0.0,0.0,0.058447488584474884,0.01643835616438356,0.0,0.0,0.0,0.0,0.0,0.0,0.0018264840182648401,1.0,11.168,32.0,32.0,16.253968253968253,8.26078781454291,0.9047619047619048,10.064481865819104,0.8412698412698413,12.766303447728706,0.746031746031746,1,0.07414772727272727,307,0.8571428571428571,3.7142857142857144,4.000000000000001,18.51144439041364,1.2674403067222926,0.2924583741429971,0.00125,8.03619918236478
42fa6cae.qasm,1,55,15825,503,13224,2601,0,2601,0,0,0,0,0,0.16436018957345971,12.732731263307487,0.0,0.0,0.05478326803993429,0.14482497156577784,0.1465942120561102,0.0,0.0,0.015796790092253255,0.21913307215973715,0.0,0.0,0.0,0.0,0.0,0.0,0.0,0.0,0.0,3.6505190311418687,10.0,26.0,13.5,7.577468924094197,0.8846153846153846,9.369112432712935,0.8076923076923077,12.0413647681753,0.6923076923076923,1,0.4270997914428364,1100,0.8846153846153846,3.769230769230769,3.929778088424021,9.002550700768426,0.9543655759197335,0.3794487090020935,0.03498654363706267,7.939559670076003
43168c33.qasm,1,9,20,12,5,10,5,10,0,7,0,0,0,0.5,6.324358962381311,0.25,0.0,0.0,0.0,0.0,0.0,0.0,0.0,0.0,0.0,0.1,0.0,0.0,0.0,0.0,0.0,0.05,1.0,2.275,4.0,3.0,2.0,4.580069222725036,0.0,4.580069222725036,0.0,4.580069222725036,0.0,1,1.0,40,0.0,0.0,0.0,0.0,-12.0,0.0,1.0,3.0557604646877348
4318a3ef.qasm,1,41,11559,501,9660,1899,0,1899,0,0,0,0,0,0.16428756812873085,12.413172177124702,0.0,0.0,0.05475778546712803,0.1448961937716263,0.14653979238754325,0.0,0.0,0.01660899653979239,0.2190311418685121,0.0,0.0,0.0,0.0,0.0,0.0,0.0,0.0,0.0,3.184834123222749,8.0,19.0,10.0,7.373498438072787,0.8421052631578947,9.142251436476561,0.7368421052631579,11.799959194285087,0.5789473684210527,1,0.4711430301981483,898,0.8421052631578947,3.6842105263157894,3.899457099211246,12.007038289126358,1.0794358955533918,0.5851602023608768,0.14902580305423907,7.991359822227905
4327c91d.qasm,1,55,13691,432,11441,2250,0,2250,0,0,0,0,0,0.1643415382367979,12.588473814039787,0.0,0.0,0.054776511831726556,0.14468302658486706,0.1465089103125913,0.0,0.0,0.016725094945953842,0.21910604732690622,0.0,0.0,0.0,0.0,0.0,0.0,0.0,0.0,0.0,4.096,10.0,26.0,13.5,7.565763040364966,0.8846153846153846,9.358350495097703,0.8076923076923077,12.032068625946428,0.6923076923076923,1,0.504127401563299,1125,0.8846153846153846,3.769230769230769,3.934799325283281,8.873606821307282,0.9481001817482237,0.3922902494331066,0.04044444444444444,7.945004819335499
432efc30.qasm,1,10,49,23,18,31,0,0,3,7,0,0,0,0.6326530612244898,7.016609683894219,0.0,0.5714285714285714,0.0,0.0,0.0,0.0,0.0,0.0,0.0,0.2857142857142857,0.02040816326530612,0.0,0.0,0.0,0.061224489795918366,0.0,0.02040816326530612,1.0,3.096774193548387,7.0,4.0,2.2857142857142856,5.392895593155036,0.14285714285714285,5.392895593155036,0.0,5.392895593155036,0.0,1,1.0,31,0.0,0.0,0.0,0.0,-12.0,0.0,1.0,3.110252917353403
445caba2.qasm,1,10,43,17,11,32,0,0,4,8,0,0,0,0.7441860465116279,6.962243464266207,0.0,0.6511627906976745,0.0,0.0,0.0,0.0,0.0,0.0,0.0,0.18604651162790697,0.0,0.0,0.0,0.0,0.09302325581395349,0.0,0.023255813953488372,1.0,3.125,7.0,4.0,2.2857142857142856,5.47656645120612,0.14285714285714285,5.47656645120612,0.0,5.47656645120612,0.0,1,1.0,32,0.0,0.0,0.0,0.0,-12.0,0.0,1.0,3.128722284338427
448ebca1.qasm,1,10,48,17,13,8,27,1,0,8,0,15,0,0.16666666666666666,8.067462667010057,0.06451612903225806,0.06451612903225806,0.0,0.008064516129032258,0.008064516129032258,0.0,0.008064516129032258,0.008064516129032258,0.008064516129032258,0.18548387096774194,0.0,0.056451612903225805,0.06451612903225806,0.0,0.0,0.0,0.008064516129032258,1.0,3.176767676767677,7.0,4.0,2.2857142857142856,6.293889355859524,0.14285714285714285,6.293889355859524,0.0,6.293889355859524,0.0,1,1.0,198,0.0,1.8296221317225148,2.224506391661261,0.0,-12.0,0.0,1.0,4.92387065025574
46073cb3.qasm,0,128,65541,61758,3,0,65538,0,0,128,0,65538,0,0.0,17.12271244857334,0.0,0.16730290456431535,0.0,0.0,0.14697095435684648,0.0,0.0,0.0,0.0,0.0053112033195020746,0.0,0.0,0.0,0.0,0.0,0.0,8.298755186721991e-05,1.0,0.0,0.0,0.0,0.0,0.0,0.0,0.0,0.0,0.0,0.0,0.0,0.0,0.0,0.0,0.0,0.0,0.0,0.0,0.0,0.0,0.0
46188cf9.qasm,1,52,15000,502,12534,2466,0,2466,0,0,0,0,0,0.1644,12.679040626739924,0.0,0.0,0.05479634691020599,0.1449236717552163,0.14745683621091926,0.0,0.0,0.015798946736884208,0.21918538764082396,0.0,0.0,0.0,0.0,0.0,0.0,0.0,0.0,0.0,3.54014598540146,9.0,25.0,12.755102040816327,7.5379704423550775,0.8775510204081632,9.317889935213621,0.7959183673469388,11.991836715857803,0.673469387755102,1,0.378117082277637,929,0.8775510204081632,3.7551020408163267,3.9261369773834356,10.065283310915682,1.0028260036296541,0.526497461928934,0.15004055150040552,7.972500357806142
46de7f9b.qasm,1,32,10773,10099,7507,3266,0,3266,0,0,0,0,0,0.30316532070918034,13.007861203829219,0.0,0.0,0.18984875197179177,0.0,0.5046859051684142,0.0,0.0,0.0,0.0,0.0018558040270947387,0.0,0.0,0.0,0.0,0.0,0.0,0.0,0.0,2.7795468462951622,24.0,15.0,7.758620689655173,7.565244024851883,0.7931034482758621,9.357402629333205,0.6551724137931034,11.917173643968356,0.4482758620689655,1,0.5960449354748862,2128,0.5517241379310345,3.038662404014113,0.5859466504081746,1.1823882848112207e-05,-4.927239845218845,0.01140560504019118,0.6439069197795468,7.537236334239557
4737100f.qasm,1,130,8454,258,326,8128,0,64,0,128,0,8064,0,0.9614383723681098,12.71174199855115,0.0,0.0,0.0,0.0,0.0001181753722524226,0.0,0.0,0.0,0.030252895296620185,0.008035925313164737,0.0,0.0,0.0,0.0,0.0,0.0,0.0004727014890096904,1.0,21.83399209486166,64.0,64.0,32.25196850393701,9.160478404528277,0.952755905511811,10.966267249053306,0.9212598425196851,13.674491946026434,0.8740157480314961,1,0.0016891891891891893,32,0.7007874015748031,2.8976377952755907,4.000000000000001,17.412097786627754,1.2408510974971927,0.02312992125984252,0.00030879446640316206,8.043727234629026
474aa01a.qasm,1,55,14107,432,11785,2322,0,2322,0,0,0,0,0,0.16459913518111577,12.618182296357007,0.0,0.0,0.05486248936773462,0.14452792741706832,0.14672526226254606,0.0,0.0,0.01552310745676212,0.21944995747093848,0.0,0.0,0.0,0.0,0.0,0.0,0.0,0.0,0.0,4.093023255813954,10.0,26.0,13.5,7.5794687904805915,0.8846153846153846,9.372484974552886,0.8076923076923077,12.047387820917107,0.6923076923076923,1,0.3523573200992556,809,0.8846153846153846,3.769230769230769,3.9318813624804116,7.334292291453063,0.8653582137833118,0.36608897623727,0.03919035314384152,7.929882285246242
4846208f.qasm,1,21,78,52,28,46,4,0,0,3,0,0,0,0.5897435897435898,7.336936913707618,0.04819277108433735,0.0,0.0,0.0,0.0,0.0,0.0,0.0,0.0,0.24096385542168675,0.03614457831325301,0.0,0.0,0.012048192771084338,0.0,0.0,0.03614457831325301,0.0,2.942857142857143,9.0,7.0,4.0,5.790741742615034,0.5714285714285714,7.413886670966844,0.2857142857142857,8.183413854636191,0.0,1,1.0,70,0.0,1.5689845917615775,1.0,0.0,-12.0,0.0,1.0,5.532184710423082
4a262567.qasm,1,47,13469,501,11255,2214,0,2214,0,0,0,0,0,0.16437745935110254,12.568943356005917,0.0,0.0,0.054788418708240534,0.14424647364513735,0.1471417965850037,0.0,0.0,0.0170007423904974,0.21915367483296214,0.0,0.0,0.0,0.0,0.0,0.0,0.0,0.0,0.0,3.341463414634146,9.0,22.0,11.5,7.459812961687268,0.8636363636363636,9.241957151112375,0.7727272727272727,11.896301018168153,0.6363636363636364,1,0.44070691319521793,970,0.8636363636363636,3.727272727272727,3.918972548091161,10.958306441423527,1.0397434410118918,0.5359712230215827,0.14814814814814814,7.957212598873784
4a5eba47.qasm,1,130,512,257,258,254,0,127,0,128,0,0,0,0.49609375,9.705828982731935,0.0,0.0,0.0,0.49609375,0.0,0.0,0.0,0.0,0.0,0.0,0.001953125,0.0,0.0,0.248046875,0.0,0.0,0.001953125,1.0,1.0,1.0,2.0,1.984251968503937,3.9558320102324216,0.0,3.9558320102324216,0.0,3.9558320102324216,0.0,1,1.0,254,0.0,1.0,1.0,0.0,-12.0,0.0,1.0,4.002122846225162
4ae57e38.qasm,1,34,1619,130,131,1488,0,1488,0,32,0,0,0,0.9190858554663373,10.281889741094604,0.0,0.0,0.0,0.07906114885731934,0.0,0.0,0.0,0.0,0.0,0.0,0.0,0.0,0.0,0.0,0.0,0.0,0.0006176652254478073,1.0,11.0,31.0,16.0,8.258064516129032,7.8246632776073755,0.8064516129032258,9.626742004509808,0.6774193548387096,12.321912222532628,0.4838709677419355,1,0.525990099009901,792,0.0,2.6129032258064515,2.6865972355991525,0.0,-12.0,0.0,1.0,7.177684481120657
4cbdcf4f.qasm,1,26,7122,501,5952,1170,0,1170,0,0,0,0,0,0.16427969671440606,11.92218337131709,0.0,0.0,0.05475221114698863,0.14404043240207778,0.14684823810192335,0.0,0.0,0.016425663344096588,0.21900884458795453,0.0,0.0,0.0,0.0,0.0,0.0,0.0,0.0,0.0,2.8923076923076922,6.0,12.0,6.260869565217392,7.109376335248357,0.7391304347826086,8.86794268713831,0.5652173913043478,11.384922215273296,0.30434782608695654,1,0.7603932584269663,892,0.7391304347826086,3.4782608695652173,3.915363879638446,12.51350951701155,1.0973791282482197,0.5849143914854235,0.18547008547008548,7.947124493167923
4d59437e.qasm,1,116,558004,359602,272804,100400,184800,100400,0,57,52425,0,0,0.17992702561271962,15.995595645370607,0.30418217775709633,0.0,0.0,0.0,0.0012796649604467194,0.0,0.0,0.0,0.0,0.030711959050721264,0.35068636575151235,0.015355979525360632,0.015355979525360632,0.0,0.0,0.08652280130293159,2.908329455560726e-05,0.0,24.820164001586694,55.0,28.0,14.5,10.192701042983854,0.8928571428571429,11.997191763705212,0.8214285714285714,14.702860968090716,0.7142857142857143,1,0.00265,413,0.0,0.0,0.0,0.0,-12.0,0.0,1.0,5.210695654378361
4d78cdd5.qasm,1,8,21,12,13,8,0,8,0,3,0,0,0,0.38095238095238093,5.802118375377063,0.0,0.0,0.0,0.0,0.0,0.0,0.0,0.0,0.0,0.07692307692307693,0.07692307692307693,0.15384615384615385,0.11538461538461539,0.0,0.0,0.0,0.0,0.0,1.25,2.0,1.0,1.0,1.9084850188786497,0.0,1.9084850188786497,0.0,1.9084850188786497,0.0,1,1.0,8,0.0,0.0,1.0,0.0,-12.0,0.0,1.0,2.0827853703164503
4dc2ff13.qasm,1,18,50,18,35,15,0,15,0,16,0,0,0,0.3,7.780303087908373,0.0,0.0,0.0,0.32,0.0,0.0,0.0,0.0,0.32,0.0,0.0,0.0,0.0,0.0,0.0,0.0,0.02,1.0,1.0,1.0,1.0,1.0,2.0827853703164503,0.0,2.0827853703164503,0.0,2.0827853703164503,0.0,1,1.0,15,0.0,1.0,0.9892004874311032,0.0,-12.0,0.0,1.0,2.367355921026019
4e8df7a8.qasm,1,199,2070004,576808,992804,364400,712800,364400,0,177,196485,0,0,0.1760383071723533,17.401028413919633,0.30249992058702074,0.0,0.0,0.0,0.0003811823004351831,0.0,0.0,0.0,0.0,0.03201931323655538,0.34525586861916713,0.01600965661827769,0.01600965661827769,0.0,0.0,0.08697309488262761,3.176519170293193e-05,0.0,76.4714893782686,175.0,88.0,44.5,10.683584749747308,0.9659090909090909,12.489613217596759,0.9431818181818182,15.19856780487729,0.9090909090909091,1,0.000865,134,0.0,0.0,0.0,0.0,-12.0,0.0,1.0,5.222156989286369
4f476879.qasm,1,30,8222,501,6872,1350,0,1350,0,0,0,0,0,0.16419362685477987,12.068148762887779,0.0,0.0,0.05472455308281649,0.1441079897847501,0.1466618022619482,0.0,0.0,0.01678219627873039,0.21889821233126597,0.0,0.0,0.0,0.0,0.0,0.0,0.0,0.0,0.0,2.8,6.0,14.0,7.2592592592592595,7.150726268389979,0.7777777777777778,8.912264423427496,0.6296296296296297,11.51865771401333,0.4074074074074074,1,0.5604622871046229,761,0.7777777777777778,3.5555555555555554,3.915363879638445,11.640686290763213,1.0659785854260424,0.5824993584808827,0.17407407407407408,7.898311708662764
4f48ab57.qasm,1,18,164,34,50,114,0,0,0,0,0,114,0,0.6951219512195121,8.59489469908009,0.0,0.0,0.19047619047619047,0.0,0.005952380952380952,0.0,0.0,0.0,0.0,0.09523809523809523,0.0,0.0,0.0,0.0,0.0,0.0,0.0,1.0,5.964912280701754,15.0,8.0,4.266666666666667,6.737269711205539,0.6,8.509014254536469,0.3333333333333333,10.247712506414025,0.0,1,1.0,228,0.6,3.2,3.9144469067347947,7.129395661475176,0.853052717508273,0.42776886035313,0.16666666666666666,7.616669742397472
4f9a3ab1.qasm,1,34,34,32,3,1,30,1,0,32,0,30,0,0.029411764705882353,7.656810091480378,0.047619047619047616,0.0,0.0,0.0,0.0,0.0,0.0,0.0,0.0,0.0,0.0,0.0,0.0,0.0,0.0,0.0,0.023809523809523808,1.0,10.08713692946058,16.0,16.0,8.258064516129032,6.987290473406025,0.8064516129032258,8.785362533306454,0.6774193548387096,11.482686358097487,0.4838709677419355,1,1.0,241,0.0,0.0,0.0,0.0,-12.0,0.0,1.0,4.5678377032007615
4fd60583.qasm,1,100,231863,111595,145905,85958,0,85958,0,0,0,0,0,0.37072754169488015,16.09267004229195,0.0,0.0,0.18233858068861014,0.0,0.4163650138900581,0.0,0.0,0.0,0.0,0.039060526980385556,0.0,0.0,0.0,0.0,0.0,0.0,0.0,0.0,47.83778124200191,91.0,49.0,24.75257731958763,10.226332229727548,0.9381443298969072,12.03219927640744,0.8969072164948454,14.741410771956495,0.8350515463917526,1,0.007185339492195755,449,0.020618556701030927,0.8119060567233346,3.7054527035665696,1.8949994399040626e-16,-11.999917709016826,0.01327467778035039,0.0018846413364666465,7.215143963628924
4ffb1090.qasm,1,131,35,33,3,0,32,0,0,129,0,32,0,0.0,14.749752793096507,0.21372031662269128,0.11172059436189419,0.0,0.0,0.0,0.0,0.0,0.0,0.0,0.10665185390917928,0.0,0.05332592695458964,0.05332592695458964,0.0,0.0,0.0,6.943480072212192e-05,1.0,42.31964969896004,128.0,64.0,32.5,10.306807286189652,0.953125,12.112975725429376,0.921875,14.822226355577747,0.875,1,0.0015765018254231663,183,0.0,0.0,0.0,0.0,-12.0,0.0,1.0,5.181228854964545
5050d142.qasm,1,44,64,23,44,0,20,0,0,1,0,0,0,0.0,7.528331766707247,0.0,0.0,0.0,0.5970149253731343,0.0,0.0,0.0,0.0,0.0,0.029850746268656716,0.0,0.0,0.0,0.0,0.0,0.0,0.0,0.0,20.25,40.0,20.0,10.5,7.113527867879163,0.85,8.911631389305569,0.75,11.606535391885908,0.6,1,1.0,160,0.0,1.0,1.9946169860943315,0.0,-12.0,0.0,1.0,5.844234176241737
51b16166.qasm,1,26,7122,501,5952,1170,0,1170,0,0,0,0,0,0.16427969671440606,11.92235603357023,0.0,0.0,0.05475221114698863,0.145163554682016,0.14684823810192335,0.0,0.0,0.01614488277411203,0.21900884458795453,0.0,0.0,0.0,0.0,0.0,0.0,0.0,0.0,0.0,2.8923076923076922,6.0,12.0,6.260869565217392,7.109376335248357,0.7391304347826086,8.86794268713831,0.5652173913043478,11.384922215273296,0.30434782608695654,1,0.773876404494382,910,0.7391304347826086,3.4782608695652173,3.9136364816501876,13.050747006857186,1.115635370806221,0.6050884955752213,0.18547008547008548,7.977880000854683
51b543de.qasm,1,55,23475,717,19605,3870,0,3870,0,0,0,0,0,0.16485623003194888,13.127868198038774,0.0,0.0,0.05494973590049412,0.14338047367524281,0.1469585960129494,0.0,0.0,0.015675583574714602,0.2197989436019765,0.0,0.0,0.0,0.0,0.0,0.0,0.0,0.0,0.0,4.093023255813954,10.0,26.0,13.5,7.801478137459915,0.8846153846153846,9.594707967546153,0.8076923076923077,12.269893110984595,0.6923076923076923,1,0.22148851872363992,852,0.8846153846153846,3.769230769230769,3.918690182935036,8.47586158782709,0.9281838559984901,0.3822695035460993,0.023514211886304908,7.940356169804348
52b00428.qasm,1,55,16449,503,13740,2709,0,2709,0,0,0,0,0,0.1646908626664235,12.77271511697185,0.0,0.0,0.0548936170212766,0.14437689969604864,0.1468693009118541,0.0,0.0,0.016109422492401215,0.2195744680851064,0.0,0.0,0.0,0.0,0.0,0.0,0.0,0.0,0.0,3.6511627906976742,10.0,26.0,13.5,7.5957168953710905,0.8846153846153846,9.387968233263058,0.8076923076923077,12.061859256086771,0.6923076923076923,1,0.33325226485073267,904,0.8846153846153846,3.769230769230769,3.935929297472078,8.081227403113838,0.9074773278434942,0.38123682361208716,0.03359173126614987,7.9502009649275625
53442dc5.qasm,1,10,51,19,12,39,0,7,4,8,0,0,0,0.7647058823529411,7.063903961472068,0.0,0.5490196078431373,0.0,0.0,0.0,0.0,0.0,0.0,0.0,0.17647058823529413,0.0,0.0,0.0,0.0,0.0784313725490196,0.0,0.0196078431372549,1.0,2.7435897435897436,7.0,4.0,2.2857142857142856,5.488337747191144,0.14285714285714285,5.488337747191144,0.0,5.488337747191144,0.0,1,1.0,39,0.0,1.0,1.0,0.0,-12.0,0.0,1.0,3.989138224215789
5357322a.qasm,1,30,2993,2483,2071,922,0,922,0,0,0,0,0,0.3080521216171066,11.725638810309619,0.0,0.0,0.17017017017017017,0.0,0.5135135135135135,0.0,0.0,0.0,0.0,0.00667334000667334,0.0,0.0,0.0,0.0,0.0,0.0,0.0,0.0,4.036876355748373,23.0,14.0,7.2592592592592595,7.171025196787284,0.7777777777777778,8.941844553310318,0.6296296296296297,11.451893140571022,0.4074074074074074,1,1.0,922,0.6296296296296297,3.3327298589873835,3.093100017139851,0.019706097477217473,-1.7053993732591073,0.2477767555964428,0.6247288503253796,7.823292967956533
5385a9e9.qasm,1,49,13863,502,11586,2277,0,2277,0,0,0,0,0,0.16425016230253192,12.597729523987478,0.0,0.0,0.05474610502019619,0.1449798038084247,0.146999422965955,0.0,0.0,0.016878245816503174,0.21898442008078475,0.0,0.0,0.0,0.0,0.0,0.0,0.0,0.0,0.0,3.4071146245059287,9.0,23.0,12.0,7.485452492238303,0.8695652173913043,9.262023887284572,0.782608695652174,11.932681616391688,0.6521739130434783,1,0.4374143279705649,990,0.8695652173913043,3.739130434782609,3.8994911395322682,11.197224812537426,1.04911039785353,0.5316872427983539,0.14800175669740886,7.9677969923556144
53e971c2.qasm,1,18,90,82,3,73,14,73,0,16,0,14,0,0.8111111111111111,7.715569534520208,0.0,0.0,0.0,0.0,0.0,0.0,0.0,0.0,0.0,0.02,0.0,0.02,0.02,0.0,0.0,0.0,0.01,1.0,4.834782608695652,8.0,8.0,4.266666666666667,6.3392019236121,0.6,8.132150426384378,0.3333333333333333,9.672873888318035,0.0,1,1.0,115,0.0,0.0,0.0,0.0,-12.0,0.0,1.0,3.9018395920512297
54c8f710.qasm,1,10,23,9,13,10,0,10,0,12,0,0,7,0.43478260869565216,6.98100574072173,0.0,0.0,0.0,0.0,0.0,0.0,0.0,0.0,0.0,0.13333333333333333,0.23333333333333334,0.0,0.0,0.0,0.0,0.0,0.0,1.0,1.0,1.0,2.0,1.2857142857142858,2.285557309007774,0.0,2.285557309007774,0.0,2.285557309007774,0.0,1,1.0,10,0.0,0.5714285714285714,1.0,0.0,-12.0,0.0,1.0,2.3961993470957363
54f0b8c5.qasm,1,33,782,364,364,389,29,389,0,31,0,0,0,0.49744245524296676,9.475470039957452,0.0370843989769821,0.0,0.0,0.0,0.0,0.0,0.0076726342710997444,0.0792838874680307,0.005115089514066497,0.01278772378516624,0.028132992327365727,0.061381074168797956,0.061381074168797956,0.0,0.0,0.0,0.0012787723785166241,1.0,10.60923623445826,23.0,15.0,8.0,7.380537292539561,0.8,9.18227992406236,0.6666666666666666,11.879335741365285,0.4666666666666667,1,1.0,563,0.0,0.0,0.0,0.0,-12.0,0.0,1.0,4.95935149192863
551cc6ea.qasm,1,58,2039,93,2,2037,0,0,0,0,0,0,0,0.9990191270230505,11.300969103046583,0.0,0.0,0.0,0.0,0.0,0.0,0.0,0.0,0.0,0.0,0.0,0.0,0.0,0.0,0.0,0.0,0.0,0.0,4.030927835051546,7.0,28.0,14.254545454545454,7.519286572739771,0.8909090909090909,9.320161674616621,0.8181818181818182,11.976233794244846,0.7090909090909091,1,0.23613156602847324,481,0.8909090909090909,3.7818181818181817,1.6194062371386768,0.2698036407116863,-0.5689521942832328,0.8032648466084998,0.002454590083456063,7.991885317153639
568c1ef9.qasm,1,33,33,31,3,1,29,1,0,31,0,29,0,0.030303030303030304,7.890956716138919,0.09090909090909091,0.0,0.0,0.0,0.0,0.0,0.0,0.0,0.0,0.0,0.0,0.0,0.0,0.0,0.0,0.0,0.022727272727272728,1.0,10.735074626865671,22.0,15.0,8.0,7.061922446504693,0.8,8.858776155590522,0.6666666666666666,11.555747047018967,0.4666666666666667,1,1.0,268,0.0,0.0,0.0,0.0,-12.0,0.0,1.0,4.642355685665445
574915eb.qasm,1,87,333,13,120,213,0,213,0,0,0,0,0,0.6396396396396397,8.360071435644025,0.0,0.0,0.0,0.0,0.0,0.0,0.0,0.0,0.0,0.3343195266272189,0.0,0.014792899408284023,0.0,0.0,0.0,0.0,0.0,0.0,9.206572769953052,17.0,33.0,18.154761904761905,6.874595971698823,0.9285714285714286,8.65771459386107,0.8809523809523809,11.311277973646206,0.8095238095238095,1,1.0,213,0.35714285714285715,3.0450551767328276,4.000000000000001,37.60759789528112,1.5752755946789807,0.1272580210299272,0.22535211267605634,7.7860677717621805
577f5adb.qasm,1,118,175,60,118,0,57,0,0,1,0,0,0,0.0,8.34924780056679,0.0,0.0,0.6404494382022472,0.0,0.0,0.0,0.0,0.0,0.0,0.011235955056179775,0.0,0.0,0.0,0.0,0.0,0.0,0.0,0.0,57.25,114.0,57.0,29.0,8.026180362116518,0.9473684210526315,9.83013702586642,0.9122807017543859,12.535818864349428,0.8596491228070176,1,0.4552995391705069,179,0.0,1.1929824561403508,1.7017536577047871,0.0,-12.0,0.0,1.0,6.28755653059159
587be285.qasm,1,38,10942,501,9142,1800,0,1800,0,0,0,0,0,0.16450374702979345,12.35878514882001,0.0,0.0,0.05482957141551677,0.14429315544183496,0.14676048615553322,0.0,0.0,0.015991958329525723,0.21931828566206707,0.0,0.0,0.0,0.0,0.0,0.0,0.0,0.0,0.0,3.13,7.0,18.0,9.257142857142858,7.343176770347022,0.8285714285714286,9.104357806489995,0.7142857142857143,11.760386356118078,0.5428571428571428,1,0.47879341864716635,865,0.8285714285714286,3.657142857142857,3.907246943628625,10.812879418828546,1.0339413599284037,0.6006212558242734,0.15222222222222223,7.969216543139403
588e0101.qasm,1,30,135,13,64,71,0,71,0,0,0,0,0,0.5259259259259259,7.360103972989152,0.0,0.0,0.0,0.0,0.0,0.0,0.0,0.0,0.0,0.4172661870503597,0.0,0.02877697841726619,0.0,0.0,0.0,0.0,0.0,0.0,6.070422535211268,14.0,14.0,7.2592592592592595,6.183563925206635,0.7777777777777778,7.947447922006073,0.6296296296296297,10.578248428064848,0.4074074074074074,1,1.0,71,0.2962962962962963,2.398329166746795,4.0,7.684801730258687,0.8856326670778025,0.10872313527180784,0.5352112676056338,6.939373115396509
591d39f6.qasm,1,55,21133,645,17650,3483,0,3483,0,0,0,0,0,0.16481332513131122,13.022545252064427,0.0,0.0,0.05493517554651273,0.14332355446200434,0.14687233841203748,0.0,0.0,0.01575660073814706,0.2197407021860509,0.0,0.0,0.0,0.0,0.0,0.0,0.0,0.0,0.0,4.4366925064599485,10.0,26.0,13.5,7.791433005815553,0.8846153846153846,9.585154256421124,0.8076923076923077,12.260986596686053,0.6923076923076923,1,0.19478491316075908,675,0.8846153846153846,3.769230769230769,3.927263059856574,7.882695605415009,0.8966747563687266,0.3660992128866923,0.026126902095894345,7.912374404976936
59267ce4.qasm,1,32,48,17,33,15,0,0,0,31,0,0,0,0.3125,7.141245122350491,0.0,0.0,0.0,0.0,0.0,0.0,0.0,0.0,0.0,0.625,0.020833333333333332,0.0,0.0,0.3125,0.0,0.0,0.0,1.0,16.0,30.0,10.0,5.32258064516129,5.957067315485521,0.6774193548387096,7.688314021032219,0.4838709677419355,10.082693858812481,0.1935483870967742,1,1.0,15,0.0,0.0,0.0,0.0,-12.0,0.0,1.0,3.5706596700215343
5a4964e2.qasm,1,55,23475,717,19605,3870,0,3870,0,0,0,0,0,0.16485623003194888,13.127937811336931,0.0,0.0,0.05494973590049412,0.1434656670642358,0.1469585960129494,0.0,0.0,0.01571818026921111,0.2197989436019765,0.0,0.0,0.0,0.0,0.0,0.0,0.0,0.0,0.0,4.093023255813954,10.0,26.0,13.5,7.801478137459915,0.8846153846153846,9.594707967546153,0.8076923076923077,12.269893110984595,0.6923076923076923,1,0.16022664337749756,608,0.8846153846153846,3.769230769230769,3.927263059856574,7.862910560042009,0.8955833356305638,0.3582283172720534,0.023514211886304908,7.900548505687719
5a741dbe.qasm,1,33,482,203,234,118,130,118,0,13,65,0,0,0.24481327800829875,8.942330199321866,0.2313167259786477,0.0,0.0,0.0,0.0,0.0,0.0,0.0,0.0,0.1387900355871886,0.2526690391459075,0.0,0.0,0.0,0.0,0.11565836298932385,0.0,0.0,5.894209354120267,13.0,9.0,4.764705882352941,7.319886566861814,0.6470588235294118,9.120116660431963,0.4117647058823529,11.708326826052907,0.058823529411764705,1,0.508695652173913,458,0.6470588235294118,3.2941176470588234,4.000000000000001,3.614542393279226,0.55805332275008,0.4517900732302685,0.0077951002227171495,7.979632134475106
5a9f20b0.qasm,1,55,15825,503,13224,2601,0,2601,0,0,0,0,0,0.16436018957345971,12.733548875365143,0.0,0.0,0.05478326803993429,0.14476178440540882,0.1465942120561102,0.0,0.0,0.01674459749778845,0.21913307215973715,0.0,0.0,0.0,0.0,0.0,0.0,0.0,0.0,0.0,3.6505190311418687,10.0,26.0,13.5,7.577468924094197,0.8846153846153846,9.369112432712935,0.8076923076923077,12.0413647681753,0.6923076923076923,1,0.42305504645136827,1088,0.8846153846153846,3.769230769230769,3.934799325283281,8.558887825371718,0.9324173344570188,0.37585094948047293,0.03498654363706267,7.919903497821
5b419375.qasm,1,142,716,17,214,502,0,502,0,0,0,0,0,0.7011173184357542,9.162514742493578,0.0,0.0,0.0,0.0,0.0,0.0,0.0,0.0,0.0,0.26629680998613037,0.0,0.027739251040221916,0.0,0.0,0.0,0.0,0.0,0.0,13.717131474103585,28.0,70.0,32.30935251798561,7.432926356098424,0.9568345323741008,9.229794950167529,0.9280575539568345,11.91941011222879,0.8848920863309353,1,0.5154061624649859,263,0.3669064748201439,2.9093595164771893,4.000000000000001,50.18103864734073,1.7005396461005708,0.1567360129266815,0.0099601593625498,7.936432229216005
5b482142.qasm,1,6,13,8,10,3,0,3,0,2,0,0,0,0.23076923076923078,6.582025138892826,0.0,0.0,0.0,0.0,0.0,0.0,0.0,0.0,0.47058823529411764,0.0,0.0,0.0,0.0,0.0,0.0,0.0,0.0,0.0,1.0,1.0,1.0,1.0,1.3979400086720377,0.0,1.3979400086720377,0.0,1.3979400086720377,0.0,1,1.0,3,0.0,1.0,0.9981776629898969,0.0,-12.0,0.0,1.0,1.3979400086720377
5b58ce32.qasm,1,10,92,29,83,9,0,9,0,4,0,0,0,0.09782608695652174,7.44716835960004,0.0,0.0,0.0,0.0,0.4897959183673469,0.0,0.0,0.0,0.0,0.0,0.0,0.0,0.0,0.0,0.0,0.0,0.01020408163265306,0.0,1.0,1.0,2.0,1.3333333333333333,2.2671717284030137,0.0,2.2671717284030137,0.0,2.2671717284030137,0.0,1,1.0,9,0.0,1.3333333333333333,1.2176215700692867,0.0,-12.0,0.0,1.0,2.44870631990508
5c176f37.qasm,1,58,1282,50,506,776,0,0,0,0,0,0,0,0.6053042121684867,10.755517058156265,0.0,0.0,0.39282930631332813,0.0,0.0,0.0,0.0,0.0,0.0,0.0,0.0,0.0,0.0,0.0,0.0,0.0,0.0,0.0,4.030927835051546,7.0,28.0,14.254545454545454,7.098404780828783,0.8909090909090909,8.898012385268002,0.8181818181818182,11.522727254893072,0.7090909090909091,1,0.61484375,481,0.8909090909090909,3.7818181818181817,1.5163544821158552,0.2750991532470724,-0.5605107463615184,0.8039942938659058,0.006443298969072165,7.986448144945992
5c2359c8.qasm,1,66,2298,313,189,2108,1,0,31,1,0,1,0,0.917319408181027,12.106843295802587,0.0,0.9119775858043427,0.0,0.0,0.0,0.0,0.0,0.0,0.0,0.05790333878122811,0.00023348120476301658,0.0,0.0,0.0,0.014475834695307027,0.0,0.0,1.0,21.638461538461538,62.0,32.0,16.253968253968253,8.552666553138263,0.9047619047619048,10.35829582470652,0.8412698412698413,13.06573395654473,0.746031746031746,1,0.1932694554802524,728,0.0,0.1548394841613249,6.10055079278514e-14,0.0,-12.0,0.0,1.0,5.442569127327428
5cfcb9cd.qasm,1,130,4430,41,4430,0,0,0,0,128,0,0,8128,0.0,12.498757184754746,0.0,0.0,0.0,0.0,0.0,0.0,0.0,0.0,0.0,0.010192705844879758,0.0,0.0,0.0,0.0,0.0,0.0,0.0,1.0,0.0,0.0,0.0,0.0,0.0,0.0,0.0,0.0,0.0,0.0,1,1.0,0,0.0,0.0,0.0,0.0,-12.0,0.0,1.0,0.0
5d14d092.qasm,1,47,13937,501,11642,2295,0,2295,0,0,0,0,0,0.1646695845590873,12.602362455702886,0.0,0.0,0.05488592337494619,0.14349261013057826,0.1473669106041039,0.0,0.0,0.01578418711436361,0.21954369349978475,0.0,0.0,0.0,0.0,0.0,0.0,0.0,0.0,0.0,3.3529411764705883,8.0,22.0,11.5,7.477255821729523,0.8636363636363636,9.259996660236249,0.7727272727272727,11.920133510820074,0.6363636363636364,1,0.4441334768568353,1012,0.8636363636363636,3.727272727272727,3.898669064295269,9.857047505032574,0.9937468495973992,0.5382231404958677,0.15468409586056645,7.961609128969975
5d2b11a2.qasm,1,55,14107,432,11785,2322,0,2322,0,0,0,0,0,0.16459913518111577,12.618893963591598,0.0,0.0,0.05486248936773462,0.1442444003402325,0.14672526226254606,0.0,0.0,0.016444570456478593,0.21944995747093848,0.0,0.0,0.0,0.0,0.0,0.0,0.0,0.0,0.0,4.093023255813954,10.0,26.0,13.5,7.5794687904805915,0.8846153846153846,9.372484974552886,0.8076923076923077,12.047387820917107,0.6923076923076923,1,0.4009216589861751,937,0.8846153846153846,3.769230769230769,3.920318118117579,7.656210648098719,0.8840138738347241,0.3895196506550218,0.03919035314384152,7.9506745974267465
5d565485.qasm,1,55,14107,432,11785,2322,0,2322,0,0,0,0,0,0.16459913518111577,12.618251830363302,0.0,0.0,0.05486248936773462,0.1435355826481429,0.14672526226254606,0.0,0.0,0.016019279841224837,0.21944995747093848,0.0,0.0,0.0,0.0,0.0,0.0,0.0,0.0,0.0,4.093023255813954,10.0,26.0,13.5,7.5794687904805915,0.8846153846153846,9.372484974552886,0.8076923076923077,12.047387820917107,0.6923076923076923,1,0.38277206664303437,889,0.8846153846153846,3.769230769230769,3.927263059856574,8.27965365196173,0.9180121700955777,0.38523868240267745,0.03919035314384152,7.943876729614248
5da1db4b.qasm,1,45,12867,501,10752,2115,0,2115,0,0,0,0,0,0.16437397994870598,12.52229844209918,0.0,0.0,0.054787068697544294,0.14477774323904258,0.1471868200186509,0.0,0.0,0.016397264532172832,0.21914827479017718,0.0,0.0,0.0,0.0,0.0,0.0,0.0,0.0,0.0,3.3404255319148937,8.0,21.0,11.0,7.4391636335166345,0.8571428571428571,9.221191008154559,0.7619047619047619,11.870048228980183,0.6190476190476191,1,0.447493198600855,943,0.8571428571428571,3.7142857142857144,3.899491139532269,11.029608740482162,1.0425601067409171,0.5446185997910136,0.14657210401891252,7.969993014595566
5e3dc35d.qasm,1,10,15,10,3,10,2,0,0,8,0,2,0,0.6666666666666666,7.149916836132109,0.0,0.5945945945945946,0.0,0.0,0.0,0.0,0.0,0.0,0.0,0.21621621621621623,0.0,0.0,0.0,0.0,0.0,0.0,0.02702702702702703,1.0,3.1818181818181817,7.0,4.0,2.2857142857142856,5.185306954569373,0.14285714285714285,5.185306954569373,0.0,5.185306954569373,0.0,1,1.0,22,0.0,0.0,0.0,0.0,-12.0,0.0,1.0,2.975431808509263
5e4c8439.qasm,1,22,5762,501,4817,945,0,945,0,0,0,0,0,0.16400555362721278,11.70238812991555,0.0,0.0,0.05465903175429464,0.14384868991844527,0.14679854242581988,0.0,0.0,0.017525594308519868,0.21863612701717855,0.0,0.0,0.0,0.0,0.0,0.0,0.0,0.0,0.0,2.5428571428571427,5.0,10.0,5.2631578947368425,6.960432388581718,0.6842105263157895,8.64603217300255,0.47368421052631576,11.154786160819661,0.15789473684210525,1,1.0,945,0.6842105263157895,3.3684210526315788,3.910500238212295,11.276941396923466,1.0521913235337268,0.5501165501165501,0.2105820105820106,7.874962539931243
5e6b0a76.qasm,1,17,79,37,35,36,8,19,0,3,0,0,0,0.45569620253164556,7.057036981697891,0.09523809523809523,0.0,0.0,0.0,0.0,0.0,0.0,0.0,0.0,0.21428571428571427,0.0,0.0,0.0,0.20238095238095238,0.0,0.0,0.08333333333333333,0.0,3.392857142857143,10.0,5.0,3.0,6.0070582470264045,0.4,6.812427811349263,0.0,6.812427811349263,0.0,1,1.0,84,0.0,0.0,3.0,0.0,-12.0,0.0,1.0,4.3686401285764855
5eaee29f.qasm,1,18,186,73,45,140,1,0,7,1,0,1,0,0.7526881720430108,9.263501920090414,0.0,0.7023411371237458,0.0,0.0,0.0,0.0,0.0,0.0,0.0,0.18729096989966554,0.0033444816053511705,0.0,0.0,0.0,0.046822742474916385,0.0,0.0,1.0,5.5588235294117645,14.0,8.0,4.266666666666667,6.71884641339071,0.6,8.485766989530447,0.3333333333333333,10.20483992467991,0.0,1,1.0,238,0.4666666666666667,2.9271260397072343,1.7948365784106082,2.4954835033240496e-05,-4.602845279337943,0.2745016611295681,0.47478991596638653,7.422327164912104
5ed4dd47.qasm,1,9,9,7,3,1,5,1,0,7,0,5,0,0.1111111111111111,6.876264611890766,0.2,0.0,0.0,0.0,0.0,0.0,0.0,0.0,0.0,0.0,0.0,0.0,0.0,0.0,0.0,0.0,0.05,1.0,2.840909090909091,6.0,3.0,2.0,4.738471370260282,0.0,4.738471370260282,0.0,4.738471370260282,0.0,1,1.0,44,0.0,0.0,0.0,0.0,-12.0,0.0,1.0,3.217220655644519
5ee9c404.qasm,1,18,161,47,34,127,0,0,7,15,0,0,0,0.7888198757763976,8.388677769180811,0.0,0.7453416149068323,0.0,0.0,0.0,0.0,0.0,0.0,0.0,0.18633540372670807,0.006211180124223602,0.0,0.0,0.0,0.043478260869565216,0.0,0.006211180124223602,1.0,5.7952755905511815,15.0,8.0,4.266666666666667,6.44325062358394,0.6,8.20149905137972,0.3333333333333333,9.917589928247107,0.0,1,1.0,127,0.0,2.500760206998903,0.9310435946341161,1.908848654958553e-19,-11.999999917099764,0.005947955390334572,0.4645669291338583,6.577270345113313
5ef5ff7c.qasm,1,55,15825,503,13224,2601,0,2601,0,0,0,0,0,0.16436018957345971,12.733058978735336,0.0,0.0,0.05478326803993429,0.14375078983950462,0.1465942120561102,0.0,0.0,0.016618223177050424,0.21913307215973715,0.0,0.0,0.0,0.0,0.0,0.0,0.0,0.0,0.0,3.6505190311418687,10.0,26.0,13.5,7.577468924094197,0.8846153846153846,9.369112432712935,0.8076923076923077,12.0413647681753,0.6923076923076923,1,0.42425583012071033,1092,0.8846153846153846,3.769230769230769,3.918690182935036,9.410101347100714,0.9735943008183314,0.3686922530206112,0.03498654363706267,7.924467444741655
5f0ad979.qasm,1,43,12109,501,10120,1989,0,1989,0,0,0,0,0,0.16425798992484927,12.459958764178898,0.0,0.0,0.054748142031379024,0.14384805945499587,0.14649050371593725,0.0,0.0,0.016680429397192404,0.2189925681255161,0.0,0.0,0.0,0.0,0.0,0.0,0.0,0.0,0.0,3.248868778280543,8.0,20.0,10.5,7.399939978290751,0.85,9.180864032609222,0.75,11.831790934390213,0.6,1,0.4563475675229206,907,0.825,3.675,3.9110953099132733,9.888705310728838,0.9951394348517272,0.5560818083961249,0.146807440925088,7.963937732200041
5f39af5c.qasm,1,4,168,165,153,15,0,0,0,15,0,0,120,0.08928571428571429,8.617400451833262,0.0,0.052083333333333336,0.0,0.0,0.3645833333333333,0.0,0.0,0.0,0.0,0.10416666666666667,0.05555555555555555,0.0,0.0,0.0,0.0,0.0,0.0,1.0,1.0,1.0,1.0,1.0,2.0827853703164503,0.0,2.0827853703164503,0.0,2.0827853703164503,0.0,1,1.0,15,0.0,0.0,0.0,0.0,-12.0,0.0,1.0,2.0827853703164503
5f6a8a9b.qasm,1,10,115,100,50,50,15,50,0,8,0,6,0,0.43478260869565216,7.745002803515839,0.072,0.0,0.0,0.0,0.0,0.0,0.0,0.032,0.0,0.032,0.0,0.016,0.016,0.0,0.0,0.0,0.008,1.0,2.622950819672131,6.0,4.0,2.2857142857142856,5.982749146306792,0.14285714285714285,5.982749146306792,0.0,5.982749146306792,0.0,1,1.0,122,0.0,0.0,0.0,0.0,-12.0,0.0,1.0,3.6175245348862926
5f79d6db.qasm,1,43,12109,501,10120,1989,0,1989,0,0,0,0,0,0.16425798992484927,12.460253517189646,0.0,0.0,0.054748142031379024,0.14384805945499587,0.14649050371593725,0.0,0.0,0.017010734929810076,0.2189925681255161,0.0,0.0,0.0,0.0,0.0,0.0,0.0,0.0,0.0,3.248868778280543,8.0,20.0,10.5,7.399939978290751,0.85,9.180864032609222,0.75,11.831790934390213,0.6,1,0.4418105228380276,874,0.825,3.675,3.911723458793179,10.403670963169693,1.0171866083124723,0.5109108159392789,0.146807440925088,7.890956469355398
613afa2d.qasm,1,30,7910,501,6614,1296,0,1296,0,0,0,0,0,0.1638432364096081,12.029072902730196,0.0,0.0,0.05460750853242321,0.14448236632536973,0.14637846037163443,0.0,0.0,0.017444065225635193,0.21843003412969283,0.0,0.0,0.0,0.0,0.0,0.0,0.0,0.0,0.0,2.8055555555555554,6.0,14.0,7.2592592592592595,7.133357009468179,0.7777777777777778,8.890653689678444,0.6296296296296297,11.497176368868525,0.4074074074074074,1,0.7133282751643905,920,0.7777777777777778,3.5555555555555554,3.953875160871772,11.042316547216329,1.0430601927895617,0.5607177974434612,0.1743827160493827,7.9153093204990865
622c4417.qasm,1,55,15825,503,13224,2601,0,2601,0,0,0,0,0,0.16436018957345971,12.73316229016182,0.0,0.0,0.05478326803993429,0.14387716416024263,0.1465942120561102,0.0,0.0,0.016681410337419437,0.21913307215973715,0.0,0.0,0.0,0.0,0.0,0.0,0.0,0.0,0.0,3.6505190311418687,10.0,26.0,13.5,7.577468924094197,0.8846153846153846,9.369112432712935,0.8076923076923077,12.0413647681753,0.6923076923076923,1,0.13562535549516527,358,0.8653846153846154,3.75,3.927263059856574,6.881103323603749,0.8376580790692518,0.2635048915355168,0.03498654363706267,7.760620532337295
635bd24f.qasm,1,92,12171,10178,8389,3782,0,3782,0,0,0,0,0,0.3107386410319612,13.140254374778191,0.0,0.0,0.16804928131416838,0.0,0.5142505133470225,0.0,0.0,0.0,0.0,0.006570841889117043,0.0,0.0,0.0,0.0,0.0,0.0,0.0,0.0,9.959809624537282,83.0,45.0,22.741573033707866,8.1861151502275,0.9325842696629213,9.988278243497254,0.8876404494382022,12.665770060056692,0.8202247191011236,1,0.45747390911332075,1629,0.02247191011235955,1.0070714226975237,1.4407105824796533,2.6038224114995297e-05,-4.584388622601325,0.00965860189346849,0.14331041776837652,6.708556946429459
637811d8.qasm,1,51,14621,502,12218,2403,0,2403,0,0,0,0,0,0.1643526434580398,12.651850818675952,0.0,0.0,0.05478046778826426,0.1450553959786623,0.1470387087949665,0.0,0.0,0.015798112433319654,0.21912187115305704,0.0,0.0,0.0,0.0,0.0,0.0,0.0,0.0,0.0,3.4794007490636703,9.0,24.0,12.5,7.518675848893539,0.875,9.297478582181872,0.7916666666666666,11.96983841012934,0.6666666666666666,1,0.248101785347835,596,0.7916666666666666,3.5208333333333335,3.9067287626276666,7.1825191994418205,0.8562767955690916,0.47201882845188287,0.14773200166458594,7.823991533466613
63aaa50d.qasm,1,34,547,65,35,512,0,0,16,32,0,0,0,0.9360146252285192,9.817984128922188,0.0,0.906764168190128,0.0,0.0,0.0,0.0,0.0,0.0,0.0,0.05850091407678245,0.0,0.0,0.0,0.0,0.029250457038391225,0.0,0.0018281535648994515,1.0,11.15625,31.0,16.0,8.258064516129032,7.367101775086817,0.8064516129032258,9.168810986644194,0.6774193548387096,11.863347332051736,0.4838709677419355,1,1.0,512,0.0,0.0,0.0,0.0,-12.0,0.0,1.0,4.9409993192401345
64273f69.qasm,1,38,10942,501,9142,1800,0,1800,0,0,0,0,0,0.16450374702979345,12.358707891953769,0.0,0.0,0.05482957141551677,0.14365347710865392,0.14676048615553322,0.0,0.0,0.016174723567577445,0.21931828566206707,0.0,0.0,0.0,0.0,0.0,0.0,0.0,0.0,0.0,3.13,7.0,18.0,9.257142857142858,7.343176770347022,0.8285714285714286,9.104357806489995,0.7142857142857143,11.760386356118078,0.5428571428571428,1,0.45,806,0.8285714285714286,3.657142857142857,3.9081221100014134,9.431069558456809,0.9745609479861209,0.5165509877202349,0.15222222222222223,7.834849476975916
6457f235.qasm,1,37,128,10,55,73,0,73,0,0,0,0,0,0.5703125,7.338888133838879,0.0,0.0,0.0,0.0,0.0,0.0,0.0,0.0,0.0,0.3609022556390977,0.0,0.03759398496240601,0.0,0.0,0.0,0.0,0.0,0.0,4.191780821917808,7.0,12.0,7.352941176470588,5.981837174108243,0.8235294117647058,7.700607374406692,0.7058823529411765,10.280142759124214,0.47058823529411764,1,1.0,73,0.6176470588235294,3.411764705882353,4.0,7.085687970018879,0.8503820235429842,0.08163265306122448,0.6438356164383562,6.762198324142042
64731b8d.qasm,1,53,15483,502,12936,2547,0,2547,0,0,0,0,0,0.16450300329393527,12.710495817271179,0.0,0.0,0.05483079307672436,0.1447300439163007,0.14737793851717904,0.0,0.0,0.015693619219839836,0.21932317230689743,0.0,0.0,0.0,0.0,0.0,0.0,0.0,0.0,0.0,3.6431095406360425,9.0,25.0,13.0,7.565245821168867,0.88,9.346707595987779,0.8,12.022844675221373,0.68,1,0.24100510302952005,611,0.68,3.24,3.9067287626276666,7.423584773175579,0.87061367229468,0.456415530984829,0.1464468001570475,7.823359347651348
64f32748.qasm,1,51,14621,502,12218,2403,0,2403,0,0,0,0,0,0.1643526434580398,12.652196534840025,0.0,0.0,0.05478046778826426,0.1440295445219532,0.1470387087949665,0.0,0.0,0.01661879359868691,0.21912187115305704,0.0,0.0,0.0,0.0,0.0,0.0,0.0,0.0,0.0,3.4794007490636703,9.0,24.0,12.5,7.518675848893539,0.875,9.297478582181872,0.7916666666666666,11.96983841012934,0.6666666666666666,1,0.24830699774266365,597,0.7916666666666666,3.5208333333333335,3.911723458793179,7.692321912489545,0.886057450539524,0.473807662236122,0.14773200166458594,7.827181147904903
6533abd6.qasm,1,258,98947,1026,1027,97920,0,97920,0,256,0,0,0,0.9896207060345438,14.41220025081381,0.0,0.0,0.0,0.01776933392936969,0.0,0.0,0.0,0.0,0.0,0.0,0.0,0.0,0.0,0.0,0.0,0.0,3.725227238861571e-05,1.0,85.66666666666667,255.0,128.0,64.25098039215686,10.536039925723397,0.9764705882352941,12.342211965669883,0.9607843137254902,15.051455213576324,0.9372549019607843,1,0.005487952781371281,510,0.0,0.19215686274509805,1.9875638982052417,0.0,-12.0,0.0,1.0,6.091942919429487
65dcd512.qasm,1,34,579,67,36,543,0,31,16,32,0,0,0,0.9378238341968912,9.84575250188489,0.0,0.8566493955094991,0.0,0.0,0.0,0.0,0.0,0.0,0.0,0.05699481865284974,0.0,0.0,0.0,0.0,0.027633851468048358,0.0,0.0017271157167530224,1.0,10.576427255985267,31.0,16.0,8.258064516129032,7.367258855614582,0.8064516129032258,9.168965390511215,0.6774193548387096,11.863506992520676,0.4838709677419355,1,1.0,543,0.0,1.0,1.0,0.0,-12.0,0.0,1.0,5.841545288710017
661be484.qasm,1,44,543977,104206,388092,155885,0,133748,0,0,0,0,0,0.28656542464111534,15.854551891159618,0.0,0.0,0.13576808298991047,0.0,0.03774335654398181,0.0,0.0,0.0,0.0,0.2769930368054569,0.0,0.0,0.0,0.0,0.0,0.0,0.0,0.0,14.315133809797068,41.0,21.0,10.75609756097561,9.74905934543005,0.8536585365853658,11.553491744805418,0.7560975609756098,14.257078450839613,0.6097560975609756,1,0.0018400030964453402,181,0.7317073170731707,3.4878048780487805,4.0,15.5712997493592,1.192324865003302,0.09429088090932576,0.0005529761594240701,7.830405732525572
66343f14.qasm,1,15,20,9,16,2,2,2,0,6,0,0,0,0.1,5.961005339623274,0.07142857142857142,0.0,0.0,0.0,0.0,0.0,0.0,0.0,0.0,0.21428571428571427,0.21428571428571427,0.0,0.0,0.0,0.0,0.0,0.07142857142857142,0.0,1.9285714285714286,3.0,3.0,1.4,4.015066214011149,0.0,4.015066214011149,0.0,4.015066214011149,0.0,1,1.0,14,0.0,1.0,2.0,0.0,-12.0,0.0,1.0,3.3760291817281805
6694b099.qasm,1,4,1955,1952,1892,63,0,0,0,63,0,0,2016,0.032225063938618924,11.341425146807858,0.0,0.01586502140518761,0.0,0.0,0.4281037522034752,0.0,0.0,0.0,0.0,0.03173004281037522,0.016116847141777888,0.0,0.0,0.0,0.0,0.0,0.0,1.0,1.0,1.0,1.0,1.0,2.7032913781186614,0.0,2.7032913781186614,0.0,2.7032913781186614,0.0,1,1.0,63,0.0,0.0,0.0,0.0,-12.0,0.0,1.0,2.7032913781186614
67346cae.qasm,1,11,42,21,32,0,10,0,0,2,0,0,0,0.0,6.610696044717759,0.20833333333333334,0.0,0.0,0.0,0.0,0.0,0.0,0.0,0.0,0.1875,0.4375,0.0,0.0,0.0,0.0,0.0,0.0,0.0,2.1333333333333333,6.0,3.0,2.0,4.703059118974319,0.0,4.703059118974319,0.0,4.703059118974319,0.0,1,1.0,60,0.0,0.3333333333333333,2.0,0.0,-12.0,0.0,1.0,4.211040405732053
6740a375.qasm,1,512,258,257,4,254,0,254,0,255,0,0,0,0.9844961240310077,9.495519314209846,0.0,0.0,0.0,0.0,0.0,0.0,0.0,0.0,0.0,0.001937984496124031,0.0,0.0,0.0,0.0,0.0,0.0,0.001937984496124031,0.0,1.0,1.0,1.0,1.0,3.3081373786380386,0.0,3.3081373786380386,0.0,3.3081373786380386,0.0,1,1.0,254,0.0,1.0,1.0,0.0,-12.0,0.0,1.0,3.6082050077043264
6785591a.qasm,1,56,108,56,56,52,0,26,0,27,0,0,0,0.48148148148148145,7.944846711001996,0.0,0.0,0.0,0.37681159420289856,0.0,0.0,0.0,0.0,0.0,0.0,0.007246376811594203,0.0,0.0,0.18840579710144928,0.0,0.0,0.007246376811594203,0.0,1.0,1.0,2.0,1.9230769230769231,3.245759355967277,0.0,3.245759355967277,0.0,3.245759355967277,0.0,1,1.0,52,0.0,1.0,0.99901027291406,0.0,-12.0,0.0,1.0,3.2942457161381182
67b5fe45.qasm,1,66,203599,126863,101149,69684,32766,68934,0,64,0,32400,0,0.3422610130698088,15.239937540480257,0.001026167265264238,0.0024470142479377983,0.0,0.0,0.0,0.0,0.0013024430674507636,0.11982476220547027,0.0,0.02739077238820697,0.08536922287563642,0.13217823736038206,0.132217705332123,0.0,0.0,0.0,3.9467971740932234e-05,1.0,17.700465849147086,63.0,32.0,16.253968253968253,10.023730740819257,0.9047619047619048,11.828993845903941,0.8412698412698413,14.53590449164528,0.746031746031746,1,0.000995,214,0.0,1.271965674958029,1.5000000000000435,0.0,-12.0,0.0,1.0,6.156195575320639
67f3547d.qasm,1,18,47,17,25,22,0,22,0,24,0,0,15,0.46808510638297873,7.818832443803404,0.0,0.0,0.0,0.0,0.0,0.0,0.0,0.0,0.0,0.12903225806451613,0.24193548387096775,0.0,0.0,0.0,0.0,0.0,0.0,1.0,1.0,1.0,2.0,1.4,2.7101173651118162,0.0,2.7101173651118162,0.0,2.7101173651118162,0.0,1,1.0,22,0.0,0.5333333333333333,1.0,0.0,-12.0,0.0,1.0,2.801403710017355
68528bdf.qasm,1,18,41,18,3,36,2,0,0,16,0,2,0,0.8780487804878049,8.258681496264236,0.0,0.8,0.0,0.0,0.0,0.0,0.0,0.0,0.0,0.1391304347826087,0.0,0.0,0.0,0.0,0.0,0.0,0.008695652173913044,1.0,5.869565217391305,15.0,8.0,4.266666666666667,6.311065435623214,0.6,8.060968819753565,0.3333333333333333,9.713225752845808,0.0,1,1.0,92,0.0,0.0,0.0,0.0,-12.0,0.0,1.0,3.8979018742682277
699bd83c.qasm,1,258,33286,514,646,32640,0,128,0,256,0,32512,0,0.9805924412665986,14.086244315691252,0.0,0.0,0.0,0.0,7.883948281299275e-05,0.0,0.0,0.0,0.013718070009460738,0.010406811731315043,0.0,0.0,0.0,0.0,0.0,0.0,0.00023651844843897824,1.0,43.16699410609037,128.0,128.0,64.25098039215686,10.061371656639967,0.9764705882352941,11.86748274198448,0.9607843137254902,14.576591949822216,0.9372549019607843,1,0.0006262261771300448,15,0.5333333333333333,2.180392156862745,4.000000000000001,7.120921535036334,0.852536200334038,0.009411764705882352,7.674361493123772e-05,7.959046360430651
69c7223c.qasm,1,58,394,33,170,224,0,0,0,0,0,0,0,0.5685279187817259,9.538492376981678,0.0,0.0,0.4253164556962025,0.0,0.0,0.0,0.0,0.0,0.0,0.0,0.0,0.0,0.0,0.0,0.0,0.0,0.0,0.0,6.982142857142857,49.0,28.0,14.254545454545454,6.797779872242349,0.8909090909090909,8.597681175315666,0.8181818181818182,11.18318565420743,0.7090909090909091,1,0.7678571428571429,183,0.8909090909090909,3.7818181818181817,3.47592891339829,7.826177551142275,0.893549696440599,0.7703916636722961,0.022321428571428572,7.8731066518244495
69c8191e.qasm,1,130,130,128,3,1,126,1,0,128,0,126,0,0.007692307692307693,8.963672275615016,0.014492753623188406,0.0,0.0,0.0,0.0,0.0,0.0,0.0,0.0,0.0,0.0,0.0,0.0,0.0,0.0,0.0,0.007246376811594203,1.0,40.08622398414271,64.0,64.0,32.25196850393701,8.217124086154408,0.952755905511811,10.02179255654878,0.9212598425196851,12.728813879265225,0.8740157480314961,1,0.1353243117125525,137,0.0,0.0,0.0,0.0,-12.0,0.0,1.0,4.939284570363686
69cf1b12.qasm,1,47,13937,501,11642,2295,0,2295,0,0,0,0,0,0.1646695845590873,12.602638270451305,0.0,0.0,0.05488592337494619,0.1445688047065576,0.1473669106041039,0.0,0.0,0.01564069450423303,0.21954369349978475,0.0,0.0,0.0,0.0,0.0,0.0,0.0,0.0,0.0,3.3529411764705883,8.0,22.0,11.5,7.477255821729523,0.8636363636363636,9.259996660236249,0.7727272727272727,11.920133510820074,0.6363636363636364,1,0.2661643344097596,614,0.8181818181818182,3.5681818181818183,3.903030526966808,9.574636377168144,0.9811222894409104,0.4799583550234253,0.15468409586056645,7.819793655442978
69e799fa.qasm,1,45,13179,501,11010,2169,0,2169,0,0,0,0,0,0.1645800136580924,12.545305354254241,0.0,0.0,0.05485584218512898,0.14347496206373292,0.14673748103186646,0.0,0.0,0.016009104704097117,0.21942336874051593,0.0,0.0,0.0,0.0,0.0,0.0,0.0,0.0,0.0,3.2904564315352696,8.0,21.0,11.0,7.443248855051561,0.8571428571428571,9.231462342188992,0.7619047619047619,11.876234916184236,0.6190476190476191,1,0.2787432647795401,611,0.8333333333333334,3.619047619047619,3.8986690642952677,8.916873932073209,0.9502126265732809,0.4983225806451613,0.1553711387736284,7.83683869027138
6a5034af.qasm,1,322,63763,1271,38323,25440,0,25440,0,160,0,0,0,0.3989774634192243,13.933612653826648,0.0,0.0,0.0,0.0,0.0,0.0,0.5944299078820029,0.0,0.0,0.0033334528119287428,0.0,0.0,0.0,0.0,0.0,0.0,3.584357862288971e-05,0.0,53.666666666666664,159.0,80.0,40.25157232704402,9.747566689378127,0.9622641509433962,11.55371179967805,0.9371069182389937,14.262866724568463,0.89937106918239,1,0.032904642409033874,828,0.0,0.0,0.0,0.0,-12.0,0.0,1.0,5.113358331267094
6bc3891b.qasm,1,10,54,18,26,28,0,4,0,8,0,24,0,0.5185185185185185,7.898039690764619,0.0,0.0,0.0,0.0,0.016129032258064516,0.0,0.0,0.0,0.25806451612903225,0.12903225806451613,0.0,0.0,0.0,0.0,0.0,0.0,0.06451612903225806,1.0,1.8461538461538463,4.0,4.0,2.2857142857142856,4.652217322585198,0.14285714285714285,4.652217322585198,0.0,4.652217322585198,0.0,1,1.0,52,0.14285714285714285,2.2857142857142856,4.0,0.0,-12.0,0.0,1.0,4.951847296899779
6c69bcc7.qasm,1,49,14539,502,12145,2394,0,2394,0,0,0,0,0,0.16466056812710642,12.645288405040256,0.0,0.0,0.054883081155433285,0.1434662998624484,0.14731774415405777,0.0,0.0,0.015887207702888585,0.21953232462173314,0.0,0.0,0.0,0.0,0.0,0.0,0.0,0.0,0.0,3.4022556390977443,9.0,23.0,12.0,7.5067673292828125,0.8695652173913043,9.284330870504679,0.782608695652174,11.94596520567462,0.6521739130434783,1,0.2631216894820114,632,0.8043478260869565,3.5652173913043477,3.8986690642952713,8.402671105981575,0.9244173648936658,0.48860759493670886,0.1558061821219716,7.838048855552909
6c848dc7.qasm,1,10,119,34,35,84,0,84,0,8,0,0,0,0.7058823529411765,7.817222785508166,0.0,0.0,0.0,0.2689075630252101,0.0,0.0,0.0,0.0,0.0,0.0,0.0,0.0,0.0,0.0,0.0,0.0,0.008403361344537815,1.0,3.0,7.0,4.0,2.2857142857142856,5.887311724069727,0.14285714285714285,5.887311724069727,0.0,5.887311724069727,0.0,1,1.0,84,0.0,2.142857142857143,2.031871475699881,0.0,-12.0,0.0,1.0,5.460056992552904
6d2833ea.qasm,1,47,13937,501,11642,2295,0,2295,0,0,0,0,0,0.1646695845590873,12.60265508596328,0.0,0.0,0.05488592337494619,0.14342086382551297,0.1473669106041039,0.0,0.0,0.016142918639690057,0.21954369349978475,0.0,0.0,0.0,0.0,0.0,0.0,0.0,0.0,0.0,3.3529411764705883,8.0,22.0,11.5,7.477255821729523,0.8636363636363636,9.259996660236249,0.7727272727272727,11.920133510820074,0.6363636363636364,1,0.2682454251883746,619,0.8181818181818182,3.5681818181818183,3.9053426617572384,8.18915756897111,0.9132392275278667,0.4832352188379831,0.15468409586056645,7.833535755883667
6da6ce61.qasm,1,55,20145,645,16833,3312,0,3312,0,0,0,0,0,0.16440804169769174,12.974517447473358,0.0,0.0,0.05479996028988385,0.144246996922466,0.14653032860121115,0.0,0.0,0.01687679936463814,0.2191998411595354,0.0,0.0,0.0,0.0,0.0,0.0,0.0,0.0,0.0,4.418478260869565,10.0,26.0,13.5,7.767220188868746,0.8846153846153846,9.560216162239689,0.8076923076923077,12.233989303614052,0.6923076923076923,1,0.15856625130318225,530,0.8653846153846154,3.75,3.934799325283281,7.265225008325271,0.8612490691999378,0.3127302496930004,0.02747584541062802,7.806262326052467
6de17b5a.qasm,1,258,515,8,259,256,0,0,0,256,0,0,0,0.4970873786407767,9.683837890476173,0.0,0.0,0.0,0.0,0.0,0.0,0.0,0.0,0.0,0.4970873786407767,0.0,0.0,0.0,0.4970873786407767,0.0,0.0,0.001941747572815534,1.0,82.8984375,245.0,118.0,63.52549019607843,7.93818553511269,0.9764705882352941,9.742344244116646,0.9607843137254902,12.448329383980102,0.9372549019607843,1,0.330078125,56,0.18823529411764706,1.384313725490196,4.0,22.75897811644445,1.3571527582348057,0.0402946273830156,0.02734375,7.9110645851562476
6ee18f92.qasm,1,28,40,15,28,0,12,0,0,1,0,0,0,0.0,6.848005274576363,0.0,0.0,0.0,0.5581395348837209,0.0,0.0,0.0,0.0,0.0,0.046511627906976744,0.0,0.0,0.0,0.0,0.0,0.0,0.0,0.0,12.25,24.0,12.0,6.5,6.665304849539446,0.75,8.454860928607074,0.5833333333333334,11.132113812142125,0.3333333333333333,1,1.0,96,0.0,1.0,1.6968665214552312,0.0,-12.0,0.0,1.0,5.372118138344483
6f16ddc6.qasm,1,18,13,11,4,1,8,1,0,5,0,8,0,0.07692307692307693,6.336825731146441,0.06451612903225806,0.0,0.0,0.0,0.0,0.0,0.0,0.0,0.0,0.0,0.06451612903225806,0.0,0.0,0.0,0.0,0.0,0.0,0.0,3.2153846153846155,5.0,5.0,2.7777777777777777,5.868659130111202,0.3333333333333333,6.744756061848157,0.0,6.744756061848157,0.0,1,1.0,65,0.0,0.0,0.0,0.0,-12.0,0.0,1.0,3.4510184521554574
6f6328cc.qasm,1,32,10772,10099,7506,3266,0,3266,0,0,0,0,0,0.3031934645376903,13.009917822023272,0.0,0.0,0.18986636971046772,0.0,0.5046399406087602,0.0,0.0,0.0,0.0,0.001855976243504083,0.0,0.0,0.0,0.0,0.0,0.0,0.0,0.0,2.7795468462951622,24.0,15.0,7.758620689655173,7.565244024851883,0.7931034482758621,9.357402629333205,0.6551724137931034,11.917173643968356,0.4482758620689655,1,0.5835654596100278,2066,0.6206896551724138,3.4133606319834646,2.2815083439904695,0.00011499879830799549,-3.9393066940519037,0.031005859375,0.16595223515003063,7.340230702854977
6fef948c.qasm,1,20,26386,15449,14417,11968,1,11968,0,18,0,1,0,0.4535738649283711,13.194808682378435,0.0,0.0010595224580921027,0.0,0.0,0.050857077988420936,0.31910546032466797,0.022212131532145154,0.03575888296060847,0.0,0.0006054414046240587,3.784008778900367e-05,0.0,0.0,0.0,0.00015136035115601468,0.0,3.784008778900367e-05,1.0,4.307,16.0,9.0,4.764705882352941,8.300053266457645,0.6470588235294118,10.008503728646923,0.4117647058823529,12.610175242522248,0.058823529411764705,1,0.09420180152902884,1120,0.0,0.9411764705882353,2.0000000000000004,0.0,-12.0,0.0,1.0,5.778209876181548
700c376b.qasm,1,52,15000,502,12534,2466,0,2466,0,0,0,0,0,0.1644,12.679149672048357,0.0,0.0,0.05479634691020599,0.14379041397240183,0.14745683621091926,0.0,0.0,0.016398906739550696,0.21918538764082396,0.0,0.0,0.0,0.0,0.0,0.0,0.0,0.0,0.0,3.54014598540146,9.0,25.0,12.755102040816327,7.5379704423550775,0.8775510204081632,9.317889935213621,0.7959183673469388,11.991836715857803,0.673469387755102,1,0.23923189758634483,586,0.673469387755102,3.2244897959183674,3.9167571830452172,7.126154088320838,0.8528552088351476,0.43240950226244346,0.15004055150040552,7.760892902741277
7063be19.qasm,1,55,16449,503,13740,2709,0,2709,0,0,0,0,0,0.1646908626664235,12.77192892105505,0.0,0.0,0.0548936170212766,0.14443768996960488,0.1468693009118541,0.0,0.0,0.015197568389057751,0.2195744680851064,0.0,0.0,0.0,0.0,0.0,0.0,0.0,0.0,0.0,3.6511627906976742,10.0,26.0,13.5,7.5957168953710905,0.8846153846153846,9.387968233263058,0.8076923076923077,12.061859256086771,0.6923076923076923,1,0.12999331185018545,355,0.75,3.5384615384615383,3.929778088424021,6.183569723810506,0.7912392621076086,0.2984087621409382,0.03359173126614987,7.808476419296725
70d5d461.qasm,1,58,2578,73,1066,1512,0,0,0,0,0,0,0,0.5865011636927852,11.422825687413782,0.0,0.0,0.41256300891818537,0.0,0.0,0.0,0.0,0.0,0.0,0.0,0.0,0.0,0.0,0.0,0.0,0.0,0.0,0.0,10.5,49.0,28.0,14.254545454545454,7.810906864948114,0.8909090909090909,9.615544646711825,0.8181818181818182,12.297879901566299,0.7090909090909091,1,0.10326086956521739,154,0.8909090909090909,3.7818181818181817,0.02083863407147411,0.00017531023087967673,-3.7561927358217493,0.7690371302706105,0.0033068783068783067,7.928552339079923
711cdd0b.qasm,1,38,10630,501,8884,1746,0,1746,0,0,0,0,0,0.16425211665098777,12.329722879909049,0.0,0.0,0.054745555451039415,0.14410685730411063,0.14655253503903679,0.0,0.0,0.017119744144483116,0.21898222180415766,0.0,0.0,0.0,0.0,0.0,0.0,0.0,0.0,0.0,3.134020618556701,7.0,18.0,9.257142857142858,7.3306124683503775,0.8285714285714286,9.09095385698606,0.7142857142857143,11.746145551745371,0.5428571428571428,1,0.4457094467444486,776,0.8285714285714286,3.657142857142857,3.9278405003379433,9.523339987413538,0.9787892891103755,0.5224392819429778,0.14146620847651775,7.86018636040684
72b5f996.qasm,1,66,131,4,130,0,1,0,0,63,0,1,0,0.0,8.879193928110318,0.0,0.0,0.0,0.0,0.0,0.0,0.0,0.0038022813688212928,0.0,0.4790874524714829,0.2585551330798479,0.0,0.0,0.0,0.0,0.0,0.0038022813688212928,1.0,32.0,63.0,32.0,16.253968253968253,6.87555208613293,0.9047619047619048,8.65030062197262,0.8412698412698413,11.307689814854587,0.746031746031746,1,1.0,63,0.0,0.0,0.0,0.0,-12.0,0.0,1.0,4.5017847633885
72cc2f13.qasm,1,38,38071,17298,24997,13074,0,13074,0,0,0,0,0,0.3434109952457251,14.279381671716358,0.0,0.0,0.18353800199137071,0.0,0.4619150348489877,0.0,0.0,0.0,0.0,0.015433123133089944,0.0,0.0,0.0,0.0,0.0,0.0,0.0,0.0,16.79057671714854,31.0,18.0,9.257142857142858,8.95112577291406,0.8285714285714286,10.756822542447248,0.7142857142857143,13.461784518678703,0.5428571428571428,1,0.056029840552680656,657,0.2857142857142857,2.2,3.066960794986722,0.031045485101944364,-1.5080015496725347,0.20548628428927682,0.007036867064402631,7.677954185590069
72d8892d.qasm,1,66,131,10,67,64,0,0,0,64,0,0,0,0.48854961832061067,8.240121298076472,0.0,0.0,0.0,0.0,0.0,0.0,0.0,0.0,0.0,0.48854961832061067,0.0,0.0,0.0,0.48854961832061067,0.0,0.0,0.007633587786259542,1.0,21.15625,58.0,31.0,16.19047619047619,6.730117328609049,0.9047619047619048,8.524579171429187,0.8412698412698413,11.207198580977863,0.746031746031746,1,1.0,64,0.746031746031746,3.6861812648925465,4.000000000000001,21.64368779106431,1.3353312606331427,0.06202723146747353,0.140625,7.589932017067181
73191d24.qasm,1,17,176,112,74,89,13,89,0,15,0,0,0,0.5056818181818182,8.081475040137052,0.07386363636363637,0.0,0.0,0.0,0.0,0.0,0.0,0.028409090909090908,0.011363636363636364,0.017045454545454544,0.045454545454545456,0.0,0.0,0.0,0.0,0.0,0.005681818181818182,1.0,4.820359281437126,8.0,7.0,4.0,6.493661138995848,0.5714285714285714,8.275267432131402,0.2857142857142857,9.166572638810514,0.0,1,1.0,167,0.0,0.0,0.0,0.0,-12.0,0.0,1.0,4.062393937253195
7337baba.qasm,1,6,7,5,6,1,0,1,0,2,0,0,0,0.14285714285714285,5.017279836814924,0.0,0.0,0.0,0.0,0.0,0.0,0.0,0.0,0.0,0.2727272727272727,0.09090909090909091,0.0,0.0,0.0,0.0,0.0,0.0,0.0,1.0,1.0,1.0,1.0,0.9542425094393249,0.0,0.9542425094393249,0.0,0.9542425094393249,0.0,1,1.0,1,0.0,0.0,0.0,0.0,-12.0,0.0,1.0,0.9542425094393249
733f4518.qasm,1,50,374243,187673,275420,98823,0,98823,0,0,0,0,0,0.2640610512421074,15.611241463920656,0.0,0.0,0.22666493994237058,0.0,0.06517305015054878,0.0,0.0,0.0,0.0,0.42173082526629324,0.0,0.02020267426425357,0.0,0.0,0.0,0.0,0.0,0.0,12.779011420002307,45.0,24.0,12.25531914893617,9.55887178287864,0.8723404255319149,11.364037321083027,0.7872340425531915,14.069801950632637,0.6595744680851063,1,0.002883966140101244,219,0.6595744680851063,2.9746245728097365,3.957422993652723,5.433127879708054,0.7350499271574814,0.3710843373493976,0.0006344445726150651,7.872279705598446
73f498a0.qasm,1,18,166,34,46,120,0,8,0,16,0,112,0,0.7228915662650602,8.928375259853631,0.0,0.0,0.0,0.0,0.005747126436781609,0.0,0.0,0.0,0.1839080459770115,0.06896551724137931,0.0,0.0,0.0,0.0,0.0,0.0,0.022988505747126436,1.0,3.1724137931034484,8.0,8.0,4.266666666666667,6.418221884420752,0.6,8.0555216898817,0.3333333333333333,8.827033041010155,0.0,1,1.0,232,0.6,3.2,4.0,4.994960447774743,0.698532053646936,0.2911290322580645,0.021551724137931036,7.253869714681262
742bfb51.qasm,1,121,1062004,367200,512804,188400,360800,188400,0,97,100445,0,0,0.17740046176850557,16.655795252747673,0.3068325911945976,0.0,0.0,0.0,0.0007077349532600041,0.0,0.0,0.0,0.0,0.03114033794344018,0.34785172952729204,0.01557016897172009,0.01557016897172009,0.0,0.0,0.08646162012326383,2.9488956385833504e-05,0.0,42.09219719992727,95.0,48.0,24.5,10.423647830020244,0.9375,12.229308952565141,0.8958333333333334,14.937481192381378,0.8333333333333334,1,0.0012475,195,0.0,0.0,0.0,0.0,-12.0,0.0,1.0,5.1297704289602
749ea355.qasm,1,258,515,4,514,0,1,0,0,255,0,1,0,0.0,10.31387386496336,0.0,0.0,0.0,0.0,0.0,0.0,0.0,0.0009813542688910696,0.0,0.5004906771344455,0.2433758586849853,0.0,0.0,0.0,0.0,0.0,0.0009813542688910696,1.0,128.0,255.0,128.0,64.25098039215686,8.116266340033405,0.9764705882352941,9.915422131360849,0.9607843137254902,12.613936623903165,0.9372549019607843,1,0.40927021696252464,35,0.0,0.0,0.0,0.0,-12.0,0.0,1.0,5.123854906326854
7513561e.qasm,1,55,14107,432,11785,2322,0,2322,0,0,0,0,0,0.16459913518111577,12.618758289381567,0.0,0.0,0.05486248936773462,0.14438616387865041,0.14672526226254606,0.0,0.0,0.016231925148851717,0.21944995747093848,0.0,0.0,0.0,0.0,0.0,0.0,0.0,0.0,0.0,4.093023255813954,10.0,26.0,13.5,7.5794687904805915,0.8846153846153846,9.372484974552886,0.8076923076923077,12.047387820917107,0.6923076923076923,1,0.15597305919886564,367,0.7884615384615384,3.5961538461538463,3.935929297472078,7.309806647333992,0.8639058895288534,0.3221799238629533,0.03919035314384152,7.844833169914783
75137edd.qasm,1,34,634,153,93,540,1,0,15,1,0,1,0,0.8517350157728707,10.760495262246444,0.0,0.8340807174887892,0.0,0.0,0.0,0.0,0.0,0.0,0.0,0.10762331838565023,0.0008968609865470852,0.0,0.0,0.0,0.026905829596412557,0.0,0.0,1.0,10.944444444444445,30.0,16.0,8.258064516129032,7.645376135392216,0.8064516129032258,9.447087581977833,0.6774193548387096,12.141196251185992,0.4838709677419355,1,0.49234923492349236,486,0.0,3.0674010857407206,0.6555467768929623,0.0,-12.0,0.0,1.0,7.272627015374607
751d7ced.qasm,1,52,15676,502,13093,2583,0,2583,0,0,0,0,0,0.16477417708599132,12.722918113620157,0.0,0.0,0.05492122217260956,0.14339478216495502,0.14785992217898833,0.0,0.0,0.0158831409070613,0.21968488869043823,0.0,0.0,0.0,0.0,0.0,0.0,0.0,0.0,0.0,3.529616724738676,9.0,25.0,12.755102040816327,7.556909618001994,0.8775510204081632,9.337564343648143,0.7959183673469388,12.012458797134242,0.673469387755102,1,0.25015949980860025,644,0.673469387755102,3.2244897959183674,3.905342661757242,9.313452027465553,0.9691106819058825,0.5057242409158785,0.1548586914440573,7.855581472757643
752a65aa.qasm,1,45,13179,501,11010,2169,0,2169,0,0,0,0,0,0.1645800136580924,12.545308915831237,0.0,0.0,0.05485584218512898,0.14438543247344462,0.14673748103186646,0.0,0.0,0.015629742033383916,0.21942336874051593,0.0,0.0,0.0,0.0,0.0,0.0,0.0,0.0,0.0,3.2904564315352696,8.0,21.0,11.0,7.443248855051561,0.8571428571428571,9.231462342188992,0.7619047619047619,11.876234916184236,0.6190476190476191,1,0.30560825681111026,657,0.8333333333333334,3.6904761904761907,3.9096688823996564,9.962312600679894,0.9983601650434993,0.4965986394557823,0.1553711387736284,7.844966000625904
7548d858.qasm,1,18,4402,500,3682,720,0,720,0,0,0,0,0,0.1635620172648796,11.425295715009254,0.0,0.0,0.05450828980240745,0.14421985010220303,0.14671814671814673,0.0,0.0,0.018623665682489212,0.2180331592096298,0.0,0.0,0.0,0.0,0.0,0.0,0.0,0.0,0.0,2.2,4.0,8.0,4.266666666666667,6.721912872518784,0.6,8.397169201060864,0.3333333333333333,9.922793014276012,0.0,1,1.0,720,0.6,3.2,3.8790424655200146,7.071329475140373,0.8495010728404061,0.44362745098039214,0.2263888888888889,7.590886676881308
758554e0.qasm,1,18,161,144,19,0,142,0,0,16,0,142,0,0.0,12.027143328579207,0.0,0.0,0.0,0.0,0.014586709886547812,0.0,0.0,0.0,0.0,0.17193408968125337,0.004186925985953539,0.1998919502971367,0.1804430037817396,0.0,0.0,0.0,0.0001350621285791464,1.0,3.450509149077289,8.0,8.0,4.266666666666667,9.32546007031669,0.6,11.072957399092306,0.3333333333333333,12.732196232131662,0.0,1,0.002595,397,0.6,3.2,4.000000000000001,5.403959430463662,0.732712079951868,0.6929853181076672,8.453305242349759e-05,7.868646559909373
75bd5cbf.qasm,1,67,378,28,148,230,0,230,0,35,0,0,70,0.6084656084656085,9.260272740724393,0.0,0.0,0.0,0.0,0.0,0.0,0.0,0.0,0.0,0.13392857142857142,0.078125,0.0,0.0,0.0,0.0,0.0,0.03571428571428571,1.0,4.478260869565218,10.0,28.0,11.046875,6.604905807488477,0.84375,8.379426590153004,0.71875,10.984851143650916,0.5625,1,1.0,230,0.0,0.0,4.0,0.0,-12.0,0.0,1.0,5.869631204242535
76034335.qasm,1,18,35,10,19,16,0,0,0,16,0,0,0,0.45714285714285713,6.86484777797086,0.0,0.0,0.0,0.0,0.0,0.0,0.0,0.0,0.0,0.45714285714285713,0.0,0.0,0.0,0.45714285714285713,0.0,0.0,0.02857142857142857,1.0,5.375,11.0,6.0,4.0,5.470188435344935,0.6,6.97107169163291,0.3333333333333333,6.97107169163291,0.0,1,1.0,16,0.6,3.2,4.0,1.5999135248937655,0.20409650973345841,0.05128205128205128,0.5625,5.881741191132526
76d0b692.qasm,1,68,76277,35489,48397,27880,0,27880,0,0,0,0,0,0.36550991779959885,14.976431696399159,0.0,0.0,0.20528438554613548,0.0,0.42003457074656353,0.0,0.0,0.0,0.0,0.023870277389085523,0.0,0.0,0.0,0.0,0.0,0.0,0.0,0.0,31.769153515064563,60.0,33.0,16.753846153846155,9.559266131757912,0.9076923076923077,11.364875356567849,0.8461538461538461,14.073750196988552,0.7538461538461538,1,0.018367748279252704,385,0.03076923076923077,1.4194563462536984,3.5427870878652494,1.158625914604362e-16,-11.999949684430659,0.007704004054738976,0.004734576757532282,7.141156706067439
77a3a480.qasm,1,41,11871,501,9918,1953,0,1953,0,0,0,0,0,0.1645185746777862,12.440848281074091,0.0,0.0,0.05483490566037736,0.14462601078167117,0.14673180592991913,0.0,0.0,0.016004043126684638,0.21933962264150944,0.0,0.0,0.0,0.0,0.0,0.0,0.0,0.0,0.0,3.2534562211981566,8.0,19.0,10.0,7.396629748069891,0.8421052631578947,9.176103345302934,0.7368421052631579,11.81620818663357,0.5789473684210527,1,0.4422445024854663,858,0.8421052631578947,3.6842105263157894,3.9030305269668095,9.828059781148085,0.9924677894995582,0.5154274152756702,0.15412186379928317,7.859602503938671
78adf5c7.qasm,1,114,702,20,250,452,0,452,0,0,0,0,0,0.6438746438746439,9.114049711657897,0.0,0.0,0.0,0.0,0.0,0.0,0.0,0.0,0.0,0.3286118980169972,0.0,0.0226628895184136,0.0,0.0,0.0,0.0,0.0,0.0,18.778761061946902,56.0,56.0,28.25225225225225,7.529857675158183,0.9459459459459459,9.330012855702348,0.9099099099099099,12.026812891323871,0.8558558558558559,1,0.42428571428571427,213,0.42342342342342343,2.902431756769751,4.0,40.79462882007393,1.6106029859486914,0.15367592820260634,0.011061946902654867,7.837858229302273
78f96e37.qasm,1,34,9270,501,7749,1521,0,1521,0,0,0,0,0,0.16407766990291262,12.19115695766989,0.0,0.0,0.05468665731852012,0.14539963326501995,0.14647826555927085,0.0,0.0,0.016718800560888793,0.21874662927408048,0.0,0.0,0.0,0.0,0.0,0.0,0.0,0.0,0.0,2.9585798816568047,7.0,16.0,8.258064516129032,7.2464142988079985,0.8064516129032258,8.992740902199253,0.6774193548387096,11.636295798256512,0.4838709677419355,1,0.5105740181268882,774,0.8064516129032258,3.6129032258064515,3.8936688715246817,8.931075817152362,0.9509037761687137,0.5098484848484849,0.1663379355687048,7.86978867377816
79b12d71.qasm,1,45,12867,501,10752,2115,0,2115,0,0,0,0,0,0.16437397994870598,12.52261910441536,0.0,0.0,0.054787068697544294,0.14415604600559528,0.1471868200186509,0.0,0.0,0.017018961765620143,0.21914827479017718,0.0,0.0,0.0,0.0,0.0,0.0,0.0,0.0,0.0,3.3404255319148937,8.0,21.0,11.0,7.4391636335166345,0.8571428571428571,9.221191008154559,0.7619047619047619,11.870048228980183,0.6190476190476191,1,0.3744267392149242,788,0.8571428571428571,3.7142857142857144,3.91897254809116,8.288240492849056,0.9184623441389003,0.46938775510204084,0.14657210401891252,7.83253911428262
7a0c7e70.qasm,1,50,287731,63263,206800,80931,0,67326,0,0,0,0,0,0.2812731335865791,15.248653914690122,0.0,0.0,0.14563980492336276,0.0,0.042063399907106364,0.0,0.0,0.0,0.0,0.27026242452392013,0.0,0.0,0.0,0.0,0.0,0.0,0.0,0.0,16.293406929536733,47.0,24.0,12.25531914893617,9.68081613892664,0.8723404255319149,11.485705673604107,0.7872340425531915,14.191078015554341,0.6595744680851063,1,0.0035976984105282484,267,0.3191489361702128,2.9361702127659575,4.0,12.939215499165073,1.1119079459840404,0.062141710616831,0.0012513208386630331,7.741875069650041
7a1c98cc.qasm,1,27,55,16,23,32,0,32,0,8,0,0,0,0.5818181818181818,6.873163834212518,0.0,0.0,0.0,0.0,0.0,0.0,0.0,0.0,0.0,0.3181818181818182,0.0,0.0,0.0,0.0,0.0,0.0,0.0,0.0,7.6875,15.0,8.0,4.5,5.97111667105869,0.625,7.726885261824794,0.375,9.482450856411544,0.0,1,1.0,32,0.0,0.625,3.9999999999999996,0.0,-12.0,0.0,1.0,5.002774943406482
7a79f013.qasm,1,258,33198,667,770,32428,0,0,0,0,0,32428,0,0.9768058316766071,14.067809723454527,0.0,0.0,0.021628694581280788,0.0,7.69704433497537e-05,0.0,0.0,0.0,0.0,0.012392241379310345,0.0,0.0,0.0,0.0,0.0,0.0,0.0,1.0,85.53959541137289,255.0,128.0,64.25098039215686,10.356473283020724,0.9764705882352941,12.16264565186535,0.9607843137254902,14.871890322382466,0.9372549019607843,1,0.004314037449516583,266,0.06666666666666667,0.3137254901960784,3.8407770592609354,10.814623252237809,1.0340113945727323,0.4016641452344932,0.0007246823732576786,7.83491502834332
7aad2132.qasm,1,55,21133,645,17650,3483,0,3483,0,0,0,0,0,0.16481332513131122,13.022408226405053,0.0,0.0,0.05493517554651273,0.14318160310400302,0.14687233841203748,0.0,0.0,0.015661966499479513,0.2197407021860509,0.0,0.0,0.0,0.0,0.0,0.0,0.0,0.0,0.0,4.4366925064599485,10.0,26.0,13.5,7.791433005815553,0.8846153846153846,9.585154256421124,0.8076923076923077,12.260986596686053,0.6923076923076923,1,0.09985329610524821,351,0.7307692307692307,3.519230769230769,3.918690182935036,6.684816766833903,0.8250895075975376,0.30299225779451766,0.026126902095894345,7.799997044054699
7afdbe61.qasm,1,30,2993,2483,2071,922,0,922,0,0,0,0,0,0.3080521216171066,11.729334389508322,0.0,0.0,0.17017017017017017,0.0,0.5135135135135135,0.0,0.0,0.0,0.0,0.00667334000667334,0.0,0.0,0.0,0.0,0.0,0.0,0.0,0.0,4.036876355748373,23.0,14.0,7.2592592592592595,7.171025196787284,0.7777777777777778,8.941844553310318,0.6296296296296297,11.451893140571022,0.4074074074074074,1,0.6646606486125042,670,0.6296296296296297,3.40763237058103,3.517555215305668,0.22950076596868368,-0.6392158606458842,0.1993919885550787,0.6247288503253796,7.721358722171405
7b19558f.qasm,1,130,8323,257,131,8192,0,0,64,128,0,0,0,0.9842604829989187,12.343096058946818,0.0,0.9765709479754896,0.0,0.0,0.0,0.0,0.0,0.0,0.0,0.015379070046858104,0.0,0.0,0.0,0.0,0.007689535023429052,0.0,0.00012014898474107894,1.0,43.1640625,127.0,64.0,32.25196850393701,9.160839224042457,0.952755905511811,10.966947674908026,0.9212598425196851,13.675986991979391,0.8740157480314961,1,0.08052884615384616,634,0.0,0.0,0.0,0.0,-12.0,0.0,1.0,5.084422549802054
7bab61ca.qasm,1,130,383,129,193,190,0,190,0,192,0,0,127,0.4960835509138381,10.993159999634763,0.0,0.0,0.0,0.0,0.0,0.0,0.0,0.0,0.0,0.12549019607843137,0.24901960784313726,0.0,0.0,0.0,0.0,0.0,0.0,1.0,1.0,1.0,2.0,1.4881889763779528,3.6983615660551097,0.0,3.6983615660551097,0.0,3.6983615660551097,0.0,1,1.0,190,0.0,0.5039370078740157,1.0,0.0,-12.0,0.0,1.0,3.7788022040132385
7be7d477.qasm,1,55,18791,574,15695,3096,0,3096,0,0,0,0,0,0.16475972540045766,12.905649113855024,0.0,0.0,0.05491698595146871,0.14405065985525756,0.14687100893997446,0.0,0.0,0.016070668369518943,0.21966794380587484,0.0,0.0,0.0,0.0,0.0,0.0,0.0,0.0,0.0,4.093023255813954,10.0,26.0,13.5,7.704507907399964,0.8846153846153846,9.497657651061505,0.8076923076923077,12.17273701160348,0.6923076923076923,1,0.11283197615626164,352,0.75,3.5384615384615383,3.935929297472078,6.932985713361837,0.8409203052594846,0.2972465581977472,0.029392764857881136,7.805270104258778
7bf0f1bc.qasm,1,51,15297,502,12777,2520,0,2520,0,0,0,0,0,0.16473818395763876,12.69760535207573,0.0,0.0,0.05490913844947052,0.1435481762321872,0.14786246568178846,0.0,0.0,0.015949797359131913,0.21963655379788208,0.0,0.0,0.0,0.0,0.0,0.0,0.0,0.0,0.0,3.432142857142857,9.0,24.0,12.5,7.533328859570887,0.875,9.312625009611704,0.7916666666666666,11.985580744519561,0.6666666666666666,1,0.25746976135992156,649,0.7916666666666666,3.5208333333333335,3.90534266175724,9.013910058751824,0.9549132203444307,0.4894932014833127,0.15515873015873016,7.8477828031201335
7c9f6bae.qasm,1,52,15676,502,13093,2583,0,2583,0,0,0,0,0,0.16477417708599132,12.723553076862812,0.0,0.0,0.05492122217260956,0.14403265930981693,0.14785992217898833,0.0,0.0,0.01632965490846463,0.21968488869043823,0.0,0.0,0.0,0.0,0.0,0.0,0.0,0.0,0.0,3.529616724738676,9.0,25.0,12.755102040816327,7.556909618001994,0.8775510204081632,9.337564343648143,0.7959183673469388,12.012458797134242,0.673469387755102,1,0.2488197014163583,640,0.673469387755102,3.2244897959183674,3.9069503226571762,10.06440340194,1.0027880358640937,0.5015189873417721,0.1548586914440573,7.842354085302188
7d6d9a38.qasm,1,55,23475,717,19605,3870,0,3870,0,0,0,0,0,0.16485623003194888,13.128484604409264,0.0,0.0,0.05494973590049412,0.14401942409269042,0.1469585960129494,0.0,0.0,0.016101550519679673,0.2197989436019765,0.0,0.0,0.0,0.0,0.0,0.0,0.0,0.0,0.0,4.093023255813954,10.0,26.0,13.5,7.801478137459915,0.8846153846153846,9.594707967546153,0.8076923076923077,12.269893110984595,0.6923076923076923,1,0.09453414561410983,371,0.8269230769230769,3.6538461538461537,3.920318118117579,6.903092908314716,0.8390437185711692,0.33187686196623634,0.023514211886304908,7.8463831931550185
7db40afb.qasm,1,8,10,7,8,2,0,2,0,3,0,0,0,0.2,5.313205979041787,0.0,0.0,0.0,0.0,0.0,0.0,0.0,0.0,0.0,0.26666666666666666,0.0,0.06666666666666667,0.0,0.0,0.0,0.0,0.0,0.0,1.0,1.0,1.0,1.0,1.2304489213782739,0.0,1.2304489213782739,0.0,1.2304489213782739,0.0,1,1.0,2,0.0,1.0,1.0,0.0,-12.0,0.0,1.0,1.3979400086720377
7fdad0c4.qasm,1,55,16449,503,13740,2709,0,2709,0,0,0,0,0,0.1646908626664235,12.773095221079565,0.0,0.0,0.0548936170212766,0.14395136778115503,0.1468693009118541,0.0,0.0,0.016717325227963525,0.2195744680851064,0.0,0.0,0.0,0.0,0.0,0.0,0.0,0.0,0.0,3.6511627906976742,10.0,26.0,13.5,7.5957168953710905,0.8846153846153846,9.387968233263058,0.8076923076923077,12.061859256086771,0.6923076923076923,1,0.13309418130966133,365,0.7884615384615384,3.5961538461538463,3.920318118117579,6.74893483952199,0.8292352350798666,0.32541758905212315,0.03359173126614987,7.835089174144388
81af3d74.qasm,1,29,45,19,32,13,0,13,0,13,0,0,0,0.28888888888888886,6.9650803456014065,0.0,0.0,0.0,0.0,0.0,0.0,0.0,0.0,0.0,0.45,0.016666666666666666,0.0,0.0,0.0,0.0,0.0,0.03333333333333333,0.0,7.0,13.0,7.0,3.769230769230769,5.319898937967714,0.5384615384615384,6.780266677510102,0.23076923076923078,7.275872073236549,0.0,1,1.0,13,0.0,0.0,0.0,0.0,-12.0,0.0,1.0,3.131297796597623
81f388c7.qasm,1,18,147,33,19,128,0,0,8,16,0,0,0,0.8707482993197279,8.34687925374656,0.0,0.8163265306122449,0.0,0.0,0.0,0.0,0.0,0.0,0.0,0.10884353741496598,0.0,0.0,0.0,0.0,0.05442176870748299,0.0,0.006802721088435374,1.0,5.8125,15.0,8.0,4.266666666666667,6.467969152341321,0.6,8.237375378702906,0.3333333333333333,9.964958253283575,0.0,1,1.0,128,0.0,0.0,0.0,0.0,-12.0,0.0,1.0,4.036668810300097
81fdeb0a.qasm,1,8,21,12,17,4,0,4,0,3,0,0,0,0.19047619047619047,5.786897381366708,0.0,0.0,0.0,0.0,0.0,0.0,0.0,0.0,0.07692307692307693,0.46153846153846156,0.038461538461538464,0.0,0.0,0.0,0.0,0.0,0.0,0.0,1.0,1.0,1.0,1.0,1.5185139398778875,0.0,1.5185139398778875,0.0,1.5185139398778875,0.0,1,1.0,4,0.0,1.0,1.0,0.0,-12.0,0.0,1.0,1.7558748556724915
827a3442.qasm,1,8,17,12,11,6,0,6,0,3,0,0,0,0.35294117647058826,5.978885764901122,0.0,0.0,0.125,0.0,0.125,0.0,0.0,0.0,0.0,0.125,0.0,0.0,0.0,0.0,0.0,0.0,0.0,0.0,1.3333333333333333,2.0,1.0,1.0,1.8129133566428555,0.0,1.8129133566428555,0.0,1.8129133566428555,0.0,1,1.0,6,0.0,1.0,0.9547034813005262,0.0,-12.0,0.0,1.0,2.0827853703164503
82b89c68.qasm,1,60,3653,2528,2491,1162,0,1162,0,0,0,0,0,0.3180947166712291,11.943947852387137,0.0,0.0,0.13945857260049221,0.0,0.527481542247744,0.0,0.0,0.0,0.0,0.013672409078479627,0.0,0.0,0.0,0.0,0.0,0.0,0.0,0.0,11.258175559380378,53.0,29.0,14.75438596491228,7.724186059688383,0.8947368421052632,9.519728187603036,0.8245614035087719,12.182850713080258,0.7192982456140351,1,0.5209531635168447,593,0.0,2.559371412615937,1.6941291326452201,0.0,-12.0,0.0,1.0,6.776552496196589
831c33e1.qasm,1,55,18791,574,15695,3096,0,3096,0,0,0,0,0,0.16475972540045766,12.90477934329535,0.0,0.0,0.05491698595146871,0.14399744572158366,0.14687100893997446,0.0,0.0,0.015112813963388675,0.21966794380587484,0.0,0.0,0.0,0.0,0.0,0.0,0.0,0.0,0.0,4.093023255813954,10.0,26.0,13.5,7.704507907399964,0.8846153846153846,9.497657651061505,0.8076923076923077,12.17273701160348,0.6923076923076923,1,0.10644526052477514,330,0.6923076923076923,3.480769230769231,3.929778088424021,5.29548189151093,0.7239054872578187,0.2495507637017071,0.029392764857881136,7.713138403431924
8335b01d.qasm,1,48,26,25,4,22,0,22,0,23,0,0,0,0.8461538461538461,7.051855622955894,0.0,0.0,0.0,0.0,0.0,0.0,0.0,0.0,0.0,0.019230769230769232,0.0,0.0,0.0,0.0,0.0,0.0,0.019230769230769232,0.0,1.0,1.0,1.0,1.0,2.247973266361807,0.0,2.247973266361807,0.0,2.247973266361807,0.0,1,1.0,22,0.0,1.0,1.0,0.0,-12.0,0.0,1.0,2.537819095073274
834596bc.qasm,1,130,12426,257,2531,1608,8287,67,156,128,0,6084,0,0.1294060840173829,12.795746417613843,0.13571031525450647,0.005479234495354562,0.009687921861351544,0.009846740252521241,0.008973239101087906,0.008973239101087906,0.0123878345112364,0.013578972445009132,0.020011117287381877,0.012308425315651553,0.010164377034860637,0.0092908758834273,0.010958468990709125,0.005955689668863655,0.005558643690939411,0.0,7.940919558484873e-05,1.0,43.21922694683041,127.0,64.0,32.25196850393701,9.998884351398878,0.952755905511811,11.804996444259757,0.9212598425196851,14.514070720020868,0.8740157480314961,1,0.0036959260814783705,203,0.0,0.0,0.7049519581460947,0.0,-12.0,0.0,1.0,5.122206045078898
83b22dc5.qasm,1,26,6810,501,5694,1116,0,1116,0,0,0,0,0,0.16387665198237886,11.87682524679997,0.0,0.0,0.05461753046542358,0.1444721773601527,0.14652767581852885,0.0,0.0,0.017178094259286448,0.21847012186169432,0.0,0.0,0.0,0.0,0.0,0.0,0.0,0.0,0.0,2.903225806451613,6.0,12.0,6.260869565217392,7.088332345455686,0.7391304347826086,8.848241934460873,0.5652173913043478,11.355565914480747,0.30434782608695654,1,0.7150411280846063,795,0.7391304347826086,3.4782608695652173,3.953875160871772,9.201418450925729,0.9638547814679445,0.5211575211575211,0.1863799283154122,7.844109709091347
8400dcc1.qasm,1,258,770,258,515,255,0,255,0,256,0,0,0,0.33116883116883117,10.582535808716571,0.0,0.0,0.0,0.33246753246753247,0.0,0.0,0.0,0.0,0.33246753246753247,0.0,0.0,0.0,0.0,0.0,0.0,0.0,0.0012987012987012987,1.0,1.0,1.0,1.0,1.0,3.3098430047160705,0.0,3.3098430047160705,0.0,3.3098430047160705,0.0,1,1.0,255,0.0,1.0,0.9999995069946518,0.0,-12.0,0.0,1.0,3.609914410085998
8422040e.qasm,1,132,68,67,4,64,0,64,0,65,0,0,0,0.9411764705882353,8.074960359115858,0.0,0.0,0.0,0.0,0.0,0.0,0.0,0.0,0.0,0.007352941176470588,0.0,0.0,0.0,0.0,0.0,0.0,0.007352941176470588,0.0,1.0,1.0,1.0,1.0,2.7101173651118162,0.0,2.7101173651118162,0.0,2.7101173651118162,0.0,1,1.0,64,0.0,1.0,1.0,0.0,-12.0,0.0,1.0,3.0073209529227447
84fe3fba.qasm,1,36,18143,7976,11857,6286,0,6286,0,0,0,0,0,0.3464697128369068,13.538335756955027,0.0,0.0,0.18039561408342059,0.0,0.4562785828420299,0.0,0.0,0.0,0.0,0.01652983635462009,0.0,0.0,0.0,0.0,0.0,0.0,0.0,0.0,15.759147311485842,29.0,17.0,8.757575757575758,8.605408903383536,0.8181818181818182,10.411065425903839,0.696969696969697,13.115730513619306,0.5151515151515151,1,0.06410892453558238,326,0.30303030303030304,2.304126473107681,3.944721374954324,0.0013141980263249948,-2.881339189042104,0.1607822776047075,0.014635698377346485,7.743103007252023
85317608.qasm,1,34,224,40,131,93,0,93,0,32,0,0,0,0.41517857142857145,8.757311846936409,0.0,0.0,0.0,0.5714285714285714,0.0,0.0,0.0,0.0,0.0,0.0,0.0,0.0,0.0,0.0,0.0,0.0,0.004464285714285714,1.0,1.0,1.0,3.0,2.806451612903226,4.206529051682731,0.0,4.206529051682731,0.0,4.206529051682731,0.0,1,1.0,93,0.0,2.806451612903226,2.1692690350533397,0.0,-12.0,0.0,1.0,4.50200354465664
85863407.qasm,1,49,13863,502,11586,2277,0,2277,0,0,0,0,0,0.16425016230253192,12.597296831347995,0.0,0.0,0.05474610502019619,0.1438257357184074,0.146999422965955,0.0,0.0,0.016878245816503174,0.21898442008078475,0.0,0.0,0.0,0.0,0.0,0.0,0.0,0.0,0.0,3.4071146245059287,9.0,23.0,12.0,7.485452492238303,0.8695652173913043,9.262023887284572,0.782608695652174,11.932681616391688,0.6521739130434783,1,0.28158141548228843,630,0.8695652173913043,3.739130434782609,3.9110953099132724,7.846907638662665,0.8946985408143048,0.4783138401559454,0.14800175669740886,7.857990635241856
860cc392.qasm,1,49,13863,502,11586,2277,0,2277,0,0,0,0,0,0.16425016230253192,12.597989725493047,0.0,0.0,0.05474610502019619,0.14447489901904212,0.146999422965955,0.0,0.0,0.017383150605885748,0.21898442008078475,0.0,0.0,0.0,0.0,0.0,0.0,0.0,0.0,0.0,3.4071146245059287,9.0,23.0,12.0,7.485452492238303,0.8695652173913043,9.262023887284572,0.782608695652174,11.932681616391688,0.6521739130434783,1,0.2885073227039896,648,0.8695652173913043,3.739130434782609,3.9189725480911597,9.145157149999234,0.9611911727748776,0.48059194565744784,0.14800175669740886,7.861649337331182
86464ad3.qasm,1,10,58,33,21,36,1,0,3,1,0,1,0,0.6206896551724138,7.839525581704678,0.0,0.5060240963855421,0.0,0.0,0.0,0.0,0.0,0.0,0.0,0.2891566265060241,0.012048192771084338,0.0,0.0,0.0,0.07228915662650602,0.0,0.0,1.0,2.7962962962962963,6.0,4.0,2.2857142857142856,5.637130337257187,0.14285714285714285,5.637130337257187,0.0,5.637130337257187,0.0,1,1.0,54,0.0,1.7142857142857142,1.7863985970912588,0.0,-12.0,0.0,1.0,4.909304579114357
871618c1.qasm,1,34,9582,501,8007,1575,0,1575,0,0,0,0,0,0.1643706950532248,12.224850237853538,0.0,0.0,0.0547845142439737,0.14379630595846812,0.14671814671814673,0.0,0.0,0.017113638735260357,0.2191380569758948,0.0,0.0,0.0,0.0,0.0,0.0,0.0,0.0,0.0,2.954285714285714,7.0,16.0,8.258064516129032,7.2607426652240425,0.8064516129032258,9.008477717944174,0.6774193548387096,11.653821582690343,0.4838709677419355,1,0.5093945720250522,796,0.8064516129032258,3.6129032258064515,3.9330427766619174,10.225190651248067,1.0096714142846146,0.5194075587334014,0.17206349206349206,7.8579515098000305
8732dc00.qasm,1,66,448,72,259,189,0,189,0,64,0,0,0,0.421875,9.857810039039476,0.0,0.0,0.0,0.0,0.0,0.0,0.0,0.0,0.5714285714285714,0.0,0.0,0.0,0.0,0.0,0.0,0.0,0.002232142857142857,1.0,1.0,1.0,3.0,2.9047619047619047,4.541292115342369,0.0,4.541292115342369,0.0,4.541292115342369,0.0,1,1.0,189,0.0,2.9047619047619047,2.3703450877171637,0.0,-12.0,0.0,1.0,4.8397607809613215
884b47f6.qasm,1,58,2858,81,1178,1680,0,0,0,0,0,0,0,0.5878236529041287,11.52611805875621,0.0,0.0,0.41133263378803775,0.0,0.0,0.0,0.0,0.0,0.0,0.0,0.0,0.0,0.0,0.0,0.0,0.0,0.0,0.0,10.5,49.0,28.0,14.254545454545454,7.856884272356911,0.8909090909090909,9.66167722367094,0.8181818181818182,12.344260326465465,0.7090909090909091,1,0.09173669467787114,150,0.8909090909090909,3.7818181818181817,0.02083863407147411,0.00016683098618233016,-3.7777232803624603,0.7657945118059988,0.002976190476190476,7.92110756275078
885efe5b.qasm,1,26,6810,501,5694,1116,0,1116,0,0,0,0,0,0.16387665198237886,11.87700592029566,0.0,0.0,0.05461753046542358,0.14564674790779622,0.14652767581852885,0.0,0.0,0.01688445162237557,0.21847012186169432,0.0,0.0,0.0,0.0,0.0,0.0,0.0,0.0,0.0,2.903225806451613,6.0,12.0,6.260869565217392,7.088332345455686,0.7391304347826086,8.848241934460873,0.5652173913043478,11.355565914480747,0.30434782608695654,1,0.5696239717978848,631,0.7391304347826086,3.4782608695652173,3.9339396159361053,9.123187460532565,0.9601465987088971,0.5433441081398765,0.1863799283154122,7.81555512325023
8930abda.qasm,1,130,386,130,259,127,0,127,0,128,0,0,0,0.3290155440414508,9.87091270660395,0.0,0.0,0.0,0.3316062176165803,0.0,0.0,0.0,0.0,0.3316062176165803,0.0,0.0,0.0,0.0,0.0,0.0,0.0,0.0025906735751295338,1.0,1.0,1.0,1.0,1.0,3.0073209529227447,0.0,3.0073209529227447,0.0,3.0073209529227447,0.0,1,1.0,127,0.0,1.0,0.999989436546481,0.0,-12.0,0.0,1.0,3.3064250275506875
896404d8.qasm,1,36,17911,7752,11657,6254,0,6254,0,0,0,0,0,0.34917090056389927,13.526346053920212,0.0,0.0,0.17960596081933358,0.0,0.45414969023832114,0.0,0.0,0.0,0.0,0.016743874532566837,0.0,0.0,0.0,0.0,0.0,0.0,0.0,0.0,15.829868883914294,29.0,17.0,8.757575757575758,8.605126939188235,0.8181818181818182,10.410786437573565,0.696969696969697,13.11547157974067,0.5151515151515151,1,0.05187335976324753,269,0.3333333333333333,2.2493581421362383,3.6787148163725423,8.441986744273519e-06,-5.073555282671808,0.20449438202247192,0.016629357211384713,7.663761449199149
8a146ce3.qasm,1,32,100144,25122,72408,27736,0,22429,0,0,0,0,0,0.27696117590669433,14.21053872350966,0.0,0.0,0.15707224672211206,0.0,0.050522390268446446,0.0,0.0,0.0,0.0,0.2652203510225826,0.0,0.0,0.0,0.0,0.0,0.0,0.0,0.0,10.34222670897029,29.0,15.0,7.758620689655173,9.068278513601147,0.7931034482758621,10.8698219328913,0.6551724137931034,13.563923365469691,0.4482758620689655,1,0.006291066685306864,167,0.5517241379310345,3.206896551724138,4.0,12.705813034790037,1.1040024604313248,0.07565685343463122,0.0012979521199884627,7.7525468163802245
8a1c1c3f.qasm,1,10,56,16,35,21,0,21,0,8,0,0,0,0.375,7.754052639035757,0.0,0.0,0.0,0.0,0.0,0.0,0.0,0.0,0.5714285714285714,0.0,0.0,0.0,0.0,0.0,0.0,0.0,0.017857142857142856,1.0,1.0,1.0,3.0,2.142857142857143,3.3165993020938607,0.0,3.3165993020938607,0.0,3.3165993020938607,0.0,1,1.0,21,0.0,2.142857142857143,1.9420506257160772,0.0,-12.0,0.0,1.0,3.5725230978496376
8a2ab626.qasm,1,55,13691,432,11441,2250,0,2250,0,0,0,0,0,0.1643415382367979,12.587880105287663,0.0,0.0,0.054776511831726556,0.14482909728308502,0.1465089103125913,0.0,0.0,0.015994741454864153,0.21910604732690622,0.0,0.0,0.0,0.0,0.0,0.0,0.0,0.0,0.0,4.096,10.0,26.0,13.5,7.565763040364966,0.8846153846153846,9.358350495097703,0.8076923076923077,12.032068625946428,0.6923076923076923,1,0.14318065600116883,324,0.7115384615384616,3.5,3.929778088424021,4.760029073127732,0.6776096052962958,0.23287037037037037,0.04044444444444444,7.676014894433261
8b77bf87.qasm,1,258,1792,264,1027,765,0,765,0,256,0,0,0,0.42689732142857145,11.275315274618945,0.0,0.0,0.0,0.0,0.0,0.0,0.0,0.0,0.5714285714285714,0.0,0.0,0.0,0.0,0.0,0.0,0.0,0.0005580357142857143,1.0,1.0,1.0,3.0,2.976470588235294,5.167036577515617,0.0,5.167036577515617,0.0,5.167036577515617,0.0,1,1.0,765,0.0,2.976470588235294,2.4263152224186406,0.0,-12.0,0.0,1.0,5.4674615897177
8bd576fc.qasm,1,58,2578,73,1066,1512,0,0,0,0,0,0,0,0.5865011636927852,11.433189376950748,0.0,0.0,0.41256300891818537,0.0,0.0,0.0,0.0,0.0,0.0,0.0,0.0,0.0,0.0,0.0,0.0,0.0,0.0,0.0,10.5,49.0,28.0,14.254545454545454,7.810906864948114,0.8909090909090909,9.615544646711825,0.8181818181818182,12.297879901566299,0.7090909090909091,1,0.09006211180124224,120,0.8909090909090909,3.7818181818181817,2.300568448767744,1.6764855053319951,0.2243998029297003,0.7905701754385965,0.0033068783068783067,7.868121989470647
8c01a935.qasm,1,117,706,23,249,457,0,457,0,0,0,0,0,0.6473087818696884,9.111403624116159,0.0,0.0,0.0,0.0,0.0,0.0,0.0,0.0,0.0,0.2559774964838256,0.0,0.09142053445850915,0.0,0.0,0.0,0.0,0.0,0.0,10.199124726477024,23.0,56.0,26.912280701754387,7.256710844343672,0.9473684210526315,9.051251979936103,0.9122807017543859,11.730614093117692,0.8596491228070176,1,0.6306818181818182,277,0.5964912280701754,3.219298245614035,4.0,14.485001482362685,1.1609185439845398,0.15334947538337368,0.13566739606126915,7.704770454387701
8d5010bc.qasm,1,18,35,4,34,0,1,0,0,15,0,1,0,0.0,7.462214939768189,0.0,0.0,0.0,0.0,0.0,0.0,0.0,0.014925373134328358,0.0,0.44776119402985076,0.23880597014925373,0.0,0.0,0.0,0.0,0.0,0.014925373134328358,1.0,8.0,15.0,8.0,4.266666666666667,5.4832405787719525,0.6,7.044732915762914,0.3333333333333333,8.23695430884975,0.0,1,1.0,15,0.0,0.0,0.0,0.0,-12.0,0.0,1.0,3.2555137128195333
8d9d4033.qasm,1,22,5762,501,4817,945,0,945,0,0,0,0,0,0.16400555362721278,11.702950606149216,0.0,0.0,0.05465903175429464,0.14367516918271733,0.14679854242581988,0.0,0.0,0.018219677251431546,0.21863612701717855,0.0,0.0,0.0,0.0,0.0,0.0,0.0,0.0,0.0,2.5428571428571427,5.0,10.0,5.2631578947368425,6.960432388581718,0.6842105263157895,8.64603217300255,0.47368421052631576,11.154786160819661,0.15789473684210525,1,0.8260416666666667,783,0.6842105263157895,3.3684210526315788,3.913034662834138,10.889316415425245,1.0370006174668462,0.5674300254452926,0.2105820105820106,7.848234903384617
8e84b85a.qasm,1,10,21,16,3,0,18,0,0,8,0,18,0,0.0,8.81537000096066,0.0,0.0547945205479452,0.0,0.0,0.2922374429223744,0.0,0.0,0.0,0.0,0.0365296803652968,0.0,0.0,0.0,0.0,0.0,0.0,0.0045662100456621,1.0,3.347826086956522,7.0,4.0,2.2857142857142856,6.0156652470488465,0.14285714285714285,6.0156652470488465,0.0,6.0156652470488465,0.0,1,1.0,92,0.0,0.0,0.0,0.0,-12.0,0.0,1.0,3.6225248624035684
8e9564e3.qasm,1,43,12109,501,10120,1989,0,1989,0,0,0,0,0,0.16425798992484927,12.460493909262517,0.0,0.0,0.054748142031379024,0.14409578860445912,0.14649050371593725,0.0,0.0,0.01717588769611891,0.2189925681255161,0.0,0.0,0.0,0.0,0.0,0.0,0.0,0.0,0.0,3.248868778280543,8.0,20.0,10.5,7.399939978290751,0.85,9.180864032609222,0.75,11.831790934390213,0.6,1,0.4316511109275626,851,0.825,3.675,3.923664337150506,8.612893991745752,0.9351491019145609,0.47893796272657646,0.146807440925088,7.833960101006142
8f4e1b64.qasm,1,38,38071,17298,24997,13074,0,13074,0,0,0,0,0,0.3434109952457251,14.279121925165896,0.0,0.0,0.1836870026525199,0.0,0.46187002652519893,0.0,0.0,0.0,0.0,0.015417771883289124,0.0,0.0,0.0,0.0,0.0,0.0,0.0,0.0,16.79057671714854,31.0,18.0,9.257142857142858,8.95112577291406,0.8285714285714286,10.756822542447248,0.7142857142857143,13.461784518678703,0.5428571428571428,1,0.0550316530510389,646,0.2857142857142857,2.2065376768713105,2.90439851242763,4.976377558945924e-07,-6.303085804330639,0.22467116956985425,0.0073428178063331805,7.712579072531668
8f564e3e.qasm,1,55,16449,503,13740,2709,0,2709,0,0,0,0,0,0.1646908626664235,12.772244041293062,0.0,0.0,0.0548936170212766,0.14340425531914894,0.1468693009118541,0.0,0.0,0.015987841945288753,0.2195744680851064,0.0,0.0,0.0,0.0,0.0,0.0,0.0,0.0,0.0,3.6511627906976742,10.0,26.0,13.5,7.5957168953710905,0.8846153846153846,9.387968233263058,0.8076923076923077,12.061859256086771,0.6923076923076923,1,0.13218216088040372,363,0.7884615384615384,3.5961538461538463,3.918690182935036,7.358730390487881,0.8668028915158165,0.32544976753588034,0.03359173126614987,7.835365692836753
8f8fbcbd.qasm,1,60,437340,82757,312289,125051,0,107205,0,0,0,0,0,0.28593542781360043,15.641554699912215,0.0,0.0,0.13623098064772052,0.0,0.03419941631484997,0.0,0.0,0.0,0.0,0.26824016093842973,0.0,0.0,0.0,0.0,0.0,0.0,0.0,0.0,20.03555270370209,57.0,29.0,14.75438596491228,9.877383636402495,0.8947368421052632,11.68285488941325,0.8245614035087719,14.389629183388836,0.7192982456140351,1,0.0021708502704232534,230,0.49122807017543857,2.817280043872301,4.000000000000001,7.330912519900808,0.8651580370820512,0.026478679504814306,0.0010440683864793145,7.6963596830673096
8fb9e9ac.qasm,1,65,2547,1307,1229,1257,61,1257,0,63,0,0,0,0.49352179034157834,10.622546114880574,0.023949744797801334,0.0,0.0,0.0,0.0,0.0,0.009422850412249705,0.11503729878288182,0.0031409501374165686,0.01060070671378092,0.01963093835885355,0.08794660384766392,0.08794660384766392,0.0,0.0,0.0,0.00039261876717707107,1.0,22.5637707948244,55.0,31.0,16.0,8.172946801214328,0.9032258064516129,9.977641200790906,0.8387096774193549,12.683846470077269,0.7419354838709677,1,0.21041789287816362,360,0.0,0.0,0.0,0.0,-12.0,0.0,1.0,5.065837302289574
9143d50f.qasm,1,258,258,256,3,1,254,1,0,256,0,254,0,0.003875968992248062,9.650850821827147,0.007518796992481203,0.0,0.0,0.0,0.0,0.0,0.0,0.0,0.0,0.0,0.0,0.0,0.0,0.0,0.0,0.0,0.0037593984962406013,1.0,80.08607968519429,128.0,128.0,64.25098039215686,8.823039462172302,0.9764705882352941,10.62850277958782,0.9607843137254902,13.336702499838688,0.9372549019607843,1,0.04028710349617967,83,0.0,0.0,0.0,0.0,-12.0,0.0,1.0,5.024555444760634
917fa943.qasm,1,58,898,25,394,504,0,0,0,0,0,0,0,0.5612472160356348,10.401106348814837,0.0,0.0,0.4360400444938821,0.0,0.0,0.0,0.0,0.0,0.0,0.0,0.0,0.0,0.0,0.0,0.0,0.0,0.0,0.0,10.5,49.0,28.0,14.254545454545454,7.329363724367665,0.8909090909090909,9.130852820672251,0.8181818181818182,11.808108561328318,0.7090909090909091,1,0.27120535714285715,131,0.8909090909090909,3.7818181818181817,0.06767482632888783,8.464671583728935e-05,-4.072389882057116,0.7228204237582494,0.00992063492063492,7.8664772349242265
92f98bb3.qasm,1,14,2990,464,2504,486,0,486,0,0,0,0,0,0.1625418060200669,11.027426399150247,0.0,0.0,0.05416248746238716,0.14610498161150118,0.1444332998996991,0.0,0.0,0.01905717151454363,0.21664994984954863,0.0,0.0,0.0,0.0,0.0,0.0,0.0,0.0,0.0,2.2222222222222223,4.0,6.0,3.272727272727273,6.554627845579415,0.45454545454545453,8.083086762990792,0.09090909090909091,8.083086762990792,0.0,1,1.0,486,0.45454545454545453,2.909090909090909,3.7946280744540477,3.6426655662534104,0.5614193004218644,0.28136200716845877,0.205761316872428,7.2707999326971695
933b305c.qasm,1,47,13937,501,11642,2295,0,2295,0,0,0,0,0,0.1646695845590873,12.6031358899575,0.0,0.0,0.05488592337494619,0.1438513416559047,0.1473669106041039,0.0,0.0,0.0165016501650165,0.21954369349978475,0.0,0.0,0.0,0.0,0.0,0.0,0.0,0.0,0.0,3.3529411764705883,8.0,22.0,11.5,7.477255821729523,0.8636363636363636,9.259996660236249,0.7727272727272727,11.920133510820074,0.6363636363636364,1,0.26867599569429496,621,0.8181818181818182,3.5681818181818183,3.9030984517351213,9.7880298517223,0.9906952852015063,0.4919908466819222,0.15468409586056645,7.83877421569096
93865be7.qasm,1,10,6,2,6,0,0,0,0,4,0,0,0,0.0,5.198497031265826,0.0,0.0,0.0,0.0,0.0,0.0,0.0,0.0,0.0,0.3333333333333333,0.0,0.0,0.0,0.0,0.0,0.0,0.0,0.0,0.0,0.0,0.0,0.0,0.0,0.0,0.0,0.0,0.0,0.0,1,1.0,0,0.0,0.0,0.0,0.0,-12.0,0.0,1.0,0.0
9395edc6.qasm,1,15,78,28,32,46,0,46,0,7,0,0,14,0.5897435897435898,7.668561108015897,0.0,0.0,0.0,0.0,0.0,0.0,0.0,0.0,0.0,0.13043478260869565,0.07608695652173914,0.0,0.0,0.0,0.0,0.0,0.043478260869565216,1.0,4.478260869565218,10.0,6.0,3.5,5.900612340200575,0.5,7.578933479404186,0.16666666666666666,7.578933479404186,0.0,1,1.0,46,0.0,0.0,4.0,0.0,-12.0,0.0,1.0,5.17066354527954
93c78575.qasm,1,53,16055,502,13409,2646,0,2646,0,0,0,0,0,0.16480847088134537,12.747553557555781,0.0,0.0,0.05493273542600897,0.1433731938216243,0.14785749875435975,0.0,0.0,0.01569506726457399,0.21973094170403587,0.0,0.0,0.0,0.0,0.0,0.0,0.0,0.0,0.0,3.622448979591837,9.0,25.0,13.0,7.579275689486288,0.88,9.361148979422092,0.8,12.037769899918153,0.68,1,0.2486762598891173,655,0.68,3.24,3.898669064295271,8.902297062847287,0.9495020822632008,0.49963063284905196,0.154572940287226,7.853349474442386
9429600a.qasm,1,51,15297,502,12777,2520,0,2520,0,0,0,0,0,0.16473818395763876,12.69814960638434,0.0,0.0,0.05490913844947052,0.14407112040789646,0.14786246568178846,0.0,0.0,0.016342005490913844,0.21963655379788208,0.0,0.0,0.0,0.0,0.0,0.0,0.0,0.0,0.0,3.432142857142857,9.0,24.0,12.5,7.533328859570887,0.875,9.312625009611704,0.7916666666666666,11.985580744519561,0.6666666666666666,1,0.2547237659365806,642,0.75,3.4583333333333335,3.9069503226571727,9.89358758337583,0.9953538027335633,0.48861911987860396,0.15515873015873016,7.834114930324029
94f4e26a.qasm,1,55,20145,645,16833,3312,0,3312,0,0,0,0,0,0.16440804169769174,12.973756634851705,0.0,0.0,0.05479996028988385,0.14409808398689566,0.14653032860121115,0.0,0.0,0.016082597041596345,0.2191998411595354,0.0,0.0,0.0,0.0,0.0,0.0,0.0,0.0,0.0,4.418478260869565,10.0,26.0,13.5,7.767220188868746,0.8846153846153846,9.560216162239689,0.8076923076923077,12.233989303614052,0.6923076923076923,1,0.19033907560939284,625,0.8846153846153846,3.769230769230769,3.929778088424021,6.5872535676590624,0.8187043813580169,0.30756876129291305,0.02747584541062802,7.816655061720739
950704f2.qasm,1,130,8449,383,258,8191,0,0,63,127,0,0,0,0.9694638418747781,12.368085196840152,0.0,0.9620073381465262,0.0,0.0,0.0,0.0,0.0,0.0,0.0,0.030062729317078943,0.00011835720203574388,0.0,0.0,0.0,0.007456503728251864,0.0,0.00011835720203574388,1.0,43.161518740080574,127.0,64.0,32.25196850393701,9.160328307600512,0.952755905511811,10.966145648681948,0.9212598425196851,13.674765828002274,0.8740157480314961,1,0.02888941510774331,116,0.0,0.0,0.0,0.0,-12.0,0.0,1.0,5.1109430620213425
954ad251.qasm,1,6,18,12,16,2,0,2,0,2,0,0,0,0.1111111111111111,5.517452896464707,0.0,0.0,0.0,0.0,0.0,0.0,0.0,0.0,0.0,0.45454545454545453,0.18181818181818182,0.0,0.0,0.0,0.0,0.0,0.0,0.0,1.0,1.0,1.0,1.0,1.2304489213782739,0.0,1.2304489213782739,0.0,1.2304489213782739,0.0,1,1.0,2,0.0,0.0,1.0,0.0,-12.0,0.0,1.0,1.2304489213782739
957c248b.qasm,1,34,577,95,66,511,0,0,15,31,0,0,0,0.8856152512998267,9.849242537683732,0.0,0.8596187175043327,0.0,0.0,0.0,0.0,0.0,0.0,0.0,0.10745233968804159,0.0017331022530329288,0.0,0.0,0.0,0.025996533795493933,0.0,0.0017331022530329288,1.0,11.146771037181995,31.0,16.0,8.258064516129032,7.359907865042896,0.8064516129032258,9.15803037384753,0.6774193548387096,11.847920707586937,0.4838709677419355,1,1.0,511,0.0,0.0,0.0,0.0,-12.0,0.0,1.0,4.939763786401352
964382be.qasm,1,55,20145,645,16833,3312,0,3312,0,0,0,0,0,0.16440804169769174,12.974712196664838,0.0,0.0,0.05479996028988385,0.14429663456765612,0.14653032860121115,0.0,0.0,0.01707534994539859,0.2191998411595354,0.0,0.0,0.0,0.0,0.0,0.0,0.0,0.0,0.0,4.418478260869565,10.0,26.0,13.5,7.767220188868746,0.8846153846153846,9.560216162239689,0.8076923076923077,12.233989303614052,0.6923076923076923,1,0.09953830114680037,332,0.7307692307692307,3.519230769230769,3.920318118117579,5.825821183585685,0.7653571503614411,0.25225225225225223,0.02747584541062802,7.711218491857257
965eb08c.qasm,1,45,12867,501,10752,2115,0,2115,0,0,0,0,0,0.16437397994870598,12.52222554995765,0.0,0.0,0.054787068697544294,0.1438451973888716,0.1471868200186509,0.0,0.0,0.01670811314889649,0.21914827479017718,0.0,0.0,0.0,0.0,0.0,0.0,0.0,0.0,0.0,3.3404255319148937,8.0,21.0,11.0,7.4391636335166345,0.8571428571428571,9.221191008154559,0.7619047619047619,11.870048228980183,0.6190476190476191,1,0.2617178390983288,557,0.8333333333333334,3.619047619047619,3.9413996608680884,7.0978986694469235,0.8511297950096381,0.4191904896688367,0.14657210401891252,7.75850477375927
96876fa5.qasm,1,18,20513,15765,10661,8478,1374,8478,0,16,0,1296,0,0.4132988836347682,12.942516356419677,0.00380061394532963,0.0,0.0,0.0,0.0,0.0,0.00730887297178775,0.11114359499098572,0.00964771232275983,0.010134970520879014,0.05988403254884764,0.10242167324465234,0.10271402816352385,0.0,0.0,0.0,4.8725819811918335e-05,1.0,5.796633941093969,15.0,8.0,4.266666666666667,8.47029716708562,0.6,10.256651022085778,0.3333333333333333,12.019269244983606,0.0,1,0.06906474820143885,1044,0.0,0.9333333333333333,1.0,0.0,-12.0,0.0,1.0,5.560768376448803
96f82da7.qasm,1,256,384,129,257,127,0,0,0,255,0,0,0,0.3307291666666667,9.284519770150434,0.0,0.0,0.0,0.0,0.0,0.0,0.0,0.0,0.0,0.6614583333333334,0.0026041666666666665,0.0,0.0,0.3307291666666667,0.0,0.0,0.0,1.0,128.0,254.0,85.0,42.666666666666664,7.822870028890815,0.9607843137254902,9.628111548753433,0.9372549019607843,12.334801164819035,0.9019607843137255,1,0.643979057591623,82,0.0,0.0,0.0,0.0,-12.0,0.0,1.0,5.034391795899949
981d8651.qasm,1,130,131,129,4,127,0,127,0,128,0,0,0,0.9694656488549618,8.788593431293735,0.0,0.0,0.0,0.0,0.0,0.0,0.0,0.0,0.0,0.007633587786259542,0.0,0.0,0.0,0.0,0.0,0.0,0.007633587786259542,1.0,1.0,1.0,1.0,1.0,3.0073209529227447,0.0,3.0073209529227447,0.0,3.0073209529227447,0.0,1,1.0,127,0.0,1.0,1.0,0.0,-12.0,0.0,1.0,3.3064250275506875
9a442b56.qasm,1,92,12170,10178,8388,3782,0,3782,0,0,0,0,0,0.3107641741988496,13.141854191385907,0.0,0.0,0.1680630852636767,0.0,0.5142106127813373,0.0,0.0,0.0,0.0,0.006571381632988336,0.0,0.0,0.0,0.0,0.0,0.0,0.0,0.0,9.959809624537282,83.0,45.0,22.741573033707866,8.1861151502275,0.9325842696629213,9.988278243497254,0.8876404494382022,12.665770060056692,0.8202247191011236,1,0.4570184089414859,1627,0.02247191011235955,1.0070714226975237,2.2311415411965854,5.872937473704226e-05,-4.23114461545874,0.00988084859052601,0.14331041776837652,6.70943694563384
9c6b6510.qasm,1,258,1530,1402,3,1273,254,1273,0,256,0,254,0,0.8320261437908497,10.59026448608823,0.0,0.0,0.0,0.0,0.0,0.0,0.0,0.0,0.0,0.0012987012987012987,0.0,0.0012987012987012987,0.0012987012987012987,0.0,0.0,0.0,0.0006493506493506494,1.0,76.07665847665848,128.0,128.0,64.25098039215686,8.801148564260545,0.9764705882352941,10.606608199885526,0.9607843137254902,13.314795261820226,0.9372549019607843,1,0.028097780275358246,100,0.0,0.0,0.0,0.0,-12.0,0.0,1.0,5.090614232931648
9ccf974e.qasm,1,18,38,21,20,16,2,0,0,6,0,0,0,0.42105263157894735,6.626717749249025,0.043478260869565216,0.0,0.0,0.0,0.0,0.0,0.0,0.0,0.0,0.2608695652173913,0.06521739130434782,0.0,0.0,0.021739130434782608,0.0,0.0,0.06521739130434782,0.0,1.8571428571428572,5.0,4.0,2.5,4.798740394966937,0.25,4.798740394966937,0.0,4.798740394966937,0.0,1,1.0,28,0.0,1.125,1.0,0.0,-12.0,0.0,1.0,3.7816835845073506
9d76010e.qasm,1,158,81,80,4,77,0,77,0,78,0,0,0,0.9506172839506173,8.25582842728183,0.0,0.0,0.0,0.0,0.0,0.0,0.0,0.0,0.0,0.006172839506172839,0.0,0.0,0.0,0.0,0.0,0.0,0.006172839506172839,0.0,1.0,1.0,1.0,1.0,2.7902851640332416,0.0,2.7902851640332416,0.0,2.7902851640332416,0.0,1,1.0,77,0.0,1.0,1.0,0.0,-12.0,0.0,1.0,3.0881360887005513
9d7cbc78.qasm,1,14,2990,464,2504,486,0,486,0,0,0,0,0,0.1625418060200669,11.027865049090265,0.0,0.0,0.05416248746238716,0.1464393179538616,0.1444332998996991,0.0,0.0,0.019391507856904047,0.21664994984954863,0.0,0.0,0.0,0.0,0.0,0.0,0.0,0.0,0.0,2.2222222222222223,4.0,6.0,3.272727272727273,6.554627845579415,0.45454545454545453,8.083086762990792,0.09090909090909091,8.083086762990792,0.0,1,1.0,486,0.45454545454545453,2.909090909090909,3.8289855825685777,4.4816088204852536,0.6514339462377797,0.28136200716845877,0.205761316872428,7.2707999326971695
9d7e60b6.qasm,1,258,258,256,3,1,254,1,0,256,0,254,0,0.003875968992248062,9.907130907450927,0.01486988847583643,0.0,0.0,0.0,0.0,0.0,0.0,0.0,0.0,0.0,0.0,0.0,0.0,0.0,0.0,0.0,0.0037174721189591076,1.0,85.71663851351352,172.0,128.0,64.25098039215686,8.918917464238094,0.9764705882352941,10.72416709855545,0.9607843137254902,13.432015820513222,0.9372549019607843,1,0.03512014787430684,80,0.0,0.0,0.0,0.0,-12.0,0.0,1.0,5.063802308875193
9e3be92a.qasm,1,130,8449,383,258,8191,0,0,63,127,0,0,0,0.9694638418747781,12.36814047329686,0.0,0.9620073381465262,0.0,0.0,0.0,0.0,0.0,0.0,0.0,0.030062729317078943,0.00011835720203574388,0.0,0.0,0.0,0.007456503728251864,0.0,0.00011835720203574388,1.0,43.161518740080574,127.0,64.0,32.25196850393701,9.160328307600512,0.952755905511811,10.966145648681948,0.9212598425196851,13.674765828002274,0.8740157480314961,1,0.027587023443049963,105,0.0,0.0,0.0,0.0,-12.0,0.0,1.0,5.084508358260176
9ea3bed5.qasm,1,4,592,589,561,31,0,0,0,31,0,0,496,0.052364864864864864,10.06683863569798,0.0,0.02849264705882353,0.0,0.0,0.4273897058823529,0.0,0.0,0.0,0.0,0.05698529411764706,0.029411764705882353,0.0,0.0,0.0,0.0,0.0,0.0,1.0,1.0,1.0,1.0,1.0,2.3961993470957363,0.0,2.3961993470957363,0.0,2.3961993470957363,0.0,1,1.0,31,0.0,0.0,0.0,0.0,-12.0,0.0,1.0,2.3961993470957363
9f744e04.qasm,1,32,42387,9586,30423,11964,0,9995,0,0,0,0,0,0.28225635218345246,13.315128542709955,0.0,0.0,0.140487873926583,0.0,0.04305463810512409,0.0,0.0,0.0,0.0,0.2733556666981221,0.0,0.0,0.0,0.0,0.0,0.0,0.0,0.0,10.303075894349716,29.0,15.0,7.758620689655173,8.701287826575497,0.7931034482758621,10.502459992387987,0.6551724137931034,13.195259294765876,0.4482758620689655,1,0.021776571900436477,251,0.3793103448275862,3.296517828776176,4.0,6.355684343093667,0.8031623197096083,0.1536622473375353,0.006603142761618188,7.777449276066126
a0a79499.qasm,1,18,427,66,67,360,0,360,0,16,0,0,0,0.8430913348946136,8.998136760700307,0.0,0.0,0.0,0.14988290398126464,0.0,0.0,0.0,0.0,0.0,0.0,0.0,0.0,0.0,0.0,0.0,0.0,0.00234192037470726,1.0,5.666666666666667,15.0,8.0,4.266666666666667,6.90822248627344,0.6,8.679350204556393,0.3333333333333333,10.408070268525588,0.0,1,1.0,360,0.0,2.6,2.8008542164395016,0.0,-12.0,0.0,1.0,7.319965902157045
a0b53b67.qasm,1,130,207,79,32,119,56,119,0,64,0,0,0,0.5748792270531401,8.615951963439501,0.20437956204379562,0.0,0.0,0.0,0.0,0.0,0.0,0.0,0.0,0.0,0.10583941605839416,0.0,0.0,0.0,0.0,0.0,0.0036496350364963502,0.0,22.076923076923077,56.0,32.0,16.253968253968253,7.6088841146816115,0.9047619047619048,9.408796398822888,0.8412698412698413,12.112299850076553,0.746031746031746,1,0.7236842105263158,326,0.0,0.0,0.0,0.0,-12.0,0.0,1.0,5.062660939683685
a169a3ba.qasm,1,41,11871,501,9918,1953,0,1953,0,0,0,0,0,0.1645185746777862,12.440393497434508,0.0,0.0,0.05483490566037736,0.14361522911051214,0.14673180592991913,0.0,0.0,0.015919811320754717,0.21933962264150944,0.0,0.0,0.0,0.0,0.0,0.0,0.0,0.0,0.0,3.2534562211981566,8.0,19.0,10.0,7.396629748069891,0.8421052631578947,9.176103345302934,0.7368421052631579,11.81620818663357,0.5789473684210527,1,0.4419917431965625,857,0.8421052631578947,3.6842105263157894,3.908724017980764,8.539146989326426,0.9314144893856363,0.5176351179903578,0.15412186379928317,7.856978601329427
a1b3d3aa.qasm,1,34,540,73,98,442,0,0,0,0,0,442,0,0.8185185185185185,9.841931246837023,0.0,0.0,0.11764705882352941,0.0,0.001838235294117647,0.0,0.0,0.0,0.0,0.058823529411764705,0.0,0.0,0.0,0.0,0.0,0.0,0.0,1.0,11.411764705882353,31.0,16.0,8.258064516129032,7.614803864310639,0.8064516129032258,9.417703393009333,0.6774193548387096,12.112665180320981,0.4838709677419355,1,0.2742616033755274,243,0.5806451612903226,2.7096774193548385,3.864465327477203,12.033826983448147,1.0804037631242696,0.43055888702326695,0.042986425339366516,7.885295352695329
a1bc8d56.qasm,1,22,5450,501,4559,891,0,891,0,0,0,0,0,0.16348623853211008,11.646940490625441,0.0,0.0,0.05448541552008806,0.1441937259218492,0.14639515685195378,0.0,0.0,0.01926252063841497,0.21794166208035223,0.0,0.0,0.0,0.0,0.0,0.0,0.0,0.0,0.0,2.5555555555555554,5.0,10.0,5.2631578947368425,6.934580101030249,0.6842105263157895,8.618556362202524,0.47368421052631576,11.111860477593869,0.15789473684210525,1,0.8067180616740088,719,0.6842105263157895,3.3684210526315788,3.910556516995212,8.586170972919936,0.9337995321584248,0.538627269929209,0.19640852974186307,7.793283521519628
a3cb01ca.qasm,1,26,6810,501,5694,1116,0,1116,0,0,0,0,0,0.16387665198237886,11.877408843578962,0.0,0.0,0.05461753046542358,0.14461899867860814,0.14652767581852885,0.0,0.0,0.017765379533108208,0.21847012186169432,0.0,0.0,0.0,0.0,0.0,0.0,0.0,0.0,0.0,2.903225806451613,6.0,12.0,6.260869565217392,7.088332345455686,0.7391304347826086,8.848241934460873,0.5652173913043478,11.355565914480747,0.30434782608695654,1,0.5280552291421856,590,0.7391304347826086,3.4782608695652173,3.937490294888705,8.562503032397416,0.9326007383052897,0.53954802259887,0.1863799283154122,7.792459497186394
a409aaa1.qasm,1,34,582,66,86,496,0,16,0,32,0,480,0,0.852233676975945,10.105448324582431,0.0,0.0,0.0,0.0,0.001694915254237288,0.0,0.0,0.0,0.10847457627118644,0.03389830508474576,0.0,0.0,0.0,0.0,0.0,0.0,0.006779661016949152,1.0,5.836065573770492,16.0,16.0,8.258064516129032,7.358735058833016,0.8064516129032258,9.147269835043364,0.6774193548387096,11.795276450265764,0.4838709677419355,1,0.3602430555555556,355,0.5806451612903226,3.5758243806937116,4.000000000000001,13.823131719682992,1.1406064464026924,0.21736770691994572,0.005122950819672131,7.8838888267038625
a440a477.qasm,1,28,153,28,61,92,0,92,0,14,0,0,28,0.6013071895424836,8.350666240520924,0.0,0.0,0.0,0.0,0.0,0.0,0.0,0.0,0.0,0.13259668508287292,0.07734806629834254,0.0,0.0,0.0,0.0,0.0,0.03867403314917127,1.0,4.478260869565218,10.0,11.0,5.72,6.204977139260248,0.72,7.946137538056698,0.52,10.3904879193065,0.24,1,1.0,92,0.0,0.0,4.0,0.0,-12.0,0.0,1.0,5.471692075086866
a44fdc9f.qasm,1,129,129,127,3,1,125,1,0,127,0,125,0,0.007751937984496124,9.215725844252521,0.02857142857142857,0.0,0.0,0.0,0.0,0.0,0.0,0.0,0.0,0.0,0.0,0.0,0.0,0.0,0.0,0.0,0.007142857142857143,1.0,42.71907216494845,86.0,63.0,32.0,8.30707574776196,0.9523809523809523,10.111328422223638,0.9206349206349206,12.817717700056985,0.873015873015873,1,0.16403310759969902,183,0.0,0.0,0.0,0.0,-12.0,0.0,1.0,5.10062208731419
a4f95806.qasm,1,18,112,24,67,45,0,45,0,16,0,0,0,0.4017857142857143,8.047509510981422,0.0,0.0,0.0,0.5714285714285714,0.0,0.0,0.0,0.0,0.0,0.0,0.0,0.0,0.0,0.0,0.0,0.0,0.008928571428571428,1.0,1.0,1.0,3.0,2.6,3.828981954007923,0.0,3.828981954007923,0.0,3.828981954007923,0.0,1,1.0,45,0.0,2.6,1.9442849738824621,0.0,-12.0,0.0,1.0,4.116640945661129
a75c691c.qasm,1,30,2993,2483,2071,922,0,922,0,0,0,0,0,0.3080521216171066,11.72749637597968,0.0,0.0,0.17017017017017017,0.0,0.5135135135135135,0.0,0.0,0.0,0.0,0.00667334000667334,0.0,0.0,0.0,0.0,0.0,0.0,0.0,0.0,4.036876355748373,23.0,14.0,7.2592592592592595,7.171025196787284,0.7777777777777778,8.941844553310318,0.6296296296296297,11.451893140571022,0.4074074074074074,1,0.6833834837846874,686,0.7407407407407407,3.5047909859288744,1.0119529212790457,0.007888970162737537,-2.102979686448022,0.23912298732442616,0.6247288503253796,7.758686795384129
a8818670.qasm,1,34,35,33,4,31,0,31,0,32,0,0,0,0.8857142857142857,7.388327859577107,0.0,0.0,0.0,0.0,0.0,0.0,0.0,0.0,0.0,0.02857142857142857,0.0,0.0,0.0,0.0,0.0,0.0,0.02857142857142857,1.0,1.0,1.0,1.0,1.0,2.3961993470957363,0.0,2.3961993470957363,0.0,2.3961993470957363,0.0,1,1.0,31,0.0,1.0,1.0,0.0,-12.0,0.0,1.0,2.6893088591236203
a8b40b61.qasm,1,45,12867,501,10752,2115,0,2115,0,0,0,0,0,0.16437397994870598,12.52191934492912,0.0,0.0,0.054787068697544294,0.1437674852346907,0.1471868200186509,0.0,0.0,0.016397264532172832,0.21914827479017718,0.0,0.0,0.0,0.0,0.0,0.0,0.0,0.0,0.0,3.3404255319148937,8.0,21.0,11.0,7.4391636335166345,0.8571428571428571,9.221191008154559,0.7619047619047619,11.870048228980183,0.6190476190476191,1,0.4202876020209872,877,0.8571428571428571,3.7142857142857144,3.9110953099132724,7.579453080848072,0.879637868885519,0.4812422360248447,0.14657210401891252,7.848255894644155
a8dfab96.qasm,1,22,5762,501,4817,945,0,945,0,0,0,0,0,0.16400555362721278,11.70253705147553,0.0,0.0,0.05465903175429464,0.1450633350685407,0.14679854242581988,0.0,0.0,0.01717855283706403,0.21863612701717855,0.0,0.0,0.0,0.0,0.0,0.0,0.0,0.0,0.0,2.5428571428571427,5.0,10.0,5.2631578947368425,6.960432388581718,0.6842105263157895,8.64603217300255,0.47368421052631576,11.154786160819661,0.15789473684210525,1,0.8338541666666667,791,0.6842105263157895,3.3684210526315788,3.9186340834053666,12.168433272308658,1.0852346649193036,0.5652657946006123,0.2105820105820106,7.854049063897748
a9091180.qasm,1,51,15297,502,12777,2520,0,2520,0,0,0,0,0,0.16473818395763876,12.697473830477707,0.0,0.0,0.05490913844947052,0.14335207216629625,0.14786246568178846,0.0,0.0,0.015884429337168257,0.21963655379788208,0.0,0.0,0.0,0.0,0.0,0.0,0.0,0.0,0.0,3.432142857142857,9.0,24.0,12.5,7.533328859570887,0.875,9.312625009611704,0.7916666666666666,11.985580744519561,0.6666666666666666,1,0.2576659038901602,650,0.7916666666666666,3.5208333333333335,3.8986690642952695,8.702488634284496,0.9396434647549109,0.4948250369640217,0.15515873015873016,7.850559937380171
aa41f5f1.qasm,1,53,15483,502,12936,2547,0,2547,0,0,0,0,0,0.16450300329393527,12.711449451413536,0.0,0.0,0.05483079307672436,0.1442133815551537,0.14737793851717904,0.0,0.0,0.01698527512270731,0.21932317230689743,0.0,0.0,0.0,0.0,0.0,0.0,0.0,0.0,0.0,3.6431095406360425,9.0,25.0,13.0,7.565245821168867,0.88,9.346707595987779,0.8,12.022844675221373,0.68,1,0.2461081325495769,625,0.76,3.48,3.9189725480911615,8.686094789979418,0.938824564439152,0.46744696415508413,0.1464468001570475,7.854882262736493
aac529b2.qasm,1,130,24899,514,515,24384,0,24384,0,128,0,0,0,0.9793164384111812,12.99659151588543,0.0,0.0,0.0,0.02056307482228202,0.0,0.0,0.0,0.0,0.0,0.0,0.0,0.0,0.0,0.0,0.0,0.0,4.016225551226957e-05,1.0,43.0,127.0,64.0,32.25196850393701,9.632906986039579,0.952755905511811,11.43902347738669,0.9212598425196851,14.14807963928883,0.8740157480314961,1,0.025988110539845757,611,0.0,0.41732283464566927,1.9875638982052417,0.0,-12.0,0.0,1.0,6.214133832046113
aaf05f5c.qasm,1,30,8222,501,6872,1350,0,1350,0,0,0,0,0,0.16419362685477987,12.068630759741179,0.0,0.0,0.05472455308281649,0.14422959990271192,0.1466618022619482,0.0,0.0,0.01726863675057765,0.21889821233126597,0.0,0.0,0.0,0.0,0.0,0.0,0.0,0.0,0.0,2.8,6.0,14.0,7.2592592592592595,7.150726268389979,0.7777777777777778,8.912264423427496,0.6296296296296297,11.51865771401333,0.4074074074074074,1,0.5501216545012165,745,0.7777777777777778,3.5555555555555554,3.9141051366111643,10.652341500118988,1.0274450809024946,0.5715427657873701,0.17407407407407408,7.872275602808182
ab65fd24.qasm,1,55,21133,645,17650,3483,0,3483,0,0,0,0,0,0.16481332513131122,13.02301585850363,0.0,0.0,0.05493517554651273,0.1437967256553421,0.14687233841203748,0.0,0.0,0.016087820573483486,0.2197407021860509,0.0,0.0,0.0,0.0,0.0,0.0,0.0,0.0,0.0,4.4366925064599485,10.0,26.0,13.5,7.791433005815553,0.8846153846153846,9.585154256421124,0.8076923076923077,12.260986596686053,0.6923076923076923,1,0.10288202167431736,363,0.7884615384615384,3.5961538461538463,3.935929297472078,7.23653069093156,0.8595304083387458,0.3177683444511825,0.026126902095894345,7.83713376289876
ab8a1b3c.qasm,1,58,2018,57,842,1176,0,0,0,0,0,0,0,0.5827552031714569,11.177396783061228,0.0,0.0,0.4160475482912333,0.0,0.0,0.0,0.0,0.0,0.0,0.0,0.0,0.0,0.0,0.0,0.0,0.0,0.0,0.0,10.5,49.0,28.0,14.254545454545454,7.701133447353725,0.8909090909090909,9.505326713372769,0.8181818181818182,12.186950680451627,0.7090909090909091,1,0.1359126984126984,162,0.8909090909090909,3.7818181818181817,0.02083863407147411,0.0001947189258925113,-3.710591832529915,0.7747419550698239,0.004251700680272109,7.94636689614102
ab964bf6.qasm,1,30,8222,501,6872,1350,0,1350,0,0,0,0,0,0.16419362685477987,12.067632079752304,0.0,0.0,0.05472455308281649,0.14447282013863552,0.1466618022619482,0.0,0.0,0.016052535570959505,0.21889821233126597,0.0,0.0,0.0,0.0,0.0,0.0,0.0,0.0,0.0,2.8,6.0,14.0,7.2592592592592595,7.150726268389979,0.7777777777777778,8.912264423427496,0.6296296296296297,11.51865771401333,0.4074074074074074,1,0.5150851581508515,691,0.7777777777777778,3.5555555555555554,3.8990722228096764,8.225325209410476,0.915153077912073,0.49795918367346936,0.17407407407407408,7.7507783063622515
aceda861.qasm,1,258,767,257,385,382,0,382,0,384,0,0,255,0.4980443285528031,12.255686280078598,0.0,0.0,0.0,0.0,0.0,0.0,0.0,0.0,0.0,0.12524461839530332,0.24951076320939333,0.0,0.0,0.0,0.0,0.0,0.0,1.0,1.0,1.0,2.0,1.4941176470588236,4.004880007240635,0.0,4.004880007240635,0.0,4.004880007240635,0.0,1,1.0,382,0.0,0.5019607843137255,1.0,0.0,-12.0,0.0,1.0,4.08468349790325
ad2439c7.qasm,1,55,18011,574,15050,2961,0,2961,0,0,0,0,0,0.16439953361834433,12.86227312540949,0.0,0.0,0.054796802131912056,0.14368198978458804,0.14656895403064624,0.0,0.0,0.016600044414834553,0.21918720852764823,0.0,0.0,0.0,0.0,0.0,0.0,0.0,0.0,0.0,4.0638297872340425,10.0,26.0,13.5,7.681461160885254,0.8846153846153846,9.473889392065146,0.8076923076923077,12.146963043096903,0.6923076923076923,1,0.1311566439002721,374,0.8653846153846154,3.75,3.927263059856574,6.884289078111301,0.8378590984935667,0.2632135306553911,0.030732860520094562,7.762447846329812
ad74d7c1.qasm,1,34,782,65,175,114,493,3,9,32,0,373,0,0.14578005115089515,10.181535869019624,0.10642781875658588,0.014752370916754479,0.014752370916754479,0.01053740779768177,0.01685985247629083,0.01053740779768177,0.009483667017913594,0.01685985247629083,0.009483667017913594,0.04214963119072708,0.005268703898840885,0.015806111696522657,0.018967334035827187,0.006322444678609062,0.006322444678609062,0.0,0.001053740779768177,1.0,11.109763313609468,31.0,16.0,8.258064516129032,8.184931325024017,0.8064516129032258,9.987122065574907,0.6774193548387096,12.680296330974247,0.4838709677419355,1,0.17731481481481481,605,0.16129032258064516,2.355469355117867,2.835880886288076,0.008791502207842609,-2.0559369104473,0.002774035032099548,0.16449704142011834,6.83781316535149
aed3c1af.qasm,1,45,13179,501,11010,2169,0,2169,0,0,0,0,0,0.1645800136580924,12.545558194704363,0.0,0.0,0.05485584218512898,0.14468892261001517,0.14673748103186646,0.0,0.0,0.015781487101669194,0.21942336874051593,0.0,0.0,0.0,0.0,0.0,0.0,0.0,0.0,0.0,3.2904564315352696,8.0,21.0,11.0,7.443248855051561,0.8571428571428571,9.231462342188992,0.7619047619047619,11.876234916184236,0.6190476190476191,1,0.25605221218790314,555,0.6666666666666666,3.238095238095238,3.903030526966806,8.329719832532138,0.9206303942962117,0.4154727793696275,0.1553711387736284,7.678618746826421
af2659f0.qasm,1,10,35,14,28,7,0,7,0,4,0,0,0,0.2,6.709304340258298,0.0,0.0,0.1590909090909091,0.13636363636363635,0.045454545454545456,0.0,0.0,0.0,0.18181818181818182,0.06818181818181818,0.0,0.0,0.0,0.0,0.0,0.0,0.0,0.0,1.1428571428571428,2.0,1.0,1.0,1.8129133566428555,0.0,1.8129133566428555,0.0,1.8129133566428555,0.0,1,1.0,7,0.0,1.0,1.0,0.0,-12.0,0.0,1.0,2.110589710299249
af88ad19.qasm,1,19,7,5,3,0,4,0,0,17,0,4,0,0.0,10.58663490101774,0.21648626144879268,0.10741049125728559,0.0,0.0,0.0,0.0,0.0,0.0,0.0,0.10657785179017486,0.0,0.05328892589508743,0.05328892589508743,0.0,0.0,0.0,0.0008326394671107411,1.0,5.982683982683983,16.0,8.0,4.5,7.65521622612756,0.625,9.403579657070035,0.375,11.105380237287136,0.0,1,0.4849081364829396,897,0.0,0.0,0.0,0.0,-12.0,0.0,1.0,4.916564482168909
af8b17d0.qasm,1,10,6,5,3,3,0,3,0,4,0,0,0,0.5,5.459585514144159,0.0,0.0,0.0,0.0,0.0,0.0,0.0,0.0,0.0,0.08333333333333333,0.0,0.0,0.0,0.0,0.0,0.0,0.0,0.0,1.0,1.0,1.0,1.0,1.3979400086720377,0.0,1.3979400086720377,0.0,1.3979400086720377,0.0,1,1.0,3,0.0,1.0,1.0,0.0,-12.0,0.0,1.0,1.6127838567197355
b06c81ca.qasm,1,38,10630,501,8884,1746,0,1746,0,0,0,0,0,0.16425211665098777,12.329232312277115,0.0,0.0,0.054745555451039415,0.14391872824757784,0.14655253503903679,0.0,0.0,0.01664942150315116,0.21898222180415766,0.0,0.0,0.0,0.0,0.0,0.0,0.0,0.0,0.0,3.134020618556701,7.0,18.0,9.257142857142858,7.3306124683503775,0.8285714285714286,9.09095385698606,0.7142857142857143,11.746145551745371,0.5428571428571428,1,0.4231275875047045,731,0.8285714285714286,3.657142857142857,3.911095309913277,6.783012702889926,0.8314226303910236,0.4339681548548236,0.14146620847651775,7.729791285434808
b11883af.qasm,1,10,3209,2211,1709,1326,174,1326,0,8,0,144,0,0.4132128388906201,11.065669142800257,0.009319664492078284,0.0,0.0,0.0,0.0,0.0,0.009319664492078284,0.07486797141969556,0.001863932898415657,0.012426219322771047,0.05374339857098478,0.06399502951227089,0.06585896241068655,0.0,0.0,0.0,0.00031065548306927616,1.0,3.2043343653250775,7.0,4.0,2.2857142857142856,7.299527193421015,0.14285714285714285,7.299527193421015,0.0,7.299527193421015,0.0,1,0.920678107994977,1803,0.0,1.334264286126375,2.0000000000000098,0.0,-12.0,0.0,1.0,6.044505658313543
b1ea1d60.qasm,1,130,896,136,515,381,0,381,0,128,0,0,0,0.4252232142857143,10.169958756585515,0.0,0.0,0.0,0.5714285714285714,0.0,0.0,0.0,0.0,0.0,0.0,0.0,0.0,0.0,0.0,0.0,0.0,0.0011160714285714285,1.0,1.0,1.0,3.0,2.952755905511811,4.858254393036713,0.0,4.858254393036713,0.0,4.858254393036713,0.0,1,1.0,381,0.0,2.952755905511811,2.457923751864379,0.0,-12.0,0.0,1.0,5.158051739752956
b2346111.qasm,1,22,591,570,23,0,568,0,0,20,0,568,0,0.0,12.723335505760165,0.0,0.0,0.0,0.0,0.010820837842015768,0.0,0.0,0.0,0.0,0.17351986396660998,0.0030143762559901068,0.1984850827021178,0.18240840933683722,0.0,0.0,0.0,7.72916988715412e-05,1.0,4.086211025742267,10.0,10.0,5.2631578947368425,9.406244792624332,0.6842105263157895,11.182000209128129,0.47368421052631576,13.77634757086344,0.15789473684210525,1,0.00206,315,0.6842105263157895,3.3684210526315788,4.0,8.003594044849915,0.9032850524089158,0.7368080284881838,8.414620727152686e-05,7.908328049357099
b38d732e.qasm,1,60,2062,223,1250,812,0,812,0,29,0,0,0,0.3937924345295829,10.505396252661802,0.0,0.0,0.0,0.0,0.0,0.0,0.5816618911174785,0.0,0.0,0.013849092645654251,0.0,0.0,0.0,0.0,0.0,0.0,0.0004775549188156638,0.0,10.0,28.0,14.0,7.5,7.51938881947305,0.7857142857142857,9.31963273233401,0.6428571428571429,12.008723387061142,0.42857142857142855,1,1.0,812,0.0,0.0,0.0,0.0,-12.0,0.0,1.0,5.091403135891569
b469b640.qasm,1,10,1508,815,1046,462,0,402,60,4,0,0,0,0.3063660477453581,10.284352543776059,0.0,0.0,0.10700132100396301,0.035667107001321,0.3051519154557464,0.0,0.0,0.0,0.142668428005284,0.07926023778071334,0.0,0.0,0.0,0.0,0.03963011889035667,0.0,0.0,0.0,1.0,1.0,2.0,1.3333333333333333,4.161517733138683,0.0,4.161517733138683,0.0,4.161517733138683,0.0,1,1.0,462,0.0,0.0,0.0,0.0,-12.0,0.0,1.0,3.5678494505731067
b4976343.qasm,1,34,34,32,3,1,30,1,0,32,0,30,0,0.029411764705882353,7.652070746116482,0.047619047619047616,0.0,0.0,0.0,0.0,0.0,0.0,0.0,0.0,0.0,0.0,0.0,0.0,0.0,0.0,0.0,0.023809523809523808,1.0,10.08713692946058,16.0,16.0,8.258064516129032,6.987290473406025,0.8064516129032258,8.785362533306454,0.6774193548387096,11.482686358097487,0.4838709677419355,1,1.0,241,0.0,0.0,0.0,0.0,-12.0,0.0,1.0,4.5678377032007615
b4c090da.qasm,1,30,7,4,5,0,2,0,0,9,0,2,0,0.0,6.714170529909472,0.05128205128205128,0.0,0.0,0.0,0.0,0.0,0.0,0.0,0.0,0.0,0.07692307692307693,0.0,0.0,0.0,0.0,0.0,0.0,0.0,6.123076923076923,13.0,9.0,4.764705882352941,6.4909110547094375,0.6470588235294118,8.276343882958294,0.4117647058823529,10.91953449008829,0.058823529411764705,1,1.0,130,0.0,0.0,0.0,0.0,-12.0,0.0,1.0,4.068074489907648
b5baa095.qasm,1,86,127,44,86,0,41,0,0,1,0,0,0,0.0,8.019283792916793,0.0,0.0,0.6307692307692307,0.0,0.0,0.0,0.0,0.0,0.0,0.015384615384615385,0.0,0.0,0.0,0.0,0.0,0.0,0.0,0.0,41.25,82.0,41.0,21.0,7.7394902637386735,0.926829268292683,9.542403699399038,0.8780487804878049,12.246276404487936,0.8048780487804879,1,0.6299615877080665,193,0.0,1.2926829268292683,1.701753657704798,0.0,-12.0,0.0,1.0,6.199630409339759
b5be0645.qasm,1,44,103604,53602,56804,21200,25600,21200,0,21,9207,0,0,0.20462530404231496,14.20514434269972,0.22643040360152855,0.0,0.0,0.0,0.007119300633408365,0.0,0.0,0.0,0.0,0.04266345600167513,0.36839763387949537,0.021331728000837564,0.021331728000837564,0.0,0.0,0.08155787049154584,2.6173899387530754e-05,0.0,7.757499273198192,19.0,10.0,5.5,9.668946691384633,0.7,11.45477760204952,0.5,14.141618923120678,0.2,1,0.0057525,871,0.05,2.0850219859070545,3.3678839373605176,0.0,-12.0,0.0,1.0,6.8049252916093925
b601af0f.qasm,1,16,692,552,496,196,0,196,0,7,0,0,0,0.2832369942196532,9.488199355479201,0.0,0.0,0.008534850640113799,0.2460881934566145,0.44096728307254623,0.0,0.0,0.0,0.0,0.005689900426742532,0.0,0.0,0.0,0.0,0.0,0.0,0.001422475106685633,0.0,3.357142857142857,5.0,3.0,2.0,5.4858590731784185,0.0,5.4858590731784185,0.0,5.4858590731784185,0.0,1,1.0,196,0.0,1.9678924870096006,2.8510345759355067,0.0,-12.0,0.0,1.0,5.612428861302002
b630efea.qasm,1,26,7122,501,5952,1170,0,1170,0,0,0,0,0,0.16427969671440606,11.921784806146409,0.0,0.0,0.05475221114698863,0.14432121297206232,0.14684823810192335,0.0,0.0,0.015864102204127473,0.21900884458795453,0.0,0.0,0.0,0.0,0.0,0.0,0.0,0.0,0.0,2.8923076923076922,6.0,12.0,6.260869565217392,7.109376335248357,0.7391304347826086,8.86794268713831,0.5652173913043478,11.384922215273296,0.30434782608695654,1,0.5578651685393259,657,0.7391304347826086,3.4782608695652173,3.8990722228096795,10.301480248299244,1.0128996341691525,0.5716709075487701,0.18547008547008548,7.850178151696403
b680d160.qasm,1,53,15483,502,12936,2547,0,2547,0,0,0,0,0,0.16450300329393527,12.710625637410088,0.0,0.0,0.05483079307672436,0.14369671919400673,0.14737793851717904,0.0,0.0,0.0162748643761302,0.21932317230689743,0.0,0.0,0.0,0.0,0.0,0.0,0.0,0.0,0.0,3.6431095406360425,9.0,25.0,13.0,7.565245821168867,0.88,9.346707595987779,0.8,12.022844675221373,0.68,1,0.24081131709837866,610,0.68,3.24,3.9110953099132773,7.658676120243379,0.8841537039194198,0.45454545454545453,0.1464468001570475,7.8206222846509
b7694c8e.qasm,1,90,4133,2562,2799,1334,0,1334,0,0,0,0,0,0.3227679651584805,12.07421413856612,0.0,0.0,0.12327773749093546,0.0,0.5334783659656757,0.0,0.0,0.0,0.0,0.0193376843123036,0.0,0.0,0.0,0.0,0.0,0.0,0.0,0.0,19.395802098950526,81.0,44.0,22.20689655172414,8.022055010317901,0.9310344827586207,9.822396048785794,0.8850574712643678,12.508953280216764,0.8160919540229885,1,0.4664730089566691,567,0.0,1.6279236393112597,2.160672256668394,0.0,-12.0,0.0,1.0,6.380049255855573
b792cc98.qasm,1,8,8,6,5,2,1,1,0,3,0,1,0,0.25,5.683579767338681,0.04,0.0,0.0,0.0,0.0,0.0,0.0,0.0,0.04,0.12,0.12,0.08,0.0,0.0,0.0,0.0,0.0,0.0,1.2222222222222223,2.0,1.0,1.0,1.9493900066449128,0.0,1.9493900066449128,0.0,1.9493900066449128,0.0,1,1.0,9,0.0,1.0,0.9182973596302254,0.0,-12.0,0.0,1.0,2.285557309007774
b97c72bf.qasm,1,34,186,170,3,153,30,153,0,32,0,30,0,0.8225806451612904,8.436416881388949,0.0,0.0,0.0,0.0,0.0,0.0,0.0,0.0,0.0,0.01020408163265306,0.0,0.01020408163265306,0.01020408163265306,0.0,0.0,0.0,0.00510204081632653,1.0,9.580246913580247,16.0,16.0,8.258064516129032,6.970729156767094,0.8064516129032258,8.770777572341403,0.6774193548387096,11.470683544535234,0.4838709677419355,1,1.0,243,0.0,0.0,0.0,0.0,-12.0,0.0,1.0,4.547836215830798
b9ba0e84.qasm,1,58,2074,193,730,1344,0,0,0,0,0,0,0,0.648023143683703,11.210738706315565,0.0,0.0,0.35084337349397593,0.0,0.0,0.0,0.0,0.0,0.0,0.0,0.0,0.0,0.0,0.0,0.0,0.0,0.0,0.0,6.982142857142857,49.0,28.0,14.254545454545454,7.5806289732384595,0.8909090909090909,9.383902909667778,0.8181818181818182,12.05407306981321,0.7090909090909091,1,0.17664092664092665,217,0.8909090909090909,3.7818181818181817,2.0077787594503187,2.3515139793879074,0.37134756490366616,0.7733425893786879,0.003720238095238095,7.889165267780179
ba0c09b8.qasm,1,49,13863,502,11586,2277,0,2277,0,0,0,0,0,0.16425016230253192,12.596847038228335,0.0,0.0,0.05474610502019619,0.14519619157530295,0.146999422965955,0.0,0.0,0.015796306982111943,0.21898442008078475,0.0,0.0,0.0,0.0,0.0,0.0,0.0,0.0,0.0,3.4071146245059287,9.0,23.0,12.0,7.485452492238303,0.8695652173913043,9.262023887284572,0.782608695652174,11.932681616391688,0.6521739130434783,1,0.3171488348603997,722,0.8695652173913043,3.739130434782609,3.943643699417757,8.167458703870517,0.912086947282637,0.4602001906577693,0.14800175669740886,7.87125382787439
bb291a8b.qasm,1,53,16055,502,13409,2646,0,2646,0,0,0,0,0,0.16480847088134537,12.74800441746961,0.0,0.0,0.05493273542600897,0.1444319880418535,0.14785749875435975,0.0,0.0,0.01575734927752865,0.21973094170403587,0.0,0.0,0.0,0.0,0.0,0.0,0.0,0.0,0.0,3.622448979591837,9.0,25.0,13.0,7.579275689486288,0.88,9.361148979422092,0.8,12.037769899918153,0.68,1,0.24817791067090264,654,0.68,3.24,3.90303052696681,10.020790869768346,1.0009019986592247,0.49752720079129575,0.154572940287226,7.850627815561047
bb50273f.qasm,1,258,33786,1273,765,33020,1,0,127,1,0,1,0,0.9773278872905937,14.707556956755784,0.0,0.9523669724770643,0.0,0.0,0.0,0.0,0.0,0.0,0.0,0.028770642201834864,0.0,0.0,0.0,0.0,0.018642201834862385,0.0,0.0,1.0,85.65953307392996,254.0,128.0,64.25098039215686,10.359898985451379,0.9764705882352941,12.166070380892585,0.9607843137254902,14.875311883562535,0.9372549019607843,1,0.003906780300173467,129,0.0,0.0,0.0,0.0,-12.0,0.0,1.0,5.124272669810642
bc99b330.qasm,1,40,87553,18381,62726,24827,0,20888,0,0,0,0,0,0.2835653832535721,14.041338503067369,0.0,0.0,0.14650066133762724,0.0,0.03973776525389614,0.0,0.0,0.0,0.0,0.2683593076082581,0.0,0.0,0.0,0.0,0.0,0.0,0.0,0.0,13.05522213718935,37.0,19.0,9.756756756756756,9.122082340543578,0.8378378378378378,10.925811541067763,0.7297297297297297,13.62772295532824,0.5675675675675675,1,0.009183218923827254,224,0.5405405405405406,3.081081081081081,4.000000000000001,8.182177158378188,0.912868878495717,0.08941441441441442,0.0018528215249526724,7.828281734653171
bc9dd950.qasm,1,22,5762,501,4817,945,0,945,0,0,0,0,0,0.16400555362721278,11.702479140170814,0.0,0.0,0.05465903175429464,0.14367516918271733,0.14679854242581988,0.0,0.0,0.017699115044247787,0.21863612701717855,0.0,0.0,0.0,0.0,0.0,0.0,0.0,0.0,0.0,2.5428571428571427,5.0,10.0,5.2631578947368425,6.960432388581718,0.6842105263157895,8.64603217300255,0.47368421052631576,11.154786160819661,0.15789473684210525,1,0.8309027777777778,787,0.6842105263157895,3.3684210526315788,3.9096302116645036,11.034366559910772,1.0427474070553557,0.5663394109396914,0.2105820105820106,7.851151713274945
bd32080b.qasm,1,258,49667,513,10005,6397,33265,285,583,256,0,24690,0,0.12879779330340066,14.208855850254348,0.13685922534787062,0.006686344196132763,0.00921631227034516,0.009758448286247817,0.009035600265044274,0.009276549605445454,0.011565568339256671,0.014035299078368773,0.019757845912896813,0.011023432323354015,0.00909583760014457,0.009637973616047226,0.00957773628094693,0.0051201734835250885,0.004276850792120957,0.0,6.023733510029516e-05,1.0,85.33570728478507,255.0,128.0,64.25098039215686,10.739722549310875,0.9764705882352941,12.545894102054314,0.9607843137254902,15.255128374403515,0.9372549019607843,1,0.0008475,135,0.0,0.0,1.0,0.0,-12.0,0.0,1.0,5.119179980113312
bd462bd7.qasm,1,62,11583,10144,8017,3566,0,3566,0,0,0,0,0,0.3078649745316412,13.087968600664885,0.0,0.0,0.1765771985846207,0.0,0.5108311038232501,0.0,0.0,0.0,0.0,0.004315180806075775,0.0,0.0,0.0,0.0,0.0,0.0,0.0,0.0,5.910824453168817,54.0,30.0,15.254237288135593,7.933109079484558,0.8983050847457628,9.732702204029094,0.8305084745762712,12.384023940263775,0.7288135593220338,1,0.5177445816423453,1881,0.0,1.8539702393600521,0.5859466504081746,0.0,-12.0,0.0,1.0,6.610494184049147
bdd2c3ff.qasm,1,58,3979,173,2,3977,0,0,0,0,0,0,0,0.9994973611460166,11.944207756354084,0.0,0.0,0.0,0.0,0.0,0.0,0.0,0.0,0.0,0.0,0.0,0.0,0.0,0.0,0.0,0.0,0.0,0.0,4.030927835051546,7.0,28.0,14.254545454545454,7.8103758316938,0.8909090909090909,9.611628714633158,0.8181818181818182,12.276359382294569,0.7090909090909091,1,0.09554940910233845,380,0.8909090909090909,3.7818181818181817,3.4961140239566406,16.776550354879618,1.2247026647252437,0.7687411598302687,0.001257229067136032,7.879039015901607
be527b4d.qasm,1,24,660568,492324,387494,273074,0,250190,3,7,0,0,0,0.41339271657119325,15.922634506634326,0.0,0.03530496312537373,0.0,0.0,0.0,0.02070460434522623,0.0,0.0,0.00017440701614510664,0.10531692246362367,0.0,0.21028503089495715,0.15768885788319714,0.0,2.491528802072952e-05,0.0,0.0,0.0,5.194327336197637,14.0,7.0,4.0,9.494006280655226,0.5714285714285714,11.285654334517796,0.2857142857142857,12.177109621437165,0.0,1,0.005906604077193683,822,0.0,0.8571428571428571,1.0,0.0,-12.0,0.0,1.0,5.9025995002249205
bf029799.qasm,1,47,13469,501,11255,2214,0,2214,0,0,0,0,0,0.16437745935110254,12.56863721154509,0.0,0.0,0.054788418708240534,0.14484038604305866,0.1471417965850037,0.0,0.0,0.016406829992576095,0.21915367483296214,0.0,0.0,0.0,0.0,0.0,0.0,0.0,0.0,0.0,3.341463414634146,9.0,22.0,11.5,7.459812961687268,0.8636363636363636,9.241957151112375,0.7727272727272727,11.896301018168153,0.6363636363636364,1,0.3527882973193733,770,0.8636363636363636,3.727272727272727,3.8994911395322664,8.500164286049042,0.9294273195772917,0.4856648541769649,0.14814814814814814,7.855073372316503
bf0f8df9.qasm,1,18,4402,500,3682,720,0,720,0,0,0,0,0,0.1635620172648796,11.425524921355999,0.0,0.0,0.05450828980240745,0.14535543947308655,0.14671814671814673,0.0,0.0,0.018396547808312513,0.2180331592096298,0.0,0.0,0.0,0.0,0.0,0.0,0.0,0.0,0.0,2.2,4.0,8.0,4.266666666666667,6.721912872518784,0.6,8.397169201060864,0.3333333333333333,9.922793014276012,0.0,1,1.0,720,0.6,3.2,3.906420640870152,8.56242640623561,0.9325968517702402,0.44362745098039214,0.2263888888888889,7.590886676881308
bf9674e9.qasm,1,66,67,65,4,63,0,63,0,64,0,0,0,0.9402985074626866,8.076204527239026,0.0,0.0,0.0,0.0,0.0,0.0,0.0,0.0,0.0,0.014925373134328358,0.0,0.0,0.0,0.0,0.0,0.0,0.014925373134328358,1.0,1.0,1.0,1.0,1.0,2.7032913781186614,0.0,2.7032913781186614,0.0,2.7032913781186614,0.0,1,1.0,63,0.0,1.0,1.0,0.0,-12.0,0.0,1.0,3.000434077479319
c05aa9cf.qasm,1,55,23475,717,19605,3870,0,3870,0,0,0,0,0,0.16485623003194888,13.128156564445092,0.0,0.0,0.05494973590049412,0.1438490373147044,0.1469585960129494,0.0,0.0,0.015803373658204122,0.2197989436019765,0.0,0.0,0.0,0.0,0.0,0.0,0.0,0.0,0.0,4.093023255813954,10.0,26.0,13.5,7.801478137459915,0.8846153846153846,9.594707967546153,0.8076923076923077,12.269893110984595,0.6923076923076923,1,0.09398031781195416,369,0.7884615384615384,3.5961538461538463,3.935929297472078,7.314429721304269,0.864180471466808,0.3243566726511071,0.023514211886304908,7.848492050299418
c0a1d157.qasm,1,130,774,391,393,381,0,0,0,128,0,381,0,0.49224806201550386,10.778643741051727,0.0,0.0,0.0,0.0,0.0012787723785166241,0.0,0.0,0.0,0.49104859335038364,0.005115089514066497,0.0,0.0,0.0,0.0,0.0,0.0,0.008951406649616368,1.0,1.0,1.0,6.0,5.7637795275590555,6.193821415756231,0.952755905511811,7.546831681565904,0.9212598425196851,7.546831681565904,0.0,1,1.0,762,0.0,2.937846952286968,1.2456972833871773,0.0,-12.0,0.0,1.0,5.45558937937229
c0ffe57a.qasm,1,10,56,34,40,16,0,16,0,4,0,0,0,0.2857142857142857,6.925595197110468,0.0,0.0,0.0,0.0,0.45161290322580644,0.0,0.0,0.0,0.0,0.12903225806451613,0.03225806451612903,0.0,0.0,0.0,0.0,0.0,0.0,0.0,1.0,1.0,2.0,1.3333333333333333,2.7168377232995247,0.0,2.7168377232995247,0.0,2.7168377232995247,0.0,1,1.0,16,0.0,1.3333333333333333,1.0004008572707448,0.0,-12.0,0.0,1.0,2.6201360549737576
c20bb346.qasm,1,129,7141,4292,3499,3517,125,3517,0,127,0,0,0,0.4925080520935443,11.648967453410002,0.01750455118330766,0.0,0.0,0.0,0.0,0.0,0.008962330205853523,0.13989637305699482,0.0022405825514633807,0.009102366615319983,0.014843859403444896,0.10082621481585212,0.10082621481585212,0.0,0.0,0.0,0.0001400364094664613,1.0,46.63627841574877,119.0,63.0,32.0,8.909852211726449,0.9523809523809523,10.715407284609219,0.9206349206349206,13.423721847172962,0.873015873015873,1,0.034203420342034205,198,0.0,0.0,0.0,0.0,-12.0,0.0,1.0,5.026619052701789
c246552a.qasm,1,58,2995,123,2,2993,0,0,0,0,0,0,0,0.9993322203672788,11.685768912730072,0.0,0.0,0.0,0.0,0.0,0.0,0.0,0.0,0.0,0.0,0.0,0.0,0.0,0.0,0.0,0.0,0.0,0.0,6.671232876712328,7.0,28.0,14.254545454545454,7.9109290564262755,0.8909090909090909,9.715884533896585,0.8181818181818182,12.37454805664906,0.7090909090909091,1,0.07851653859004344,235,0.8909090909090909,3.7818181818181817,1.3437298097512296,0.12148948875746321,-0.9154612954950675,0.8148402610786671,0.001670564650851988,7.902327919115648
c39fa73b.qasm,1,10,10,8,3,1,6,1,0,8,0,6,0,0.1,6.5998704992128365,0.1111111111111111,0.0,0.0,0.0,0.0,0.0,0.0,0.0,0.0,0.0,0.0,0.0,0.0,0.0,0.0,0.0,0.05555555555555555,1.0,2.5918367346938775,4.0,4.0,2.2857142857142856,5.617898422463332,0.14285714285714285,5.617898422463332,0.0,5.617898422463332,0.0,1,1.0,49,0.0,0.0,0.0,0.0,-12.0,0.0,1.0,3.215108581053093
c3c0513f.qasm,1,18,161,47,34,127,0,0,7,15,0,0,0,0.7888198757763976,8.384575666801398,0.0,0.7453416149068323,0.0,0.0,0.0,0.0,0.0,0.0,0.0,0.18633540372670807,0.006211180124223602,0.0,0.0,0.0,0.043478260869565216,0.0,0.006211180124223602,1.0,5.7952755905511815,15.0,8.0,4.266666666666667,6.44325062358394,0.6,8.20149905137972,0.3333333333333333,9.917589928247107,0.0,1,1.0,127,0.0,0.0,0.0,0.0,-12.0,0.0,1.0,4.031852631395629
c40ecada.qasm,1,38,10630,501,8884,1746,0,1746,0,0,0,0,0,0.16425211665098777,12.329422380547557,0.0,0.0,0.054745555451039415,0.144200921832377,0.14655253503903679,0.0,0.0,0.01674348603141755,0.21898222180415766,0.0,0.0,0.0,0.0,0.0,0.0,0.0,0.0,0.0,3.134020618556701,7.0,18.0,9.257142857142858,7.3306124683503775,0.8285714285714286,9.09095385698606,0.7142857142857143,11.746145551745371,0.5428571428571428,1,0.4414753481369966,768,0.8285714285714286,3.657142857142857,3.9236441289348325,10.190752463211261,1.0082062525595044,0.5203583061889251,0.14146620847651775,7.842883513532034
c4c36286.qasm,1,45,13179,501,11010,2169,0,2169,0,0,0,0,0,0.1645800136580924,12.545949793142974,0.0,0.0,0.05485584218512898,0.14393019726858877,0.14673748103186646,0.0,0.0,0.0165402124430956,0.21942336874051593,0.0,0.0,0.0,0.0,0.0,0.0,0.0,0.0,0.0,3.2904564315352696,8.0,21.0,11.0,7.443248855051561,0.8571428571428571,9.231462342188992,0.7619047619047619,11.876234916184236,0.6190476190476191,1,0.27532822341959473,603,0.8333333333333334,3.619047619047619,3.903098451735122,9.689156792454238,0.9862859838291157,0.48448687350835323,0.1553711387736284,7.815106070265491
c4ff2c11.qasm,1,132,196,67,132,0,64,0,0,1,0,0,0,0.0,8.458716261657262,0.0,0.0,0.0,0.6432160804020101,0.0,0.0,0.0,0.0,0.0,0.010050251256281407,0.0,0.0,0.0,0.0,0.0,0.0,0.0,0.0,64.25,128.0,64.0,32.5,8.126921866769456,0.953125,9.931153049764452,0.921875,12.637299885676477,0.875,1,0.31773399014778325,122,0.0,1.1171875,1.9991637372381446,0.0,-12.0,0.0,1.0,6.140925481549754
c6678d16.qasm,1,44,454545,120375,329960,124585,0,98849,0,0,0,0,0,0.27408727408727407,15.74237432798131,0.0,0.0,0.15304713299309516,0.0,0.0505553887721405,0.0,0.0,0.0,0.0,0.2778144701290904,0.0,0.0,0.0,0.0,0.0,0.0,0.0,0.0,14.227195205534038,41.0,21.0,10.75609756097561,9.562264191150286,0.8536585365853658,11.366924447735482,0.7560975609756098,14.070899534092016,0.6097560975609756,1,0.0033438983664162737,210,0.4634146341463415,3.138529268433396,4.0,14.885133170692152,1.1727527244404845,0.07247514390371533,0.0007650743556639411,7.819041238384211
c676cfb4.qasm,1,10,49,23,18,31,0,0,3,7,0,0,0,0.6326530612244898,7.034387929915503,0.0,0.5714285714285714,0.0,0.0,0.0,0.0,0.0,0.0,0.0,0.2857142857142857,0.02040816326530612,0.0,0.0,0.0,0.061224489795918366,0.0,0.02040816326530612,1.0,3.096774193548387,7.0,4.0,2.2857142857142856,5.392895593155036,0.14285714285714285,5.392895593155036,0.0,5.392895593155036,0.0,1,1.0,31,0.0,1.7142857142857142,0.6836910622798035,0.0,-12.0,0.0,1.0,4.348869273711534
c7670b0a.qasm,1,4,52,49,45,7,0,0,0,7,0,0,28,0.1346153846153846,7.231287004327616,0.0,0.0875,0.0,0.0,0.2625,0.0,0.0,0.0,0.0,0.175,0.1,0.0,0.0,0.0,0.0,0.0,0.0,1.0,1.0,1.0,1.0,1.0,1.7558748556724915,0.0,1.7558748556724915,0.0,1.7558748556724915,0.0,1,1.0,7,0.0,0.0,0.0,0.0,-12.0,0.0,1.0,1.7558748556724915
c7a93f95.qasm,1,34,9582,501,8007,1575,0,1575,0,0,0,0,0,0.1643706950532248,12.224182664702491,0.0,0.0,0.0547845142439737,0.14400500886987375,0.14671814671814673,0.0,0.0,0.0162788270896379,0.2191380569758948,0.0,0.0,0.0,0.0,0.0,0.0,0.0,0.0,0.0,2.954285714285714,7.0,16.0,8.258064516129032,7.2607426652240425,0.8064516129032258,9.008477717944174,0.6774193548387096,11.653821582690343,0.4838709677419355,1,0.4710855949895616,743,0.8064516129032258,3.6129032258064515,3.9192963552467357,9.606438951784453,0.9825624271897644,0.5278338621286415,0.17206349206349206,7.809034803477512
c7bddf55.qasm,1,18,4090,500,3424,666,0,666,0,0,0,0,0,0.16283618581907092,11.351770310990087,0.0,0.0,0.0542654607675385,0.14495233439256905,0.146174529454901,0.0,0.0,0.02004399902224395,0.217061843070154,0.0,0.0,0.0,0.0,0.0,0.0,0.0,0.0,0.0,2.2162162162162162,4.0,8.0,4.266666666666667,6.690562593955904,0.6,8.356459600198265,0.3333333333333333,9.882086554315809,0.0,1,1.0,666,0.6,3.2,3.9477613431672327,6.956471872227542,0.8423890334448774,0.4273840769903762,0.2042042042042042,7.546035241989691
c82bb473.qasm,1,34,9582,501,8007,1575,0,1575,0,0,0,0,0,0.1643706950532248,12.224423238742768,0.0,0.0,0.0547845142439737,0.14390065741417093,0.14671814671814673,0.0,0.0,0.01659188145674632,0.2191380569758948,0.0,0.0,0.0,0.0,0.0,0.0,0.0,0.0,0.0,2.954285714285714,7.0,16.0,8.258064516129032,7.2607426652240425,0.8064516129032258,9.008477717944174,0.6774193548387096,11.653821582690343,0.4838709677419355,1,0.44603340292275573,698,0.8064516129032258,3.6129032258064515,3.9256712081724205,8.155157660235467,0.9114323614901939,0.4389911383776414,0.17206349206349206,7.672048262370258
c84ad65b.qasm,1,30,7910,501,6614,1296,0,1296,0,0,0,0,0,0.1638432364096081,12.029574102039009,0.0,0.0,0.05460750853242321,0.14460877259512073,0.14637846037163443,0.0,0.0,0.01794969030463911,0.21843003412969283,0.0,0.0,0.0,0.0,0.0,0.0,0.0,0.0,0.0,2.8055555555555554,6.0,14.0,7.2592592592592595,7.133357009468179,0.7777777777777778,8.890653689678444,0.6296296296296297,11.497176368868525,0.4074074074074074,1,0.43866970156803237,566,0.7777777777777778,3.5555555555555554,3.937490294888704,5.637411050846231,0.7510797024814092,0.3866891322662174,0.1743827160493827,7.552299420193781
c8afe1ad.qasm,1,46,25,24,4,21,0,21,0,22,0,0,0,0.84,7.00850518208228,0.0,0.0,0.0,0.0,0.0,0.0,0.0,0.0,0.0,0.02,0.0,0.0,0.0,0.0,0.0,0.0,0.02,0.0,1.0,1.0,1.0,1.0,2.2278867046136734,0.0,2.2278867046136734,0.0,2.2278867046136734,0.0,1,1.0,21,0.0,1.0,1.0,0.0,-12.0,0.0,1.0,2.5171958979499744
c945995d.qasm,1,41,11871,501,9918,1953,0,1953,0,0,0,0,0,0.1645185746777862,12.440970839541553,0.0,0.0,0.05483490566037736,0.1439521563342318,0.14673180592991913,0.0,0.0,0.01642520215633423,0.21933962264150944,0.0,0.0,0.0,0.0,0.0,0.0,0.0,0.0,0.0,3.2534562211981566,8.0,19.0,10.0,7.396629748069891,0.8421052631578947,9.176103345302934,0.7368421052631579,11.81620818663357,0.5789473684210527,1,0.3786334147779931,735,0.8421052631578947,3.6842105263157894,3.9030984517351235,8.765149557614974,0.9427593307541959,0.494140092668302,0.15412186379928317,7.809422718570553
c95f41f8.qasm,1,10,26,10,19,7,0,7,0,8,0,0,0,0.2692307692307692,7.091742115095153,0.0,0.0,0.0,0.3076923076923077,0.0,0.0,0.0,0.0,0.3076923076923077,0.0,0.0,0.0,0.0,0.0,0.0,0.0,0.038461538461538464,1.0,1.0,1.0,1.0,1.0,1.7558748556724915,0.0,1.7558748556724915,0.0,1.7558748556724915,0.0,1,1.0,7,0.0,1.0,0.899332169869539,0.0,-12.0,0.0,1.0,2.0211892990699383
c96fe790.qasm,1,258,33283,515,260,33023,0,255,128,256,0,0,0,0.9921882041883243,13.633998273621017,0.0,0.9806808280503561,0.0,0.0,0.0,0.0,0.0,0.0,0.0,0.007721659706156296,0.0,0.0,0.0,0.0,0.0038458071688249255,0.0,3.004536850644473e-05,1.0,85.17696756805863,255.0,128.0,64.25098039215686,10.061455512239025,0.9764705882352941,11.867626420299596,0.9607843137254902,14.57686739581245,0.9372549019607843,1,0.026201923076923078,837,0.0,1.0,1.0,0.0,-12.0,0.0,1.0,5.937458210037548
c999af32.qasm,1,30,8222,501,6872,1350,0,1350,0,0,0,0,0,0.16419362685477987,12.068584865286942,0.0,0.0,0.05472455308281649,0.1441079897847501,0.1466618022619482,0.0,0.0,0.01726863675057765,0.21889821233126597,0.0,0.0,0.0,0.0,0.0,0.0,0.0,0.0,0.0,2.8,6.0,14.0,7.2592592592592595,7.150726268389979,0.7777777777777778,8.912264423427496,0.6296296296296297,11.51865771401333,0.4074074074074074,1,0.5407542579075426,731,0.7777777777777778,3.5555555555555554,3.967741733668773,9.942748527189263,0.9975064553420384,0.554940492665375,0.17407407407407408,7.845553791389776
ca0a2ce5.qasm,1,60,3653,2528,2491,1162,0,1162,0,0,0,0,0,0.3180947166712291,11.945441378554706,0.0,0.0,0.13945857260049221,0.0,0.527481542247744,0.0,0.0,0.0,0.0,0.013672409078479627,0.0,0.0,0.0,0.0,0.0,0.0,0.0,0.0,11.258175559380378,53.0,29.0,14.75438596491228,7.724186059688383,0.8947368421052632,9.519728187603036,0.8245614035087719,12.182850713080258,0.7192982456140351,1,0.5393043001917283,621,0.0,2.4520013331667854,0.5799501037563175,0.0,-12.0,0.0,1.0,7.012585218640094
ca634f4d.qasm,1,22,5450,501,4559,891,0,891,0,0,0,0,0,0.16348623853211008,11.64539129007928,0.0,0.0,0.05448541552008806,0.14492753623188406,0.14639515685195378,0.0,0.0,0.017244542285819116,0.21794166208035223,0.0,0.0,0.0,0.0,0.0,0.0,0.0,0.0,0.0,2.5555555555555554,5.0,10.0,5.2631578947368425,6.934580101030249,0.6842105263157895,8.618556362202524,0.47368421052631576,11.111860477593869,0.15789473684210525,1,0.9689794419970631,866,0.6842105263157895,3.3684210526315788,3.8981339215369215,10.036577543573287,1.0015856443494822,0.5310610225398571,0.19640852974186307,7.838054959457844
ca8c6d9a.qasm,1,52,15676,502,13093,2583,0,2583,0,0,0,0,0,0.16477417708599132,12.722587057413632,0.0,0.0,0.05492122217260956,0.14447917331122026,0.14785992217898833,0.0,0.0,0.01505390061874083,0.21968488869043823,0.0,0.0,0.0,0.0,0.0,0.0,0.0,0.0,0.0,3.529616724738676,9.0,25.0,12.755102040816327,7.556909618001994,0.8775510204081632,9.337564343648143,0.7959183673469388,12.012458797134242,0.673469387755102,1,0.2508612989664412,646,0.673469387755102,3.2244897959183674,3.9131377173924378,9.041770023622698,0.956253456608763,0.5133267522211253,0.1548586914440573,7.8637857081435945
ca980007.qasm,1,34,9582,501,8007,1575,0,1575,0,0,0,0,0,0.1643706950532248,12.224595041915657,0.0,0.0,0.0547845142439737,0.14410936032557653,0.14671814671814673,0.0,0.0,0.01669623291244913,0.2191380569758948,0.0,0.0,0.0,0.0,0.0,0.0,0.0,0.0,0.0,2.954285714285714,7.0,16.0,8.258064516129032,7.2607426652240425,0.8064516129032258,9.008477717944174,0.6774193548387096,11.653821582690343,0.4838709677419355,1,0.5093945720250522,796,0.8064516129032258,3.6129032258064515,3.940564208122986,9.274848853219048,0.967306840901924,0.5255362614913177,0.17206349206349206,7.858096429744324
cab2b6e9.qasm,1,38,10630,501,8884,1746,0,1746,0,0,0,0,0,0.16425211665098777,12.329311880135279,0.0,0.0,0.054745555451039415,0.14457717994544259,0.14655253503903679,0.0,0.0,0.01646129244661838,0.21898222180415766,0.0,0.0,0.0,0.0,0.0,0.0,0.0,0.0,0.0,3.134020618556701,7.0,18.0,9.257142857142858,7.3306124683503775,0.8285714285714286,9.09095385698606,0.7142857142857143,11.746145551745371,0.5428571428571428,1,0.4431689875799774,771,0.8285714285714286,3.657142857142857,3.9219088693738833,7.85316448162518,0.8950446936849147,0.5167875369325813,0.14146620847651775,7.84723022733213
cb2b300f.qasm,1,41,11871,501,9918,1953,0,1953,0,0,0,0,0,0.1645185746777862,12.440496336179493,0.0,0.0,0.05483490566037736,0.14428908355795148,0.14673180592991913,0.0,0.0,0.01575134770889488,0.21933962264150944,0.0,0.0,0.0,0.0,0.0,0.0,0.0,0.0,0.0,3.2534562211981566,8.0,19.0,10.0,7.396629748069891,0.8421052631578947,9.176103345302934,0.7368421052631579,11.81620818663357,0.5789473684210527,1,0.3905131013564748,761,0.8421052631578947,3.6842105263157894,3.9314017969325628,8.3945594551679,0.9239979093830051,0.4976995940460081,0.15412186379928317,7.814546603109482
cc5bc6eb.qasm,1,74,144,74,74,70,0,35,0,36,0,0,0,0.4861111111111111,8.239857411018601,0.0,0.0,0.0,0.3825136612021858,0.0,0.0,0.0,0.0,0.0,0.0,0.00546448087431694,0.0,0.0,0.1912568306010929,0.0,0.0,0.00546448087431694,0.0,1.0,1.0,2.0,1.9428571428571428,3.3818367999983434,0.0,3.3818367999983434,0.0,3.3818367999983434,0.0,1,1.0,70,0.0,1.0,0.9999999999999977,0.0,-12.0,0.0,1.0,3.4295908022233017
ccfd978a.qasm,1,70,154693,72491,98317,56376,0,56376,0,0,0,0,0,0.36443795129708517,15.683377463370645,0.0,0.0,0.18964663143989433,0.0,0.43527080581241745,0.0,0.0,0.0,0.0,0.02394319682959049,0.0,0.0,0.0,0.0,0.0,0.0,0.0,0.0,33.23447921101178,62.0,34.0,17.253731343283583,9.884654146759964,0.9104477611940298,11.690263942446908,0.8507462686567164,14.399138384666415,0.7611940298507462,1,0.013918068924501103,632,0.1044776119402985,1.5648902185534825,2.895842591942536,2.4904723676409676e-08,-7.60370083461398,0.10385794583546244,0.0025897545054633176,7.545713764682428
cd51d9b8.qasm,1,55,14107,432,11785,2322,0,2322,0,0,0,0,0,0.16459913518111577,12.61808295367434,0.0,0.0,0.05486248936773462,0.14325205557130705,0.14672526226254606,0.0,0.0,0.01594839807201588,0.21944995747093848,0.0,0.0,0.0,0.0,0.0,0.0,0.0,0.0,0.0,4.093023255813954,10.0,26.0,13.5,7.5794687904805915,0.8846153846153846,9.372484974552886,0.8076923076923077,12.047387820917107,0.6923076923076923,1,0.14859978730946474,348,0.7307692307692307,3.519230769230769,3.918690182935036,6.684775468233547,0.82508682453078,0.29636670891423744,0.03919035314384152,7.789726944669548
cd592018.qasm,1,55,18011,574,15050,2961,0,2961,0,0,0,0,0,0.16439953361834433,12.861803484079687,0.0,0.0,0.054796802131912056,0.14440373084610258,0.14656895403064624,0.0,0.0,0.015767266266933155,0.21918720852764823,0.0,0.0,0.0,0.0,0.0,0.0,0.0,0.0,0.0,4.0638297872340425,10.0,26.0,13.5,7.681461160885254,0.8846153846153846,9.473889392065146,0.8076923076923077,12.146963043096903,0.6923076923076923,1,0.21400410905658282,630,0.8846153846153846,3.769230769230769,3.929778088424021,6.62437169813376,0.8211446930280163,0.3082631367829924,0.030732860520094562,7.817739006364882
cd5b55b6.qasm,1,18,18,16,3,1,14,1,0,16,0,14,0,0.05555555555555555,7.381501894506707,0.13793103448275862,0.0,0.0,0.0,0.0,0.0,0.0,0.0,0.0,0.0,0.0,0.0,0.0,0.0,0.0,0.0,0.034482758620689655,1.0,5.7578125,12.0,8.0,4.266666666666667,6.456917358507399,0.6,8.229550425962877,0.3333333333333333,9.83795301280801,0.0,1,1.0,128,0.0,0.0,0.0,0.0,-12.0,0.0,1.0,4.032175376961363
ce4f4dde.qasm,1,238,472,238,238,234,0,117,0,118,0,0,0,0.4957627118644068,9.45634070543332,0.0,0.0,0.0,0.3946037099494098,0.0,0.0,0.0,0.0,0.0,0.0,0.0016863406408094434,0.0,0.0,0.1973018549747049,0.0,0.0,0.0016863406408094434,0.0,1.0,1.0,2.0,1.982905982905983,3.9197577805018944,0.0,3.9197577805018944,0.0,3.9197577805018944,0.0,1,1.0,234,0.0,1.0,0.9999999999999998,0.0,-12.0,0.0,1.0,3.9660947794461707
ce7207a3.qasm,1,60,3653,2528,2491,1162,0,1162,0,0,0,0,0,0.3180947166712291,11.946919719192367,0.0,0.0,0.13945857260049221,0.0,0.527481542247744,0.0,0.0,0.0,0.0,0.013672409078479627,0.0,0.0,0.0,0.0,0.0,0.0,0.0,0.0,11.258175559380378,53.0,29.0,14.75438596491228,7.724186059688383,0.8947368421052632,9.519728187603036,0.8245614035087719,12.182850713080258,0.7192982456140351,1,0.5357436318816763,614,0.0,2.442841095262988,2.160672256668394,0.0,-12.0,0.0,1.0,6.952205676663462
cee426fe.qasm,1,130,8598,327,386,8212,0,0,0,0,0,8212,0,0.9551058385671086,12.686264819828079,0.0,0.0,0.02976052080911416,0.0,0.00011625203441060219,0.0,0.0,0.0,0.0,0.01488026040455708,0.0,0.0,0.0,0.0,0.0,0.0,0.0,1.0,41.73550901120312,127.0,64.0,32.25196850393701,9.448322319335523,0.952755905511811,11.254426504198728,0.9212598425196851,13.9634846971296,0.8740157480314961,1,0.01662669864108713,261,0.14173228346456693,0.6614173228346457,3.8115044942508876,10.699697239408424,1.0293714889829573,0.4148658275943956,0.002009254749147589,7.871515592046625
cf2c4cc9.qasm,1,10,56,16,35,21,0,21,0,8,0,0,0,0.375,7.338238150065589,0.0,0.0,0.0,0.5714285714285714,0.0,0.0,0.0,0.0,0.0,0.0,0.0,0.0,0.0,0.0,0.0,0.0,0.017857142857142856,1.0,1.0,1.0,3.0,2.142857142857143,3.3165993020938607,0.0,3.3165993020938607,0.0,3.3165993020938607,0.0,1,1.0,21,0.0,2.142857142857143,1.6489981202352784,0.0,-12.0,0.0,1.0,3.5725230978496376
cf5bfeb1.qasm,1,53,16055,502,13409,2646,0,2646,0,0,0,0,0,0.16480847088134537,12.747428444262622,0.0,0.0,0.05493273542600897,0.14436970602889884,0.14785749875435975,0.0,0.0,0.015134529147982063,0.21973094170403587,0.0,0.0,0.0,0.0,0.0,0.0,0.0,0.0,0.0,3.622448979591837,9.0,25.0,13.0,7.579275689486288,0.88,9.361148979422092,0.8,12.037769899918153,0.68,1,0.23970597396125334,628,0.68,3.24,3.913137717392435,8.097397127598548,0.9083454392756506,0.43503609106052193,0.154572940287226,7.7517083889687175
d168a391.qasm,1,66,390,199,201,189,0,0,0,64,0,189,0,0.4846153846153846,10.074073853111662,0.0,0.0,0.0,0.0,0.002512562814070352,0.0,0.0,0.0,0.4824120603015075,0.010050251256281407,0.0,0.0,0.0,0.0,0.0,0.0,0.017587939698492462,1.0,1.0,1.0,6.0,5.523809523809524,5.868466335265618,0.9047619047619048,7.205462724791342,0.8412698412698413,7.205462724791342,0.0,1,1.0,378,0.0,2.884998214320055,1.1067125053072144,0.0,-12.0,0.0,1.0,5.1359368623850274
d20d9d2e.qasm,1,62,11583,10144,8017,3566,0,3566,0,0,0,0,0,0.3078649745316412,13.088181786521329,0.0,0.0,0.1765771985846207,0.0,0.5108311038232501,0.0,0.0,0.0,0.0,0.004315180806075775,0.0,0.0,0.0,0.0,0.0,0.0,0.0,0.0,5.910824453168817,54.0,30.0,15.254237288135593,7.933109079484558,0.8983050847457628,9.732702204029094,0.8305084745762712,12.384023940263775,0.7288135593220338,1,0.514290648475952,1863,0.03389830508474576,1.790328078306434,1.5251608538362915,2.9139936897477436e-05,-4.535511378125795,0.014701409307512927,0.1519910263600673,6.85207045365154
d21812d8.qasm,1,32,10773,10099,7507,3266,0,3266,0,0,0,0,0,0.30316532070918034,13.008092168061061,0.0,0.0,0.18984875197179177,0.0,0.5046859051684142,0.0,0.0,0.0,0.0,0.0018558040270947387,0.0,0.0,0.0,0.0,0.0,0.0,0.0,0.0,2.7795468462951622,24.0,15.0,7.758620689655173,7.565244024851883,0.7931034482758621,9.357402629333205,0.6551724137931034,11.917173643968356,0.4482758620689655,1,0.5795190790084486,2047,0.5517241379310345,3.2643286287114863,1.5414612836963395,3.204360146747402e-05,-4.494258664753951,0.030457499681406906,0.16595223515003063,7.110536413372874
d2ffaf7e.qasm,1,66,194,66,131,63,0,63,0,64,0,0,0,0.3247422680412371,9.167745974343763,0.0,0.0,0.0,0.32989690721649484,0.0,0.0,0.0,0.0,0.32989690721649484,0.0,0.0,0.0,0.0,0.0,0.0,0.0,0.005154639175257732,1.0,1.0,1.0,1.0,1.0,2.7032913781186614,0.0,2.7032913781186614,0.0,2.7032913781186614,0.0,1,1.0,63,0.0,1.0,0.9997702670732421,0.0,-12.0,0.0,1.0,3.000434077479319
d3f98c63.qasm,1,53,16055,502,13409,2646,0,2646,0,0,0,0,0,0.16480847088134537,12.747672837049596,0.0,0.0,0.05493273542600897,0.143248629795715,0.14785749875435975,0.0,0.0,0.015881913303437967,0.21973094170403587,0.0,0.0,0.0,0.0,0.0,0.0,0.0,0.0,0.0,3.622448979591837,9.0,25.0,13.0,7.579275689486288,0.88,9.361148979422092,0.8,12.037769899918153,0.68,1,0.23690275960879587,620,0.68,3.24,3.90534266175724,7.515069711663985,0.8759330135657754,0.4088286208886324,0.154572940287226,7.713942452969632
d3f998bc.qasm,1,55,13691,432,11441,2250,0,2250,0,0,0,0,0,0.1643415382367979,12.587951778498807,0.0,0.0,0.054776511831726556,0.14380660239555945,0.1465089103125913,0.0,0.0,0.016505988898626936,0.21910604732690622,0.0,0.0,0.0,0.0,0.0,0.0,0.0,0.0,0.0,4.096,10.0,26.0,13.5,7.565763040364966,0.8846153846153846,9.358350495097703,0.8076923076923077,12.032068625946428,0.6923076923076923,1,0.21659726787931916,487,0.8653846153846154,3.75,3.927263059856574,6.8842943482583046,0.8378594309599782,0.2775139376419575,0.04044444444444444,7.786920799441734
d49ba491.qasm,1,30,7910,501,6614,1296,0,1296,0,0,0,0,0,0.1638432364096081,12.029389164872374,0.0,0.0,0.05460750853242321,0.14562002275312855,0.14637846037163443,0.0,0.0,0.01731765895588421,0.21843003412969283,0.0,0.0,0.0,0.0,0.0,0.0,0.0,0.0,0.0,2.8055555555555554,6.0,14.0,7.2592592592592595,7.133357009468179,0.7777777777777778,8.890653689678444,0.6296296296296297,11.497176368868525,0.4074074074074074,1,0.5509610520991401,719,0.7777777777777778,3.5555555555555554,3.9428650036052173,10.49937839675076,1.0211635879411969,0.5727923627684964,0.1743827160493827,7.878685561426872
d4a7f2c7.qasm,1,18,4090,500,3424,666,0,666,0,0,0,0,0,0.16283618581907092,11.35201700267959,0.0,0.0,0.0542654607675385,0.146174529454901,0.146174529454901,0.0,0.0,0.01979956000977756,0.217061843070154,0.0,0.0,0.0,0.0,0.0,0.0,0.0,0.0,0.0,2.2162162162162162,4.0,8.0,4.266666666666667,6.690562593955904,0.6,8.356459600198265,0.3333333333333333,9.882086554315809,0.0,1,1.0,666,0.6,3.2,3.938455360526607,6.183039454798986,0.7912020177987699,0.42650918635170604,0.2042042042042042,7.546035241989691
d706049b.qasm,1,44,64,23,44,0,20,0,0,1,0,0,0,0.0,7.330405211844402,0.0,0.0,0.5970149253731343,0.0,0.0,0.0,0.0,0.0,0.0,0.029850746268656716,0.0,0.0,0.0,0.0,0.0,0.0,0.0,0.0,20.25,40.0,20.0,10.5,7.113527867879163,0.85,8.911631389305569,0.75,11.606535391885908,0.6,1,1.0,160,0.0,1.0,1.7017536577047956,0.0,-12.0,0.0,1.0,5.844234176241737
d70a0bd6.qasm,1,48,746883,83304,549788,197095,0,197095,0,0,0,0,0,0.2638900604244574,16.301856504800497,0.0,0.0,0.22666493994237058,0.0,0.06517305015054878,0.0,0.0,0.0,0.0,0.42173082526629324,0.0,0.02020267426425357,0.0,0.0,0.0,0.0,0.0,0.0,12.71659134096862,45.0,24.0,12.25531914893617,9.607156342216838,0.8723404255319149,11.412315537992528,0.7872340425531915,14.118046650905299,0.6595744680851063,1,0.0025228292309100835,212,0.6382978723404256,2.889518189831013,3.957422993652723,5.171584718821818,0.7136236435160186,0.3582811610700057,0.0005649427353500077,7.830781646286761
d7fe8918.qasm,1,262,1503,28,583,920,0,920,0,140,0,0,280,0.612109115103127,10.69073964139788,0.0,0.0,0.0,0.0,0.0,0.0,0.0,0.0,0.0,0.1346045989904655,0.07851934941110487,0.0,0.0,0.0,0.0,0.0,0.034212002243409985,1.0,4.478260869565218,10.0,28.0,14.660231660231661,7.207956724166086,0.9034749034749034,8.998137604230948,0.8146718146718147,11.659496410767442,0.7181467181467182,1,1.0,920,0.0,0.0,4.0,0.0,-12.0,0.0,1.0,6.471690755811645
d87e1b4b.qasm,1,258,1024,513,514,510,0,255,0,256,0,0,0,0.498046875,10.43084575693648,0.0,0.0,0.0,0.498046875,0.0,0.0,0.0,0.0,0.0,0.0,0.0009765625,0.0,0.0,0.2490234375,0.0,0.0,0.0009765625,1.0,1.0,1.0,2.0,1.992156862745098,4.261239071182586,0.0,4.261239071182586,0.0,4.261239071182586,0.0,1,1.0,510,0.0,1.0,1.0,0.0,-12.0,0.0,1.0,4.307260642145005
d9b603b5.qasm,1,26,6810,501,5694,1116,0,1116,0,0,0,0,0,0.16387665198237886,11.877394952374873,0.0,0.0,0.05461753046542358,0.14388489208633093,0.14652767581852885,0.0,0.0,0.018059022170019087,0.21847012186169432,0.0,0.0,0.0,0.0,0.0,0.0,0.0,0.0,0.0,2.903225806451613,6.0,12.0,6.260869565217392,7.088332345455686,0.7391304347826086,8.848241934460873,0.5652173913043478,11.355565914480747,0.30434782608695654,1,0.5296709753231492,592,0.7391304347826086,3.4782608695652173,3.9359286629323016,8.234671862173725,0.9156462979458285,0.5605493133583022,0.1863799283154122,7.8018959949426625
d9c77e07.qasm,1,10,19,4,18,0,1,0,0,7,0,1,0,0.0,6.79346613258001,0.0,0.0,0.0,0.0,0.0,0.0,0.0,0.02702702702702703,0.0,0.3783783783783784,0.2702702702702703,0.0,0.0,0.0,0.0,0.0,0.02702702702702703,1.0,4.0,7.0,4.0,2.2857142857142856,4.323396497131876,0.14285714285714285,4.323396497131876,0.0,4.323396497131876,0.0,1,1.0,7,0.0,0.0,0.0,0.0,-12.0,0.0,1.0,2.5943925503754266
da0e58a0.qasm,1,36,18151,7976,11861,6290,0,6290,0,0,0,0,0,0.34653738086055863,13.538753918356907,0.0,0.0,0.18031613151952416,0.0,0.45629784656055516,0.0,0.0,0.0,0.0,0.016522553285234345,0.0,0.0,0.0,0.0,0.0,0.0,0.0,0.0,15.750079491255962,29.0,17.0,8.757575757575758,8.605435380663499,0.8181818181818182,10.411091935114909,0.696969696969697,13.115757305397251,0.5151515151515151,1,0.07664334123092181,396,0.15151515151515152,2.0406015152389276,2.7904408765688014,1.160904435801202e-16,-11.999949585487217,0.01143141153081511,0.014626391096979332,7.3456509826940515
da213329.qasm,1,51,15297,502,12777,2520,0,2520,0,0,0,0,0,0.16473818395763876,12.697889746615438,0.0,0.0,0.05490913844947052,0.1444633285396784,0.14786246568178846,0.0,0.0,0.015884429337168257,0.21963655379788208,0.0,0.0,0.0,0.0,0.0,0.0,0.0,0.0,0.0,3.432142857142857,9.0,24.0,12.5,7.533328859570887,0.875,9.312625009611704,0.7916666666666666,11.985580744519561,0.6666666666666666,1,0.25590062111801243,645,0.75,3.4583333333333335,3.9030305269668095,9.699320142370894,0.9867412941874875,0.4906085649887303,0.15515873015873016,7.84108760088651
da3a2f77.qasm,1,55,18791,574,15695,3096,0,3096,0,0,0,0,0,0.16475972540045766,12.905013013130882,0.0,0.0,0.05491698595146871,0.14335887611749681,0.14687100893997446,0.0,0.0,0.015644955300127713,0.21966794380587484,0.0,0.0,0.0,0.0,0.0,0.0,0.0,0.0,0.0,4.093023255813954,10.0,26.0,13.5,7.704507907399964,0.8846153846153846,9.497657651061505,0.8076923076923077,12.17273701160348,0.6923076923076923,1,0.1078822715418596,335,0.7115384615384616,3.5,3.918690182935036,6.524420222546761,0.8145419251543095,0.2661379158404935,0.029392764857881136,7.742182788583991
da4d0871.qasm,1,70,154693,72491,98317,56376,0,56376,0,0,0,0,0,0.36443795129708517,15.683441250331484,0.0,0.0,0.18950413223140497,0.0,0.43528925619834713,0.0,0.0,0.0,0.0,0.023966942148760332,0.0,0.0,0.0,0.0,0.0,0.0,0.0,0.0,33.23447921101178,62.0,34.0,17.253731343283583,9.884654146759964,0.9104477611940298,11.690263942446908,0.8507462686567164,14.399138384666415,0.7611940298507462,1,0.01382756592174076,626,0.14925373134328357,1.6778311229224958,3.082846364613104,0.018313729355008128,-1.7372232081933956,0.10589462702138759,0.0023414218816517666,7.584540822656738
da505823.qasm,1,34,9582,501,8007,1575,0,1575,0,0,0,0,0,0.1643706950532248,12.224482146012923,0.0,0.0,0.0547845142439737,0.1450485234269018,0.14671814671814673,0.0,0.0,0.016174475633935093,0.2191380569758948,0.0,0.0,0.0,0.0,0.0,0.0,0.0,0.0,0.0,2.954285714285714,7.0,16.0,8.258064516129032,7.2607426652240425,0.8064516129032258,9.008477717944174,0.6774193548387096,11.653821582690343,0.4838709677419355,1,0.5058455114822547,790,0.8064516129032258,3.6129032258064515,3.932189685653686,10.79396788791501,1.0331811217038454,0.5291688177594218,0.17206349206349206,7.856304276294669
da601912.qasm,1,50,187923,94161,138236,49687,0,49687,0,0,0,0,0,0.26440084502695255,14.923139408325461,0.0,0.0,0.22666493994237058,0.0,0.06517305015054878,0.0,0.0,0.0,0.0,0.42173082526629324,0.0,0.02020267426425357,0.0,0.0,0.0,0.0,0.0,0.0,12.736128162295973,45.0,24.0,12.25531914893617,9.412593095885349,0.8723404255319149,11.21776405325323,0.7872340425531915,13.923547233012458,0.6595744680851063,1,0.0040229670978762355,219,0.6595744680851063,2.9746245728097365,3.957422993652723,5.433127879708054,0.7350499271574814,0.3710843373493976,0.0008855435023245517,7.872279705598446
dae23358.qasm,1,34,9270,501,7749,1521,0,1521,0,0,0,0,0,0.16407766990291262,12.191537520552348,0.0,0.0,0.05468665731852012,0.14410527451191887,0.14647826555927085,0.0,0.0,0.017689569625714593,0.21874662927408048,0.0,0.0,0.0,0.0,0.0,0.0,0.0,0.0,0.0,2.9585798816568047,7.0,16.0,8.258064516129032,7.2464142988079985,0.8064516129032258,8.992740902199253,0.6774193548387096,11.636295798256512,0.4838709677419355,1,0.5053949072075961,765,0.8064516129032258,3.6129032258064515,3.9278405003379433,9.240071980282904,0.9656753543930877,0.49624449624449624,0.1663379355687048,7.84859747592856
db12c1f0.qasm,1,34,577,95,66,511,0,0,15,31,0,0,0,0.8856152512998267,9.850350454123,0.0,0.8596187175043327,0.0,0.0,0.0,0.0,0.0,0.0,0.0,0.10745233968804159,0.0017331022530329288,0.0,0.0,0.0,0.025996533795493933,0.0,0.0017331022530329288,1.0,11.146771037181995,31.0,16.0,8.258064516129032,7.359907865042896,0.8064516129032258,9.15803037384753,0.6774193548387096,11.847920707586937,0.4838709677419355,1,0.7160278745644599,354,0.0,2.516666453560646,0.683760458133737,1.7773722085323905e-19,-11.999999922809712,0.0013509456619633744,0.162426614481409,7.436292709101061
db6ca211.qasm,1,258,1792,264,1027,765,0,765,0,256,0,0,0,0.42689732142857145,10.89019946870601,0.0,0.0,0.0,0.5714285714285714,0.0,0.0,0.0,0.0,0.0,0.0,0.0,0.0,0.0,0.0,0.0,0.0,0.0005580357142857143,1.0,1.0,1.0,3.0,2.976470588235294,5.167036577515617,0.0,5.167036577515617,0.0,5.167036577515617,0.0,1,1.0,765,0.0,2.976470588235294,2.480478357506981,0.0,-12.0,0.0,1.0,5.4674615897177
dbcc99b4.qasm,1,130,130,128,3,1,126,1,0,128,0,126,0,0.007692307692307693,8.950532836290382,0.014492753623188406,0.0,0.0,0.0,0.0,0.0,0.0,0.0,0.0,0.0,0.0,0.0,0.0,0.0,0.0,0.0,0.007246376811594203,1.0,40.08622398414271,64.0,64.0,32.25196850393701,8.217124086154408,0.952755905511811,10.02179255654878,0.9212598425196851,12.728813879265225,0.8740157480314961,1,0.1455902939804013,148,0.0,0.0,0.0,0.0,-12.0,0.0,1.0,4.968599678693572
dc86453a.qasm,1,34,69967,48305,34717,28020,7230,27654,0,32,0,7056,0,0.40047450941157975,14.129059187809844,0.0023004639918898897,0.00475689164424689,0.0,0.0,0.0,0.0,0.001676609350021445,0.09225250516629625,0.0,0.0321285140562249,0.10691308925020471,0.13120442936795726,0.13139938394354114,0.0,0.0,0.0,3.899091511677779e-05,1.0,10.74247491638796,31.0,16.0,8.258064516129032,9.341237727184566,0.8064516129032258,11.143280116618419,0.6774193548387096,13.84086617858145,0.4838709677419355,1,0.007373028684962126,469,0.0,1.4516129032258065,2.0000000000000004,0.0,-12.0,0.0,1.0,6.302613366385426
de690b52.qasm,1,26,7122,501,5952,1170,0,1170,0,0,0,0,0,0.16427969671440606,11.92274109581565,0.0,0.0,0.05475221114698863,0.14418082268707005,0.14684823810192335,0.0,0.0,0.016987224484065703,0.21900884458795453,0.0,0.0,0.0,0.0,0.0,0.0,0.0,0.0,0.0,2.8923076923076922,6.0,12.0,6.260869565217392,7.109376335248357,0.7391304347826086,8.86794268713831,0.5652173913043478,11.384922215273296,0.30434782608695654,1,0.5601123595505618,660,0.7391304347826086,3.4782608695652173,3.9145181812021126,10.426315357093458,1.0181308565755294,0.5681818181818182,0.18547008547008548,7.850306464421416
deb00fe1.qasm,1,18,102,55,57,45,0,0,0,16,0,45,0,0.4411764705882353,8.688116703257823,0.0,0.0,0.0,0.0,0.00909090909090909,0.0,0.0,0.0,0.43636363636363634,0.03636363636363636,0.0,0.0,0.0,0.0,0.0,0.0,0.06363636363636363,1.0,1.0,1.0,6.0,4.0,5.082214310549314,0.6,6.222489902780612,0.3333333333333333,6.222489902780612,0.0,1,1.0,90,0.0,2.6,1.1390646671502052,0.0,-12.0,0.0,1.0,4.417654340805952
df1a7a89.qasm,1,26,2301,2276,27,0,2274,0,0,24,0,2274,0,0.0,13.544584646975041,0.0,0.0,0.0,0.0,0.008178014454165081,0.0,0.0,0.0,0.0,0.1651293267402054,0.0022346899961962724,0.18600228223659185,0.17306960821605172,0.0,0.0,0.0,4.754659566375048e-05,1.0,4.735101514663229,12.0,12.0,6.260869565217392,9.474497828931728,0.7391304347826086,11.262225197333365,0.5652173913043478,13.90983461101595,0.30434782608695654,1,0.0016825,256,0.7391304347826086,3.4782608695652173,4.0,8.620874281389344,0.9355513118026123,0.7552151238591917,8.37898807605543e-05,7.921427387067821
df43c2c2.qasm,1,49,14539,502,12145,2394,0,2394,0,0,0,0,0,0.16466056812710642,12.645726597375036,0.0,0.0,0.054883081155433285,0.14463548830811554,0.14731774415405777,0.0,0.0,0.015887207702888585,0.21953232462173314,0.0,0.0,0.0,0.0,0.0,0.0,0.0,0.0,0.0,3.4022556390977443,9.0,23.0,12.0,7.5067673292828125,0.8695652173913043,9.284330870504679,0.782608695652174,11.94596520567462,0.6521739130434783,1,0.2645662791497558,636,0.8043478260869565,3.5652173913043477,3.903030526966808,9.732471985195303,0.9882231622805496,0.49325337331334335,0.1558061821219716,7.847741711142562
df458745.qasm,1,130,7441,6771,2731,2496,2214,2496,0,128,0,1984,0,0.3354387851095283,11.974310813290238,0.03271711663785078,0.0011969676818725894,0.0,0.0,0.0,0.0,0.008644766591302035,0.08591568027663253,0.0,0.009575741454980715,0.0,0.07314802500332492,0.07314802500332492,0.0,0.0,0.0,0.0001329964090969544,1.0,41.67943982763927,124.0,64.0,32.25196850393701,10.30028751412232,0.952755905511811,12.106445614322043,0.9212598425196851,14.815694370256256,0.8740157480314961,1,0.0019242904395703458,225,0.0,0.0,0.0,0.0,-12.0,0.0,1.0,5.108757775231722
df75e229.qasm,1,55,18011,574,15050,2961,0,2961,0,0,0,0,0,0.16439953361834433,12.862047413735736,0.0,0.0,0.054796802131912056,0.14373750832778148,0.14656895403064624,0.0,0.0,0.01632245169886742,0.21918720852764823,0.0,0.0,0.0,0.0,0.0,0.0,0.0,0.0,0.0,4.0638297872340425,10.0,26.0,13.5,7.681461160885254,0.8846153846153846,9.473889392065146,0.8076923076923077,12.146963043096903,0.6923076923076923,1,0.21555888722305513,634,0.8846153846153846,3.769230769230769,3.918690182935036,7.607137696535607,0.8812212774755787,0.3096192384769539,0.030732860520094562,7.821471085999907
e10d312f.qasm,1,258,21289,19863,6639,6104,8546,6104,0,256,0,8064,0,0.28672084174926016,13.126833372075781,0.023306968690036036,0.00042121027753077173,0.0,0.0,0.0,0.0,0.006973370150231666,0.08321243038330135,0.0,0.006926569008283802,0.0,0.06655122384986194,0.06655122384986194,0.0,0.0,0.0,4.6801141947863526e-05,1.0,89.7608225108225,192.0,128.0,60.55686274509804,10.77414570664948,0.8235294117647058,12.580314730026814,0.8117647058823529,15.289574610544285,0.8,1,0.000655,105,0.0,0.0,0.0,0.0,-12.0,0.0,1.0,5.0623901754830545
e260fc6a.qasm,1,35,11,9,3,0,8,0,0,33,0,8,0,0.0,11.963695305100664,0.21657922350472192,0.10766002098635886,0.0,0.0,0.0,0.0,0.0,0.0,0.0,0.1074501573976915,0.0,0.05372507869884575,0.05372507869884575,0.0,0.0,0.0,0.0002098635886673662,1.0,11.167755991285404,32.0,16.0,8.5,8.526058675177964,0.8125,10.332064556588561,0.6875,13.031304398222742,0.5,1,0.08393879348304711,616,0.0,0.0,0.0,0.0,-12.0,0.0,1.0,5.0673870650745805
e3863462.qasm,1,58,2746,257,954,1792,0,0,0,0,0,0,0,0.6525855790240349,11.491824395062174,0.0,0.0,0.34655988350928285,0.0,0.0,0.0,0.0,0.0,0.0,0.0,0.0,0.0,0.0,0.0,0.0,0.0,0.0,0.0,6.982142857142857,49.0,28.0,14.254545454545454,7.705801273689405,0.8909090909090909,9.509241260343451,0.8181818181818182,12.183167050656753,0.7090909090909091,1,0.1096938775510204,183,0.8909090909090909,3.7818181818181817,2.0077787594503187,2.1730816981598857,0.3370760541592182,0.7703916636722961,0.0027901785714285715,7.8731066518244495
e3b97044.qasm,1,55,20145,645,16833,3312,0,3312,0,0,0,0,0,0.16440804169769174,12.9738796102533,0.0,0.0,0.05479996028988385,0.14360170753499454,0.14653032860121115,0.0,0.0,0.01643006055792713,0.2191998411595354,0.0,0.0,0.0,0.0,0.0,0.0,0.0,0.0,0.0,4.418478260869565,10.0,26.0,13.5,7.767220188868746,0.8846153846153846,9.560216162239689,0.8076923076923077,12.233989303614052,0.6923076923076923,1,0.20493471677505834,681,0.8846153846153846,3.769230769230769,3.918690182935036,7.624833109177938,0.8822303423721516,0.31606114750843756,0.02747584541062802,7.83144497497834
e4a4359e.qasm,1,100,466535,251080,293825,172710,0,172710,0,0,0,0,0,0.370197305668385,16.790885979668026,0.0,0.0,0.18331236897274633,0.0,0.4269182389937107,0.0,0.0,0.0,0.0,0.03890985324947589,0.0,0.0,0.0,0.0,0.0,0.0,0.0,0.0,49.34250268275447,93.0,50.0,25.252525252525253,10.188671617637965,0.9393939393939394,11.994547934415417,0.898989898989899,14.703761100887005,0.8383838383838383,1,0.0075468961516147745,380,0.020202020202020204,0.9000045205770179,2.895251005751327,1.1812171331858236e-08,-7.927633497218174,0.008350259535093659,0.00217237678959353,7.000536846900103
e4b50619.qasm,1,10,11,9,4,7,0,7,0,8,0,0,0,0.6363636363636364,6.052089168924417,0.0,0.0,0.0,0.0,0.0,0.0,0.0,0.0,0.0,0.09090909090909091,0.0,0.0,0.0,0.0,0.0,0.0,0.09090909090909091,1.0,1.0,1.0,1.0,1.0,1.7558748556724915,0.0,1.7558748556724915,0.0,1.7558748556724915,0.0,1,1.0,7,0.0,1.0,1.0,0.0,-12.0,0.0,1.0,2.0211892990699383
e61acd2b.qasm,1,14,2990,464,2504,486,0,486,0,0,0,0,0,0.1625418060200669,11.027913776097217,0.0,0.0,0.05416248746238716,0.14577064526914077,0.1444332998996991,0.0,0.0,0.01972584419926446,0.21664994984954863,0.0,0.0,0.0,0.0,0.0,0.0,0.0,0.0,0.0,2.2222222222222223,4.0,6.0,3.272727272727273,6.554627845579415,0.45454545454545453,8.083086762990792,0.09090909090909091,8.083086762990792,0.0,1,1.0,486,0.45454545454545453,2.909090909090909,3.776272407116962,3.6494046813625185,0.5622220248166253,0.27598566308243727,0.205761316872428,7.267065066666617
e66c3381.qasm,1,52,15676,502,13093,2583,0,2583,0,0,0,0,0,0.16477417708599132,12.722837596521414,0.0,0.0,0.05492122217260956,0.14333099445046885,0.14785992217898833,0.0,0.0,0.01581935319257511,0.21968488869043823,0.0,0.0,0.0,0.0,0.0,0.0,0.0,0.0,0.0,3.529616724738676,9.0,25.0,12.755102040816327,7.556909618001994,0.8775510204081632,9.337564343648143,0.7959183673469388,12.012458797134242,0.673469387755102,1,0.25015949980860025,644,0.673469387755102,3.2244897959183674,3.8986690642952673,9.150054409903095,0.9614236765638092,0.5099552015928323,0.1548586914440573,7.856182610403118
e698c12d.qasm,1,10,25,12,15,10,0,10,0,4,0,0,0,0.4,5.988961416889864,0.0,0.0,0.0,0.0,0.0,0.0,0.0,0.0,0.0,0.06451612903225806,0.06451612903225806,0.12903225806451613,0.12903225806451613,0.0,0.0,0.0,0.0,0.0,1.4,3.0,2.0,1.3333333333333333,2.5276299008713385,0.0,2.5276299008713385,0.0,2.5276299008713385,0.0,1,1.0,10,0.0,0.0,1.0,0.0,-12.0,0.0,1.0,2.423245873936808
e7296260.qasm,1,55,18791,574,15695,3096,0,3096,0,0,0,0,0,0.16475972540045766,12.90522923337814,0.0,0.0,0.05491698595146871,0.1433056619838229,0.14687100893997446,0.0,0.0,0.015911025968497233,0.21966794380587484,0.0,0.0,0.0,0.0,0.0,0.0,0.0,0.0,0.0,4.093023255813954,10.0,26.0,13.5,7.704507907399964,0.8846153846153846,9.497657651061505,0.8076923076923077,12.17273701160348,0.6923076923076923,1,0.11740912235882697,369,0.7884615384615384,3.5961538461538463,3.927263059856574,7.327269491873165,0.8649421648816475,0.3289447436664672,0.029392764857881136,7.8437076191334825
e751ad87.qasm,1,258,8261,258,3,8256,2,0,0,256,0,2,0,0.999394746398741,13.695623936321494,0.0,0.9893844601412715,0.0,0.0,0.0,0.0,0.0,0.0,0.0,0.010332996972754794,0.0,0.0,0.0,0.0,0.0,0.0,4.0363269424823414e-05,1.0,85.88772845953002,255.0,128.0,64.25098039215686,9.935636790858627,0.9764705882352941,11.741801931383867,0.9607843137254902,14.45102591545887,0.9372549019607843,1,0.006056201550387597,148,0.0,0.0,0.0,0.0,-12.0,0.0,1.0,5.122415771609559
e7540ce6.qasm,1,55,23475,717,19605,3870,0,3870,0,0,0,0,0,0.16485623003194888,13.127498171754729,0.0,0.0,0.05494973590049412,0.14380644062020786,0.1469585960129494,0.0,0.0,0.015079229851763503,0.2197989436019765,0.0,0.0,0.0,0.0,0.0,0.0,0.0,0.0,0.0,4.093023255813954,10.0,26.0,13.5,7.801478137459915,0.8846153846153846,9.594707967546153,0.8076923076923077,12.269893110984595,0.6923076923076923,1,0.0946619520299919,372,0.8269230769230769,3.6538461538461537,3.9318813624804116,6.9713359179500465,0.8433160099775948,0.3224336107808165,0.023514211886304908,7.848338617922537
e815593a.qasm,1,34,67,4,66,0,1,0,0,31,0,1,0,0.0,8.187855443695623,0.0,0.0,0.0,0.0,0.0,0.0,0.0,0.007407407407407408,0.0,0.45925925925925926,0.26666666666666666,0.0,0.0,0.0,0.0,0.0,0.007407407407407408,1.0,16.0,31.0,16.0,8.258064516129032,6.219345834412633,0.8064516129032258,7.9507479599691635,0.6774193548387096,10.51621560278375,0.4838709677419355,1,1.0,31,0.0,0.0,0.0,0.0,-12.0,0.0,1.0,3.8858698609039064
e893b1a5.qasm,1,68,76269,35489,48393,27876,0,27876,0,0,0,0,0,0.3654958108799119,14.97633240784697,0.0,0.0,0.2054320987654321,0.0,0.42,0.0,0.0,0.0,0.0,0.023868312757201648,0.0,0.0,0.0,0.0,0.0,0.0,0.0,0.0,31.773496914908883,60.0,33.0,16.753846153846155,9.559263187127113,0.9076923076923077,11.364872408064663,0.8461538461538461,14.073747245801593,0.7538461538461538,1,0.015957098089606252,328,0.18461538461538463,1.684735302156903,3.893081727180612,0.0006527669312644385,-3.1852418540992153,0.14108505997818974,0.004735256134309083,7.638742701144012
ea801020.qasm,1,258,33281,767,514,32767,0,0,127,255,0,0,0,0.9845557525314744,13.643885588158566,0.0,0.980739761425438,0.0,0.0,0.0,0.0,0.0,0.0,0.0,0.015324058772272468,3.004717406327935e-05,0.0,0.0,0.0,0.0038159911060364773,0.0,3.004717406327935e-05,1.0,85.83074434644612,255.0,128.0,64.25098039215686,10.061324556037816,0.9764705882352941,11.867419455863848,0.9607843137254902,14.576548567228452,0.9372549019607843,1,0.008774565779193461,36,0.0,0.0,0.0,0.0,-12.0,0.0,1.0,5.135174010786539
eb153d64.qasm,1,256,130,129,4,126,0,126,0,127,0,0,0,0.9692307692307692,8.762176509334903,0.0,0.0,0.0,0.0,0.0,0.0,0.0,0.0,0.0,0.0038461538461538464,0.0,0.0,0.0,0.0,0.0,0.0,0.0038461538461538464,0.0,1.0,1.0,1.0,1.0,3.0038911662369103,0.0,3.0038911662369103,0.0,3.0038911662369103,0.0,1,1.0,126,0.0,1.0,1.0,0.0,-12.0,0.0,1.0,3.3029799367482493
ebb0ac17.qasm,1,18,194,33,39,24,131,1,2,16,0,95,0,0.12371134020618557,9.138414632404594,0.0872093023255814,0.020348837209302327,0.00872093023255814,0.020348837209302327,0.020348837209302327,0.011627906976744186,0.0029069767441860465,0.0029069767441860465,0.014534883720930232,0.08139534883720931,0.00872093023255814,0.03488372093023256,0.03197674418604651,0.0029069767441860465,0.0029069767441860465,0.0,0.0029069767441860465,1.0,5.55388180764774,15.0,8.0,4.266666666666667,7.2784232515337965,0.6,9.05132158759328,0.3333333333333333,10.783522568507978,0.0,1,0.6268050541516246,532,0.6,3.2,3.644479376548748,0.7939556084534904,-0.10020377911221169,0.20399711919337415,0.2908458864426419,7.7876192074161406
ebc18fd7.qasm,1,257,18417,12334,9091,9073,253,9073,0,255,0,0,0,0.4926426671010479,12.61022355712694,0.01373730792202856,0.0,0.0,0.0,0.0,0.0,0.008036053646087853,0.15806048759298474,0.001737525112667644,0.007873160666775262,0.011836889830048325,0.10772655698539393,0.10772655698539393,0.0,0.0,0.0,5.429765977086388e-05,1.0,94.8425077896327,247.0,127.0,64.0,9.613704514192124,0.9763779527559056,11.419607568610374,0.9606299212598425,14.128511585501666,0.937007874015748,1,0.005419930770632173,105,0.0,0.0,0.0,0.0,-12.0,0.0,1.0,5.066225261756694
ebc3e166.qasm,1,74,5572891,1003120,3261138,2311752,1,2311752,0,74,0,1,0,0.414820960969809,18.820798252436347,0.0,0.034729878721058434,0.0,0.0,0.021058434399117972,0.4782249173098126,0.0087651598676957,0.009371554575523704,0.0,0.003969128996692392,5.5126791620727676e-05,0.0,0.0,0.0,0.000992282249173098,0.0,5.5126791620727676e-05,1.0,12.560352813242579,72.0,37.0,18.753424657534246,9.105292436931753,0.9178082191780822,10.908595440634581,0.863013698630137,13.606574951859201,0.7808219178082192,1,0.014957410562180579,345,0.0,0.0,1.0,0.0,-12.0,0.0,1.0,4.709617596682409
ec70915a.qasm,1,58,670,30,282,388,0,0,0,0,0,0,0,0.5791044776119403,10.077608912764743,0.0,0.0,0.4172876304023845,0.0,0.0,0.0,0.0,0.0,0.0,0.0,0.0,0.0,0.0,0.0,0.0,0.0,0.0,0.0,4.030927835051546,7.0,28.0,14.254545454545454,6.794528825205618,0.8909090909090909,8.592059156521675,0.8181818181818182,11.160335110131566,0.7090909090909091,1,0.9131736526946108,363,0.8909090909090909,3.7818181818181817,3.6509748323304603,20.458014316032017,1.3108634781816244,0.7617411225658648,0.01288659793814433,7.843361221790073
eca6fb66.qasm,1,53,15483,502,12936,2547,0,2547,0,0,0,0,0,0.16450300329393527,12.710749403709286,0.0,0.0,0.05483079307672436,0.14356755360371998,0.14737793851717904,0.0,0.0,0.01646861276156032,0.21932317230689743,0.0,0.0,0.0,0.0,0.0,0.0,0.0,0.0,0.0,3.6431095406360425,9.0,25.0,13.0,7.565245821168867,0.88,9.346707595987779,0.8,12.022844675221373,0.68,1,0.23893805309734514,605,0.68,3.24,3.911723458793176,8.280307066698164,0.9180464424491654,0.44283073673092155,0.1464468001570475,7.801938756304232
ed52defd.qasm,1,14,3302,499,2762,540,0,540,0,0,0,0,0,0.16353725015142337,11.127307100832148,0.0,0.0,0.05449591280653951,0.14532243415077203,0.14532243415077203,0.0,0.0,0.016651528913109295,0.21798365122615804,0.0,0.0,0.0,0.0,0.0,0.0,0.0,0.0,0.0,2.2,4.0,6.0,3.272727272727273,6.59585155857729,0.45454545454545453,8.118847410925092,0.09090909090909091,8.118847410925092,0.0,1,1.0,540,0.45454545454545453,2.909090909090909,3.8781668315943953,5.126591881149189,0.7098287454062123,0.28540305010893247,0.2574074074074074,7.318174086812267
eefd994e.qasm,1,53,16055,502,13409,2646,0,2646,0,0,0,0,0,0.16480847088134537,12.748347516529744,0.0,0.0,0.05493273542600897,0.14387144992526157,0.14785749875435975,0.0,0.0,0.016380169407075238,0.21973094170403587,0.0,0.0,0.0,0.0,0.0,0.0,0.0,0.0,0.0,3.622448979591837,9.0,25.0,13.0,7.579275689486288,0.88,9.361148979422092,0.8,12.037769899918153,0.68,1,0.2486762598891173,655,0.68,3.24,3.9069503226571753,10.194594857461897,1.0083699711966079,0.49963063284905196,0.154572940287226,7.853255961266159
ef8d10d7.qasm,1,58,2411,99,2,2409,0,0,0,0,0,0,0,0.9991704686851929,11.468806374330677,0.0,0.0,0.0,0.0,0.0,0.0,0.0,0.0,0.0,0.0,0.0,0.0,0.0,0.0,0.0,0.0,0.0,0.0,6.671232876712328,7.0,28.0,14.254545454545454,7.816235365698395,0.8909090909090909,9.62089198653846,0.8181818181818182,12.27827416916959,0.7090909090909091,1,0.10087173100871731,243,0.8909090909090909,3.7818181818181817,1.3437298097512296,0.12914195597969033,-0.8889326400674918,0.8212271973466003,0.0020755500207555004,7.920476135949769
efafd44f.qasm,1,34,95,33,49,46,0,46,0,48,0,0,31,0.4842105263157895,8.760139370026627,0.0,0.0,0.0,0.0,0.0,0.0,0.0,0.0,0.0,0.12698412698412698,0.24603174603174602,0.0,0.0,0.0,0.0,0.0,0.0,1.0,1.0,1.0,2.0,1.4516129032258065,3.061829307294699,0.0,3.061829307294699,0.0,3.061829307294699,0.0,1,1.0,46,0.0,0.5161290322580645,1.0,0.0,-12.0,0.0,1.0,3.1464381352857744
f030e083.qasm,1,58,3698,495,2,3696,0,0,0,0,0,0,0,0.9994591671173607,11.871284989206483,0.0,0.0,0.0,0.0,0.0,0.0,0.0,0.0,0.0,0.0,0.0,0.0,0.0,0.0,0.0,0.0,0.0,0.0,6.982142857142857,49.0,28.0,14.254545454545454,8.020555946325546,0.8909090909090909,9.824252080597889,0.8181818181818182,12.503905555921264,0.7090909090909091,1,0.049783549783549784,184,0.8909090909090909,3.7818181818181817,1.4798575296887544,0.8234557962571208,-0.08435970913106365,0.7704741379310345,0.0013528138528138528,7.8732927467740295
f05a6196.qasm,1,258,33281,767,514,32767,0,0,127,255,0,0,0,0.9845557525314744,13.643865405002359,0.0,0.980739761425438,0.0,0.0,0.0,0.0,0.0,0.0,0.0,0.015324058772272468,3.004717406327935e-05,0.0,0.0,0.0,0.0038159911060364773,0.0,3.004717406327935e-05,1.0,85.83074434644612,255.0,128.0,64.25098039215686,10.061324556037816,0.9764705882352941,11.867419455863848,0.9607843137254902,14.576548567228452,0.9372549019607843,1,0.007993268826251577,10,0.0,0.0,0.0,0.0,-12.0,0.0,1.0,4.602070848554296
f0c5e28f.qasm,1,39,60,24,42,18,0,18,0,18,0,0,0,0.3,7.278628942320682,0.0,0.0,0.0,0.0,0.0,0.0,0.0,0.0,0.0,0.4625,0.0125,0.0,0.0,0.0,0.0,0.0,0.025,0.0,9.5,18.0,9.0,5.0,5.679465146214947,0.6666666666666666,7.314593044814767,0.4444444444444444,9.464555427771277,0.1111111111111111,1,1.0,18,0.0,0.0,0.0,0.0,-12.0,0.0,1.0,3.4138025167693513
f0e878db.qasm,1,66,5635,226,4099,1536,0,1536,0,32,0,0,0,0.2725820763087844,12.523005220276769,0.0,0.0,0.0,0.0,0.0,0.0,0.0,0.0,0.7225260186981831,0.0,0.0,0.0,0.0,0.0,0.0,0.0,0.0001763979537837361,0.0,10.76953125,30.0,16.0,8.258064516129032,7.829085019914555,0.8064516129032258,9.62888319024033,0.6774193548387096,12.320790634655703,0.4838709677419355,1,0.06392045454545454,91,0.5161290322580645,2.9787048388027295,3.4046660290049586,0.9066079835265669,-0.04258046089314568,0.2625454545454545,0.014322916666666666,7.316470251580364
f0e91b40.qasm,1,58,1864,57,842,1022,0,0,0,0,0,0,0,0.5482832618025751,11.091361462272316,0.0,0.0,0.450402144772118,0.0,0.0,0.0,0.0,0.0,0.0,0.0,0.0,0.0,0.0,0.0,0.0,0.0,0.0,0.0,6.671232876712328,7.0,28.0,14.254545454545454,7.440890466797714,0.8909090909090909,9.243446385567788,0.8181818181818182,11.891688083169589,0.7090909090909091,1,0.12083780880773362,112,0.8909090909090909,3.7818181818181817,3.007692361570372,2.4423372610706884,0.38780563524723544,0.6839488636363636,0.004892367906066536,7.52234929131147
f1167cc3.qasm,1,34,9270,501,7749,1521,0,1521,0,0,0,0,0,0.16407766990291262,12.191273679018101,0.0,0.0,0.05468665731852012,0.14442886420019416,0.14647826555927085,0.0,0.0,0.017258116708014238,0.21874662927408048,0.0,0.0,0.0,0.0,0.0,0.0,0.0,0.0,0.0,2.9585798816568047,7.0,16.0,8.258064516129032,7.2464142988079985,0.8064516129032258,8.992740902199253,0.6774193548387096,11.636295798256512,0.4838709677419355,1,0.25248165731549416,385,0.7741935483870968,3.5806451612903225,3.921908869373884,3.047102249447781,0.48388702777906295,0.23982344286414908,0.1663379355687048,7.336046797730289
f163436d.qasm,1,20,19,7,9,4,6,4,0,4,0,0,0,0.21052631578947367,6.0330862217988015,0.24,0.0,0.0,0.0,0.0,0.0,0.0,0.0,0.0,0.0,0.16,0.0,0.0,0.0,0.0,0.0,0.12,0.0,4.6,9.0,6.0,3.5,5.801009029425015,0.5,7.443807415678491,0.16666666666666666,7.443807415678491,0.0,1,1.0,40,0.0,0.0,0.0,0.0,-12.0,0.0,1.0,3.4191293077419758
f1bcea54.qasm,1,47,13937,501,11642,2295,0,2295,0,0,0,0,0,0.1646695845590873,12.602264893250224,0.0,0.0,0.05488592337494619,0.14442531209642703,0.1473669106041039,0.0,0.0,0.015281962978906586,0.21954369349978475,0.0,0.0,0.0,0.0,0.0,0.0,0.0,0.0,0.0,3.3529411764705883,8.0,22.0,11.5,7.477255821729523,0.8636363636363636,9.259996660236249,0.7727272727272727,11.920133510820074,0.6363636363636364,1,0.22612127735916757,509,0.4772727272727273,2.8181818181818183,3.909668882399674,4.924139800929932,0.692330374460535,0.2634829147797447,0.15468409586056645,7.409204807791087
f27a09cf.qasm,1,522,263,262,4,259,0,259,0,260,0,0,0,0.9847908745247148,9.515616752828915,0.0,0.0,0.0,0.0,0.0,0.0,0.0,0.0,0.0,0.0019011406844106464,0.0,0.0,0.0,0.0,0.0,0.0,0.0019011406844106464,0.0,1.0,1.0,1.0,1.0,3.3165993020938607,0.0,3.3165993020938607,0.0,3.3165993020938607,0.0,1,1.0,259,0.0,1.0,1.0,0.0,-12.0,0.0,1.0,3.616685520895512
f2a5a67a.qasm,1,14,2990,464,2504,486,0,486,0,0,0,0,0,0.1625418060200669,11.026938784551156,0.0,0.0,0.05416248746238716,0.1464393179538616,0.1444332998996991,0.0,0.0,0.0183884988298228,0.21664994984954863,0.0,0.0,0.0,0.0,0.0,0.0,0.0,0.0,0.0,2.2222222222222223,4.0,6.0,3.272727272727273,6.554627845579415,0.45454545454545453,8.083086762990792,0.09090909090909091,8.083086762990792,0.0,1,1.0,486,0.45454545454545453,2.909090909090909,3.7399034345968545,3.5601570932627093,0.5514691618021813,0.28136200716845877,0.205761316872428,7.2707999326971695
f5398281.qasm,1,55,18791,574,15695,3096,0,3096,0,0,0,0,0,0.16475972540045766,12.905790690597927,0.0,0.0,0.05491698595146871,0.14405065985525756,0.14687100893997446,0.0,0.0,0.016230310770540657,0.21966794380587484,0.0,0.0,0.0,0.0,0.0,0.0,0.0,0.0,0.0,4.093023255813954,10.0,26.0,13.5,7.704507907399964,0.8846153846153846,9.497657651061505,0.8076923076923077,12.17273701160348,0.6923076923076923,1,0.09526850816967375,291,0.6346153846153846,3.465378314323776,3.920318118117579,4.249725401466493,0.6283608687608427,0.14396991673381682,0.029392764857881136,7.451173033477172
f5aeb6f0.qasm,1,52,15676,502,13093,2583,0,2583,0,0,0,0,0,0.16477417708599132,12.723266946152775,0.0,0.0,0.05492122217260956,0.14447917331122026,0.14785992217898833,0.0,0.0,0.01581935319257511,0.21968488869043823,0.0,0.0,0.0,0.0,0.0,0.0,0.0,0.0,0.0,3.529616724738676,9.0,25.0,12.755102040816327,7.556909618001994,0.8775510204081632,9.337564343648143,0.7959183673469388,12.012458797134242,0.673469387755102,1,0.2275743269108077,578,0.5714285714285714,3.0816326530612246,3.903030526966809,7.235216415270064,0.859451525994428,0.34668508287292815,0.1548586914440573,7.572938680421643
f5d72dae.qasm,1,34,67,9,35,32,0,0,0,32,0,0,0,0.47761194029850745,7.550661243105336,0.0,0.0,0.0,0.0,0.0,0.0,0.0,0.0,0.0,0.47761194029850745,0.0,0.0,0.0,0.47761194029850745,0.0,0.0,0.014925373134328358,1.0,10.75,25.0,16.0,8.258064516129032,6.1112198216233145,0.8064516129032258,7.870263977874268,0.6774193548387096,10.515456742400799,0.4838709677419355,1,1.0,32,0.7096774193548387,3.3548387096774195,4.0,8.707655755770027,0.939901251521534,0.0899390243902439,0.28125,6.849849256972285
f67ec297.qasm,1,38,10942,501,9142,1800,0,1800,0,0,0,0,0,0.16450374702979345,12.35903833782266,0.0,0.0,0.05482957141551677,0.14475006853696426,0.14676048615553322,0.0,0.0,0.016083340948551586,0.21931828566206707,0.0,0.0,0.0,0.0,0.0,0.0,0.0,0.0,0.0,3.13,7.0,18.0,9.257142857142858,7.343176770347022,0.8285714285714286,9.104357806489995,0.7142857142857143,11.760386356118078,0.5428571428571428,1,0.25045703839122485,450,0.6285714285714286,3.2,3.9321896856536847,5.313352869226001,0.7253686591375242,0.3094017094017094,0.15222222222222223,7.439425812376065
f7ff0727.qasm,1,12,13,5,11,2,0,2,0,5,0,0,0,0.15384615384615385,5.60947179518496,0.0,0.0,0.0,0.0,0.0,0.0,0.0,0.0,0.0,0.45,0.0,0.0,0.0,0.0,0.0,0.0,0.0,0.0,1.5,2.0,1.0,0.75,1.3979400086720377,0.0,1.3979400086720377,0.0,1.3979400086720377,0.0,1,1.0,2,0.0,0.75,1.0,0.0,-12.0,0.0,1.0,2.0211892990699383
f8a38627.qasm,1,38,124714,28561,89812,34902,0,28737,0,0,0,0,0,0.2798563112401174,14.411206969292213,0.0,0.0,0.14461958257133734,0.0,0.043716798745972306,0.0,0.0,0.0,0.0,0.2769891723997794,0.0,0.0,0.0,0.0,0.0,0.0,0.0,0.0,12.35513724141883,35.0,18.0,9.257142857142858,9.245973659841244,0.8285714285714286,11.049490673509107,0.7142857142857143,13.750072174266892,0.5428571428571428,1,0.00382481236769517,135,0.6857142857142857,3.342857142857143,4.0,10.19915093326292,1.0085640187867604,0.08010012515644556,0.0013752793536187038,7.543697135012745
f8d235ae.qasm,1,10,100,57,66,34,0,28,6,4,0,0,0,0.34,7.4570320891223805,0.0,0.0,0.0,0.0,0.4339622641509434,0.0,0.0,0.0,0.0,0.1320754716981132,0.0,0.0,0.0,0.0,0.05660377358490566,0.0,0.0,0.0,1.0,1.0,2.0,1.3333333333333333,3.000434077479319,0.0,3.000434077479319,0.0,3.000434077479319,0.0,1,1.0,34,0.0,0.0,0.0,0.0,-12.0,0.0,1.0,2.436162647040756
f98536e0.qasm,1,8,20,13,14,6,0,6,0,3,0,0,0,0.3,5.752572638825633,0.0,0.0,0.0,0.0,0.0,0.0,0.0,0.0,0.0,0.08,0.08,0.12,0.16,0.0,0.0,0.0,0.0,0.0,1.3333333333333333,2.0,1.0,1.0,1.8129133566428555,0.0,1.8129133566428555,0.0,1.8129133566428555,0.0,1,1.0,6,0.0,0.0,0.0,0.0,-12.0,0.0,1.0,1.9084850188786497
f9fee41b.qasm,1,55,20145,645,16833,3312,0,3312,0,0,0,0,0,0.16440804169769174,12.974023449079823,0.0,0.0,0.05479996028988385,0.1437506204705649,0.14653032860121115,0.0,0.0,0.016529335848307358,0.2191998411595354,0.0,0.0,0.0,0.0,0.0,0.0,0.0,0.0,0.0,4.418478260869565,10.0,26.0,13.5,7.767220188868746,0.8846153846153846,9.560216162239689,0.8076923076923077,12.233989303614052,0.6923076923076923,1,0.08762349203197141,287,0.6346153846153846,3.4655429684296113,3.927263059856574,4.158696262529427,0.618957202085526,0.1307797537619699,0.02747584541062802,7.413539029632541
fabdaac7.qasm,1,34,198,103,105,93,0,0,0,32,0,93,0,0.4696969696969697,9.382274835883651,0.0,0.0,0.0,0.0,0.0048543689320388345,0.0,0.0,0.0,0.46601941747572817,0.019417475728155338,0.0,0.0,0.0,0.0,0.0,0.0,0.03398058252427184,1.0,1.0,1.0,6.0,5.032258064516129,5.514272745247365,0.8064516129032258,6.810407343475292,0.6774193548387096,6.810407343475292,0.0,1,1.0,186,0.0,2.7734606426935455,1.1843651280095888,0.0,-12.0,0.0,1.0,4.794188189349445
fadf1f0d.qasm,1,100,466535,251080,293825,172710,0,172710,0,0,0,0,0,0.370197305668385,16.790910881155344,0.0,0.0,0.18324519432552674,0.0,0.4268446235205238,0.0,0.0,0.0,0.0,0.038949047259296564,0.0,0.0,0.0,0.0,0.0,0.0,0.0,0.0,49.45792034132001,93.0,50.0,25.252525252525253,9.89130463579027,0.9393939393939394,11.697259057170145,0.898989898989899,14.406485779923923,0.8383838383838383,1,0.010376756066411238,256,0.010101010101010102,0.8542289767008131,2.6855275887399754,1.6828035382254272e-16,-11.999926922919467,0.0022385022385022386,0.00421446967923203,6.517644613033363
fb107df5.qasm,1,66,191,65,97,94,0,94,0,96,0,0,63,0.49214659685863876,9.818746324081037,0.0,0.0,0.0,0.0,0.0,0.0,0.0,0.0,0.0,0.12598425196850394,0.24803149606299213,0.0,0.0,0.0,0.0,0.0,0.0,1.0,1.0,1.0,2.0,1.4761904761904763,3.3861421089308186,0.0,3.3861421089308186,0.0,3.3861421089308186,0.0,1,1.0,94,0.0,0.5079365079365079,1.0,0.0,-12.0,0.0,1.0,3.4679039465228003
fb7e6eb0.qasm,1,117,551,15,159,392,0,392,0,0,0,0,0,0.7114337568058077,8.90354343566472,0.0,0.0,0.0,0.0,0.0,0.0,0.0,0.0,0.0,0.2733812949640288,0.0,0.008992805755395683,0.0,0.0,0.0,0.0,0.0,0.0,11.303571428571429,23.0,55.0,26.473684210526315,7.238517420804633,0.9473684210526315,9.021875845154828,0.9122807017543859,11.70613985261858,0.8596491228070176,1,0.4353369763205829,174,0.38596491228070173,2.917672893369432,4.000000000000001,29.04003428005496,1.4629971246875035,0.059647718174539635,0.07142857142857142,7.453024770939223
fb8a2851.qasm,1,34,128,65,66,62,0,31,0,32,0,0,0,0.484375,8.273336598504486,0.0,0.0,0.0,0.484375,0.0,0.0,0.0,0.0,0.0,0.0,0.0078125,0.0,0.0,0.2421875,0.0,0.0,0.0078125,1.0,1.0,1.0,2.0,1.935483870967742,3.3265406685165617,0.0,3.3265406685165617,0.0,3.3265406685165617,0.0,1,1.0,62,0.0,1.0,0.9999999999999999,0.0,-12.0,0.0,1.0,3.374565060722765
fb9223a1.qasm,1,18,18,16,3,1,14,1,0,16,0,14,0,0.05555555555555555,7.103322062526113,0.07692307692307693,0.0,0.0,0.0,0.0,0.0,0.0,0.0,0.0,0.0,0.0,0.0,0.0,0.0,0.0,0.0,0.038461538461538464,1.0,5.088495575221239,8.0,8.0,4.266666666666667,6.343024156793506,0.6,8.12610815223253,0.3333333333333333,9.909439024014478,0.0,1,1.0,113,0.0,0.0,0.0,0.0,-12.0,0.0,1.0,3.918921090091336
fb9be929.qasm,1,8,12,5,9,3,0,0,0,7,0,0,0,0.25,5.733341276897746,0.0,0.0,0.0,0.0,0.0,0.0,0.0,0.0,0.0,0.5,0.08333333333333333,0.0,0.0,0.25,0.0,0.0,0.0,1.0,4.0,6.0,2.0,1.2857142857142858,2.8175653695597807,0.0,2.8175653695597807,0.0,2.8175653695597807,0.0,1,1.0,3,0.0,0.0,0.0,0.0,-12.0,0.0,1.0,2.2278867046136734
fbcf0ea3.qasm,1,53,15483,502,12936,2547,0,2547,0,0,0,0,0,0.16450300329393527,12.711093453907793,0.0,0.0,0.05483079307672436,0.14479462671144408,0.14737793851717904,0.0,0.0,0.01633944717127357,0.21932317230689743,0.0,0.0,0.0,0.0,0.0,0.0,0.0,0.0,0.0,3.6431095406360425,9.0,25.0,13.0,7.565245821168867,0.88,9.346707595987779,0.8,12.022844675221373,0.68,1,0.21859053032749823,546,0.54,2.92,3.8994911395322696,6.013173452789339,0.7791037314528908,0.2835820895522388,0.1464468001570475,7.5344397966821495
fbdc2a1f.qasm,1,14,3302,499,2762,540,0,540,0,0,0,0,0,0.16353725015142337,11.128144948054898,0.0,0.0,0.05449591280653951,0.14532243415077203,0.14532243415077203,0.0,0.0,0.01755979412655162,0.21798365122615804,0.0,0.0,0.0,0.0,0.0,0.0,0.0,0.0,0.0,2.2,4.0,6.0,3.272727272727273,6.59585155857729,0.45454545454545453,8.118847410925092,0.09090909090909091,8.118847410925092,0.0,1,1.0,540,0.45454545454545453,2.909090909090909,3.861413267725255,4.960524773497873,0.6955276228973132,0.28540305010893247,0.2574074074074074,7.318174086812267
fbe1d41c.qasm,1,20,72,49,6,30,36,30,0,3,0,0,0,0.4166666666666667,7.210079628170788,0.4675324675324675,0.0,0.0,0.0,0.0,0.0,0.0,0.0,0.0,0.0,0.05194805194805195,0.0,0.0,0.0,0.0,0.0,0.0,0.0,2.630081300813008,11.0,7.0,4.0,6.30375941043947,0.5714285714285714,7.9725624269804545,0.2857142857142857,8.746739040380247,0.0,1,1.0,246,0.0,0.0,0.0,0.0,-12.0,0.0,1.0,3.9235030669421045
fc1ce5ab.qasm,1,100,231623,111511,145701,85922,0,85922,0,0,0,0,0,0.37095625218566375,16.091710504339982,0.0,0.0,0.18181818181818182,0.0,0.41250315949111127,0.0,0.0,0.0,0.0,0.03909343668379813,0.0,0.0,0.0,0.0,0.0,0.0,0.0,0.0,48.252840108909965,91.0,49.0,24.75257731958763,9.925264330974235,0.9381443298969072,11.731189580650081,0.8969072164948454,14.440411765417409,0.8350515463917526,1,0.008815835367980467,263,0.12371134020618557,1.0369583762960946,2.797257362557677,4.585796605866858e-05,-4.33858520199971,0.04987599889776798,0.004976058586048259,7.065283001091118
fc330f35.qasm,1,49,14539,502,12145,2394,0,2394,0,0,0,0,0,0.16466056812710642,12.644940291938664,0.0,0.0,0.054883081155433285,0.14449793672627234,0.14731774415405777,0.0,0.0,0.015061898211829437,0.21953232462173314,0.0,0.0,0.0,0.0,0.0,0.0,0.0,0.0,0.0,3.4022556390977443,9.0,23.0,12.0,7.5067673292828125,0.8695652173913043,9.284330870504679,0.782608695652174,11.94596520567462,0.6521739130434783,1,0.23539932585815504,556,0.5652173913043478,3.0869565217391304,3.890498517897367,6.28463393909671,0.7982799864197784,0.3100803506208912,0.1558061821219716,7.517163595271554
fc56714f.qasm,1,10,54,20,26,28,0,0,0,0,0,28,0,0.5185185185185185,7.43307534889858,0.0,0.0,0.27586206896551724,0.0,0.017241379310344827,0.0,0.0,0.0,0.0,0.13793103448275862,0.0,0.0,0.0,0.0,0.0,0.0,0.0,1.0,3.0714285714285716,6.0,4.0,2.2857142857142856,5.739573135514002,0.14285714285714285,5.739573135514002,0.0,5.739573135514002,0.0,1,1.0,56,0.14285714285714285,2.2857142857142856,3.2896777853127808,0.0,-12.0,0.0,1.0,5.491273425018396
fc5872f2.qasm,1,42,641359,166964,369146,272212,1,272212,0,42,0,1,0,0.4244299994231,16.5456191408879,0.0,0.009102232442272684,0.0,0.0,0.030947590303727124,0.43154163073680174,0.013126377311487976,0.016671457315320496,0.0,0.0019162594615310914,4.790648653827728e-05,0.0,0.0,0.0,0.00047906486538277284,0.0,4.790648653827728e-05,1.0,9.155751003330202,40.0,21.0,10.75609756097561,9.116577674695034,0.8536585365853658,10.912324221030675,0.7560975609756098,13.578668994758965,0.6097560975609756,1,0.008727904813200803,293,0.0,0.7804878048780488,2.0,0.0,-12.0,0.0,1.0,5.222136157441879
fc66bdd4.qasm,1,130,2085,130,3,2080,2,0,0,128,0,2,0,0.9976019184652278,12.433172360897354,0.0,0.9783896270209701,0.0,0.0,0.0,0.0,0.0,0.0,0.0,0.020489835120858012,0.0,0.0,0.0,0.0,0.0,0.0,0.00016007683688170322,1.0,43.21989528795812,127.0,64.0,32.25196850393701,9.0340688247683,0.952755905511811,10.840130734578576,0.9212598425196851,13.549033947799563,0.8740157480314961,1,0.01858974358974359,114,0.0,0.0,0.0,0.0,-12.0,0.0,1.0,4.72066361930573
fdf0b97e.qasm,1,51,14621,502,12218,2403,0,2403,0,0,0,0,0,0.1643526434580398,12.65215492718421,0.0,0.0,0.05478046778826426,0.14375598413349747,0.1470387087949665,0.0,0.0,0.01668718369580085,0.21912187115305704,0.0,0.0,0.0,0.0,0.0,0.0,0.0,0.0,0.0,3.4794007490636703,9.0,24.0,12.5,7.518675848893539,0.875,9.297478582181872,0.7916666666666666,11.96983841012934,0.6666666666666666,1,0.219577262466653,517,0.5625,3.0625,3.9110953099132715,4.568336833092351,0.6597581178649131,0.27333073018352205,0.14773200166458594,7.476021286065427
ffe82f32.qasm,1,34,49,18,34,0,15,0,0,1,0,0,0,0.0,7.05617528410041,0.0,0.0,0.0,0.5769230769230769,0.0,0.0,0.0,0.0,0.0,0.038461538461538464,0.0,0.0,0.0,0.0,0.0,0.0,0.0,0.0,15.25,30.0,15.0,8.0,6.8615779575997236,0.8,8.65574612262021,0.6666666666666666,11.342756467319935,0.4666666666666667,1,1.0,120,0.0,1.0,1.9966162794297881,0.0,-12.0,0.0,1.0,5.580250783249866
