filename,n_qubits,unitary_count,twoq_count,multiq_count,gate_depth,twoq_depth,measurement_count,reset_count,twoq_unique_edges,twoq_density,twoq_degree_max,twoq_components,twoq_reuse,twoq_top_pair_share,twoq_pair_mass_entropy,twoq_native_max_cut,twoq_native_mean_cut,twoq_native_mean_span,twoq_rcm_max_cut,twoq_rcm_mean_cut,twoq_rcm_mean_span,generic_critical_depth_twoq,generic_entanglement_ratio_twoq,generic_liveness,generic_parallelism,generic_program_communication_twoq,span_mean,span_max,bound_max_log2,bound_mean_log2,struct_logcost_16,struct_logcost_64,struct_logcost_512,struct_frac_bonds_ge_16,struct_frac_bonds_ge_64,struct_frac_bonds_ge_512,probe_frac_bonds_saturated,probe_mean_log2_bond,probe_max_entropy,probe_log_discarded,probe_trunc_frac,probe_first_sat_frac,probe_log_flops,probe_frac_ops_done,t_compact,t_probe_parse,t_bond_bound,t_probe_sim
0071a13b.qasm,47,14537.0,2394.0,0.0,502.0,126.0,0.0,0.0,76.0,0.07030527289546716,4.0,1.0,31.5,0.015037593984962405,6.2331556494778315,252.0,177.06521739130434,3.4022556390977443,378.0,236.7391304347826,4.548872180451128,0.05263157894736842,0.1646832221228589,0.7175976943290667,0.6077862463190715,0.07030527289546716,3.4022556390977443,9.0,23.0,12.0,7.5067673292828125,9.284330870504679,11.94596520567462,0.8695652173913043,0.782608695652174,0.6521739130434783,0.8260869565217391,3.5869565217391304,3.905342661757237,0.9528673605297802,0.5046273745737945,0.1558061821219716,7.867211626607954,0.26766182843777947,0.19968972999993184,0.18705254900010004,0.01444739099997605,1.0828061409999918
00c20ece.qasm,256,,,,,,,,,,,,,,,,,,,,,,,,,,0.0,0.0,0.0,0.0,0.0,0.0,0.0,0.0,0.0,0.0,0.0,0.0,0.0,-12.0,0.0,1.0,0.0,1.0,0.03436676599994826,0.19122678200005794,0.0006430429999682019,0.022053775000017595
03042ac9.qasm,47,14537.0,2394.0,0.0,502.0,126.0,0.0,0.0,76.0,0.07030527289546716,4.0,1.0,31.5,0.015037593984962405,6.2331556494778315,252.0,177.06521739130434,3.4022556390977443,378.0,236.7391304347826,4.548872180451128,0.05263157894736842,0.1646832221228589,0.7175976943290667,0.6077862463190715,0.07030527289546716,3.4022556390977443,9.0,23.0,12.0,7.5067673292828125,9.284330870504679,11.94596520567462,0.8695652173913043,0.782608695652174,0.6521739130434783,0.8260869565217391,3.5869565217391304,3.9069503226571767,1.0188524940615384,0.5046273745737945,0.1558061821219716,7.867164831792267,0.26766182843777947,0.1826878360000137,0.17230111800006398,0.010269107999988591,1.0257013379999762
03934028.qasm,128,1762252.0,605028.0,750.0,,,128.0,0.0,4741.0,0.5832923228346457,127.0,1.0,127.61611474372495,0.007764929887542395,10.928880925351386,208902.0,135172.72440944883,28.37378765941411,279960.0,159219.82677165355,33.42145818044785,,0.3433266070913808,,,0.5832923228346457,30.438087454025336,127.0,64.0,32.25196850393701,9.806398840226677,11.612349445006586,14.321019201120729,0.952755905511811,0.9212598425196851,0.8740157480314961,0.0,1.2823042326412033,1.5000000000000064,-12.0,0.0,1.0,6.187778119129492,0.0014133333333333333,0.7950778970000556,0.5242603030000055,0.25970233299995016,1.0543869540000514
03ee478e.qasm,32,95.0,31.0,0.0,33.0,31.0,32.0,0.0,31.0,0.0625,2.0,1.0,1.0,0.03225806451612903,4.954196310386877,1.0,1.0,1.0,1.0,1.0,1.0,1.0,0.3263157894736842,0.11931818181818182,0.06060606060606061,0.0625,1.0,1.0,1.0,1.0,2.3961993470957363,2.3961993470957363,2.3961993470957363,0.0,0.0,0.0,0.0,1.0,0.996768335141563,-12.0,0.0,1.0,2.6893088591236203,1.0,0.003541693999977724,0.001698059000034391,0.0007316219999893292,0.004869016999975884
04276362.qasm,3,33.0,10.0,0.0,21.0,10.0,3.0,0.0,2.0,0.6666666666666666,2.0,1.0,5.0,0.6,0.9709505944546686,6.0,5.0,1.0,6.0,5.0,1.0,1.0,0.30303030303030304,0.6825396825396826,0.2857142857142857,0.6666666666666666,1.0,1.0,1.0,1.0,1.9084850188786497,1.9084850188786497,1.9084850188786497,0.0,0.0,0.0,0.0,0.0,1.0,-12.0,0.0,1.0,1.9084850188786497,1.0,0.0007514399999877241,0.000760799000033785,0.00017086600001903207,0.0010972159999482756
0491d461.qasm,16,4400.0,720.0,0.0,500.0,126.0,0.0,0.0,23.0,0.19166666666666668,4.0,1.0,31.304347826086957,0.05,4.508694969562843,144.0,105.6,2.2,216.0,137.4,2.8625,0.175,0.16363636363636364,0.64,0.52,0.19166666666666668,2.2,4.0,8.0,4.266666666666667,6.721912872518784,8.397169201060864,9.922793014276012,0.6,0.3333333333333333,0.0,0.6,3.2,3.8975443798783758,0.8965607534084831,0.44362745098039214,0.2263888888888889,7.590886676881308,1.0,0.06308363199997302,0.08297134700001152,0.0033689570000206004,0.615008242999977
0525d9ee.qasm,16,4400.0,720.0,0.0,500.0,126.0,0.0,0.0,23.0,0.19166666666666668,4.0,1.0,31.304347826086957,0.05,4.508694969562843,144.0,105.6,2.2,216.0,137.4,2.8625,0.175,0.16363636363636364,0.64,0.52,0.19166666666666668,2.2,4.0,8.0,4.266666666666667,6.721912872518784,8.397169201060864,9.922793014276012,0.6,0.3333333333333333,0.0,0.6,3.2,3.884112183748312,0.9173761499594202,0.44362745098039214,0.2263888888888889,7.590886676881308,1.0,0.060219507999988764,0.05761886300001606,0.0033128919999967366,0.6179922950000218
0534bf07.qasm,256,6867916.0,2292324.0,1518.0,,,256.0,0.0,18002.0,0.551531862745098,255.0,1.0,127.33718475724919,0.004059635548901464,12.336948931818807,706974.0,443915.2,49.38149057463081,1015836.0,624963.5058823529,69.52145246483481,,0.3337728650146566,,,0.551531862745098,77.22047271403055,255.0,128.0,64.25098039215686,10.260928331442553,12.067015308493447,14.776051521543355,0.9764705882352941,0.9607843137254902,0.9372549019607843,0.0,0.4980392156862745,1.0,-12.0,0.0,1.0,5.415882743235863,0.0008266666666666666,3.0413482019999947,0.7673623020000377,0.27636251699993863,1.0649721900000486
055dc894.qasm,56,3116.0,1940.0,0.0,110.0,89.0,0.0,0.0,97.0,0.06298701298701298,4.0,1.0,20.0,0.010309278350515464,6.599912842187142,160.0,142.1818181818182,4.030927835051546,260.0,178.54545454545453,5.061855670103093,0.04587628865979381,0.6225930680359435,0.8207792207792208,0.4968595041322314,0.06298701298701298,4.030927835051546,7.0,28.0,14.254545454545454,7.498043456394878,9.29887976549527,11.95371218365709,0.8909090909090909,0.8181818181818182,0.7090909090909091,0.8909090909090909,3.7818181818181817,2.1543867101960283,0.5529925239331843,0.7858527131782945,0.002577319587628866,7.925511805560494,0.2217586649550706,0.04850693800000272,0.04664796800000204,0.007778947000019798,1.2461414279999872
056c2b99.qasm,12,3300.0,540.0,0.0,499.0,126.0,0.0,0.0,17.0,0.25757575757575757,4.0,1.0,31.764705882352942,0.06666666666666667,4.072905595320056,144.0,108.0,2.2,162.0,121.0909090909091,2.466666666666667,0.23333333333333334,0.16363636363636364,0.6412825651302605,0.5102933139005283,0.25757575757575757,2.2,4.0,6.0,3.272727272727273,6.59585155857729,8.118847410925092,8.118847410925092,0.45454545454545453,0.09090909090909091,0.0,0.45454545454545453,2.909090909090909,3.8740610144826446,0.7045413380201873,0.28540305010893247,0.2574074074074074,7.318174086812267,1.0,0.04461922699999832,0.043709344000035344,0.002797184999963065,0.3675921920000178
058c7d32.qasm,16,2016.0,384.0,0.0,172.0,48.0,16.0,0.0,16.0,0.13333333333333333,2.0,1.0,24.0,0.0625,4.0,48.0,48.0,1.875,48.0,48.0,1.875,0.125,0.19047619047619047,0.872093023255814,0.7147286821705426,0.13333333333333333,1.875,15.0,8.0,4.266666666666667,6.35793046593753,8.082720964335282,9.807200688629726,0.6,0.3333333333333333,0.0,0.6,3.2,1.871811518983726,-2.451844770362907,0.11647727272727272,0.9791666666666666,6.676681997806645,1.0,0.035041818000024705,0.03148065800002087,0.002999757999987196,0.15702239099999815
067475b0.qasm,32,9268.0,1521.0,0.0,501.0,126.0,0.0,0.0,50.0,0.10080645161290322,4.0,1.0,30.42,0.023668639053254437,5.620570634187001,189.0,145.16129032258064,2.9585798816568047,270.0,159.38709677419354,3.2485207100591715,0.08284023668639054,0.1641130772550712,0.6729665668662674,0.5644839353550962,0.10080645161290322,2.9585798816568047,7.0,16.0,8.258064516129032,7.2464142988079985,8.992740902199253,11.636295798256512,0.8064516129032258,0.6774193548387096,0.4838709677419355,0.8064516129032258,3.6129032258064515,3.927588976604868,0.9872527943093288,0.5071102082275266,0.1663379355687048,7.86633319461528,0.5099266292619767,0.11645336899999847,0.1046473170000013,0.006065389000013965,0.9259113599999864
06857ab2.qasm,30,70628.0,19751.0,0.0,17810.0,7127.0,0.0,0.0,435.0,1.0,29.0,1.0,45.40459770114943,0.00496177408738798,8.699452583926194,10261.0,7068.896551724138,10.379120044554707,10261.0,7068.896551724138,10.379120044554707,0.350362006986988,0.2796482981253894,0.16915403331461726,0.10226335456640012,1.0,10.379120044554707,29.0,15.0,7.758620689655173,8.922336035737436,10.723927958742296,13.416932445636402,0.7931034482758621,0.6551724137931034,0.4482758620689655,0.7586206896551724,3.5172413793103448,4.0,1.2441323123016381,0.1533437826541275,0.0026834084350159486,7.90419282811489,0.011057937361952767,0.8859298880000779,0.543537979000007,0.08973320799998419,1.2226908799999592
06a7dabf.qasm,41,12107.0,1989.0,0.0,501.0,126.0,0.0,0.0,65.0,0.07926829268292683,4.0,1.0,30.6,0.01809954751131222,6.000973656353442,216.0,161.55,3.248868778280543,279.0,175.05,3.520361990950226,0.06334841628959276,0.16428512430825143,0.686237281534492,0.5791417165668663,0.07926829268292683,3.248868778280543,8.0,20.0,10.5,7.399939978290751,9.180864032609222,11.831790934390213,0.85,0.75,0.6,0.825,3.675,3.919377225552804,0.9463034405972399,0.475615763546798,0.146807440925088,7.857976035889473,0.4365243247707938,0.18425847299999987,0.15977523699996254,0.009108136000008926,0.9949381400000448
06e45cf2.qasm,16,4088.0,666.0,0.0,500.0,126.0,0.0,0.0,23.0,0.19166666666666668,4.0,1.0,28.956521739130434,0.05405405405405406,4.492444581494333,135.0,98.4,2.2162162162162162,207.0,127.8,2.8783783783783785,0.1891891891891892,0.16291585127201566,0.59425,0.4784,0.19166666666666668,2.2162162162162162,4.0,8.0,4.266666666666667,6.690562593955904,8.356459600198265,9.882086554315809,0.6,0.3333333333333333,0.0,0.6,3.2,3.8815855860713886,0.8038194015641362,0.4273840769903762,0.2042042042042042,7.545741057977406,1.0,0.05407374100002471,0.05056829000000107,0.0030924850000246806,0.6094927759999678
0732491c.qasm,64,82976.0,41952.0,0.0,,,64.0,0.0,1776.0,0.8809523809523809,63.0,1.0,23.62162162162162,0.0007627765064836003,10.451036257026143,32768.0,18897.777777777777,28.37909992372235,25088.0,18532.06349206349,27.829900839054158,,0.5055919784033938,,,0.8809523809523809,,,,,,,,,,,,,,,,,,,0.8222635859999627,0.2883625240000356,7.891999985076836e-06,4.120999960832705e-06
07fc5b22.qasm,16,4400.0,720.0,0.0,500.0,126.0,0.0,0.0,23.0,0.19166666666666668,4.0,1.0,31.304347826086957,0.05,4.508694969562843,144.0,105.6,2.2,216.0,137.4,2.8625,0.175,0.16363636363636364,0.64,0.52,0.19166666666666668,2.2,4.0,8.0,4.266666666666667,6.721912872518784,8.397169201060864,9.922793014276012,0.6,0.3333333333333333,0.0,0.6,3.2,3.8941973344644647,0.9094577900063405,0.44362745098039214,0.2263888888888889,7.590886676881308,1.0,0.060064323999995395,0.05871404300000904,0.0036363269999810655,0.6263829540000074
08239e90.qasm,68,154691.0,56376.0,0.0,,,0.0,0.0,388.0,0.17032484635645304,37.0,1.0,145.29896907216494,0.00908187881367958,7.744281696192752,50860.0,27964.582089552237,33.23447921101178,25225.0,10811.970149253732,12.849474953881083,,0.3644426631155012,,,0.17032484635645304,33.372685714285716,62.0,34.0,17.253731343283583,9.378505806449757,11.184278833051,13.89323524794427,0.9104477611940298,0.8507462686567164,0.7611940298507462,0.08955223880597014,1.5372978203934073,2.9391131627736593,-5.190129822870209,0.08894849785407725,0.007542857142857143,7.632467668560624,0.04788344326626033,0.20179053900005783,0.6946035919999076,0.07707480400006261,1.2398131329999842
0885b672.qasm,39,11869.0,1953.0,0.0,501.0,126.0,0.0,0.0,62.0,0.08367071524966262,4.0,1.0,31.5,0.018433179723502304,5.939424446421127,225.0,167.21052631578948,3.2534562211981566,378.0,219.07894736842104,4.2626728110599075,0.06451612903225806,0.16454629707641755,0.7074057014176774,0.5971215463809224,0.08367071524966262,3.2534562211981566,8.0,19.0,10.0,7.396629748069891,9.176103345302934,11.81620818663357,0.8421052631578947,0.7368421052631579,0.5789473684210527,0.8421052631578947,3.6842105263157894,3.905342661757238,0.9591108735231699,0.5154274152756702,0.15412186379928317,7.85973919604366,0.4422445024854663,0.17681359599998814,0.2471697709999603,0.008790645000033237,1.0467745349999973
0a0f4c36.qasm,32,408.0,376.0,0.0,78.0,75.0,32.0,0.0,256.0,0.5161290322580645,31.0,1.0,1.46875,0.005319148936170213,7.916290979337235,235.0,136.0,11.212765957446809,225.0,120.35483870967742,9.922872340425531,0.19946808510638298,0.9215686274509803,0.3141025641025641,0.13647642679900746,0.5161290322580645,11.212765957446809,31.0,16.0,8.258064516129032,7.232257563113894,9.030902704828183,11.716662819634152,0.8064516129032258,0.6774193548387096,0.4838709677419355,0.0,0.0,0.0,-12.0,0.0,1.0,4.809216183165741,1.0,0.011084741999979997,0.004238085999986652,0.0018659020000200144,0.5373544469999842
0b0e43d6.qasm,45,13467.0,2214.0,0.0,501.0,126.0,0.0,0.0,72.0,0.07272727272727272,4.0,1.0,30.75,0.016260162601626018,6.14911633429093,243.0,168.13636363636363,3.341463414634146,315.0,212.52272727272728,4.223577235772358,0.056910569105691054,0.16440187124081088,0.695542248835662,0.5881872618399565,0.07272727272727272,3.341463414634146,9.0,22.0,11.5,7.459812961687268,9.241957151112375,11.896301018168153,0.8636363636363636,0.7727272727272727,0.6363636363636364,0.8636363636363636,3.727272727272727,3.9436436994177604,0.90936194140881,0.4589762429586089,0.14814814814814814,7.857197802033545,0.36726813692730376,0.19427824300009888,0.17523115500000586,0.01530630199999905,1.097664340999927
0b325fdd.qasm,100,466533.0,172710.0,0.0,,,0.0,0.0,666.0,0.13454545454545455,53.0,1.0,259.3243243243243,0.005929013954026982,8.396746432258155,163084.0,86363.53535353535,49.50489259452261,81320.0,35672.67676767677,20.448121127902265,,0.37019889268283274,,,0.13454545454545455,47.68643570170288,93.0,50.0,25.252525252525253,9.52194354607454,11.328072806369992,14.037327358472847,0.9393939393939394,0.898989898989899,0.8383838383838383,0.13131313131313133,1.0831193807120796,2.8468447587812955,-1.772870356354793,0.10108883939618907,0.009512624779800352,7.71608679532335,0.027655549615495333,0.5753576700000167,0.687208059999989,0.08230073700008234,1.0407892790000233
0bde3200.qasm,8,27.0,0.0,0.0,,,16.0,0.0,0.0,0.0,0.0,8.0,0.0,0.0,0.0,0.0,0.0,0.0,0.0,0.0,0.0,,0.0,,,0.0,0.0,0.0,0.0,0.0,0.0,0.0,0.0,0.0,0.0,0.0,0.0,0.0,0.0,-12.0,0.0,1.0,0.0,1.0,0.0005448310000133461,0.00016357699996660813,7.659700003159742e-05,0.00011293199997908232
0c0ce4a1.qasm,12,3300.0,540.0,0.0,499.0,126.0,0.0,0.0,17.0,0.25757575757575757,4.0,1.0,31.764705882352942,0.06666666666666667,4.072905595320056,144.0,108.0,2.2,162.0,121.0909090909091,2.466666666666667,0.23333333333333334,0.16363636363636364,0.6412825651302605,0.5102933139005283,0.25757575757575757,2.2,4.0,6.0,3.272727272727273,6.59585155857729,8.118847410925092,8.118847410925092,0.45454545454545453,0.09090909090909091,0.0,0.45454545454545453,2.909090909090909,3.8513374312937607,0.6927967926436952,0.28540305010893247,0.2574074074074074,7.318174086812267,1.0,0.03966693399996757,0.03662810800000216,0.00227652199998829,0.3717809940000052
0c676248.qasm,256,256.0,255.0,0.0,256.0,255.0,256.0,0.0,255.0,0.0078125,2.0,1.0,1.0,0.00392156862745098,7.994353436858871,1.0,1.0,1.0,1.0,1.0,1.0,1.0,0.99609375,0.0077972412109375,0.0,0.0078125,1.0,1.0,1.0,1.0,3.3098430047160705,3.3098430047160705,3.3098430047160705,0.0,0.0,0.0,0.0,1.0,1.0,-12.0,0.0,1.0,3.609914410085998,1.0,0.0056365019999589094,0.0020609790000207795,0.0012996450000173354,0.029649296999991748
0cc92082.qasm,13,3148.0,762.0,0.0,2447.0,762.0,1.0,0.0,22.0,0.28205128205128205,12.0,1.0,34.63636363636363,0.12860892388451445,4.008500075567537,642.0,314.0833333333333,4.946194225721785,536.0,272.0833333333333,4.284776902887139,1.0,0.2420584498094028,0.12291345760900317,0.023872769377469016,0.28205128205128205,4.946194225721785,12.0,6.0,3.5,7.12678294470512,8.823245545532604,8.823245545532604,0.5,0.16666666666666666,0.0,0.0,1.561549474568568,2.305300831658273,-12.0,0.0,1.0,6.179241757415794,1.0,0.10459043399998791,0.07135868699998582,0.003930744000001596,0.5254742870000086
0cd81bd7.qasm,36,10940.0,1800.0,0.0,501.0,126.0,0.0,0.0,57.0,0.09047619047619047,4.0,1.0,31.57894736842105,0.02,5.818171939471842,225.0,160.97142857142856,3.13,405.0,241.45714285714286,4.695,0.07,0.16453382084095064,0.7063650476824129,0.5953236384374109,0.09047619047619047,3.13,7.0,18.0,9.257142857142858,7.343176770347022,9.104357806489995,11.760386356118078,0.8285714285714286,0.7142857142857143,0.5428571428571428,0.8285714285714286,3.657142857142857,3.9330427766619143,1.0232973338507216,0.5358790363915941,0.15222222222222223,7.865819733397112,0.4556672760511883,0.17792930500002058,0.13149392299999363,0.007308695000006082,0.9400504239999918
0d08bd43.qasm,48,2982721.0,786727.0,0.0,,,0.0,0.0,699.0,0.6196808510638298,38.0,1.0,1125.5035765379114,0.015677611166262248,9.330436917995,407849.0,212894.04255319148,12.718541501689913,380350.0,204195.40425531915,12.19887457783958,,0.26376151172033857,,,0.6196808510638298,12.835908689159124,45.0,24.0,12.25531914893617,9.23569154561776,11.04085043589781,13.74662632477077,0.8723404255319149,0.7872340425531915,0.6595744680851063,0.6595744680851063,2.9746245728097365,3.9574229936527594,0.7474394292011841,0.38103802672147996,0.001341013684435098,7.8996763901120195,0.006202591017160232,2.970797795000067,1.627611096999999,0.3008850699999357,1.1324965490000523
0d094263.qasm,8,16.0,8.0,0.0,6.0,5.0,8.0,0.0,8.0,0.2857142857142857,2.0,1.0,1.0,0.125,3.0,4.0,2.857142857142857,2.5,2.0,2.0,1.75,0.625,0.5,0.5,0.23809523809523808,0.2857142857142857,2.5,5.0,4.0,2.142857142857143,4.370272467849528,4.370272467849528,4.370272467849528,0.14285714285714285,0.0,0.0,0.0,2.0,3.0,-12.0,0.0,1.0,3.5631249603380444,1.0,0.0011321119999934126,0.00017270000000735308,0.00019770000000107757,0.0034948670000289894
0d6f51b4.qasm,16,22.0,7.0,0.0,9.0,7.0,15.0,0.0,7.0,0.058333333333333334,7.0,9.0,1.0,0.14285714285714285,2.807354922057604,7.0,3.7333333333333334,8.0,6.0,1.4666666666666666,3.142857142857143,1.0,0.3181818181818182,0.2013888888888889,0.09629629629629631,0.058333333333333334,8.0,14.0,5.0,2.6666666666666665,5.182440332689332,5.743209417599055,5.743209417599055,0.3333333333333333,0.0,0.0,0.0,0.0,0.0,-12.0,0.0,1.0,2.924795995797912,1.0,0.0028665739999951256,0.0004408149999903799,0.0009703709999939747,0.009362995000003593
0e8ddfa3.qasm,24,6808.0,1116.0,0.0,501.0,126.0,0.0,0.0,37.0,0.13405797101449277,4.0,1.0,30.16216216216216,0.03225806451612903,5.183325543943792,189.0,140.8695652173913,2.903225806451613,306.0,200.7391304347826,4.137096774193548,0.11290322580645161,0.16392479435957696,0.6590153027278776,0.5473401024038879,0.13405797101449277,2.903225806451613,6.0,12.0,6.260869565217392,7.088332345455686,8.848241934460873,11.355565914480747,0.7391304347826086,0.5652173913043478,0.30434782608695654,0.7391304347826086,3.4782608695652173,3.9273983731087725,1.008988238989114,0.5448113207547169,0.1863799283154122,7.868163974665244,0.7287015276145711,0.09205184799998278,0.08381758100000525,0.00496660799996107,1.101545394000027
0ee54ab9.qasm,18,783.0,306.0,0.0,133.0,66.0,18.0,0.0,153.0,1.0,17.0,1.0,2.0,0.006535947712418301,7.257387842692632,162.0,114.0,6.333333333333333,162.0,114.0,6.333333333333333,0.21568627450980393,0.39080459770114945,0.4548872180451128,0.2874834144183989,1.0,6.333333333333333,17.0,9.0,4.764705882352941,6.889025515490676,8.669275797340891,11.280021339144655,0.6470588235294118,0.4117647058823529,0.058823529411764705,0.0,0.0,0.0,-12.0,0.0,1.0,4.455773409227347,1.0,0.011544276999984504,0.008115293999992446,0.0015492070000391323,0.21401974499997323
0f6ae53c.qasm,64,871.0,499.0,0.0,841.0,469.0,64.0,0.0,94.0,0.04662698412698413,63.0,1.0,5.308510638297872,0.02004008016032064,6.298856682588994,403.0,151.11111111111111,19.07815631262525,403.0,193.9206349206349,24.482965931863728,0.9398797595190381,0.5729047072330654,0.02545332936979786,0.0005662193533775002,0.04662698412698413,19.07815631262525,32.0,32.0,16.253968253968253,7.5868054434769805,9.39002782225347,12.094822684103917,0.9047619047619048,0.8412698412698413,0.746031746031746,0.0,0.0,0.0,-12.0,0.0,1.0,5.120392937462075,0.9265212399540758,0.00997564700003295,0.003724954999995589,0.003013917999965088,1.009663068000009
10761caa.qasm,24,7120.0,1170.0,0.0,501.0,126.0,0.0,0.0,37.0,0.13405797101449277,4.0,1.0,31.62162162162162,0.03076923076923077,5.1947680050365905,198.0,147.1304347826087,2.8923076923076922,315.0,209.7391304347826,4.123076923076923,0.1076923076923077,0.16432584269662923,0.6894544244843646,0.5744163846220602,0.13405797101449277,2.8923076923076922,6.0,12.0,6.260869565217392,7.109376335248357,8.86794268713831,11.384922215273296,0.7391304347826086,0.5652173913043478,0.30434782608695654,0.7391304347826086,3.4782608695652173,3.912376074675235,0.9941239371968607,0.5648,0.18547008547008548,7.87039571681935,0.6814606741573034,0.10683420600003046,0.10714301999996678,0.008262878000039109,0.8858803349999675
10ea3498.qasm,140,352.0,72.0,0.0,75.0,72.0,139.0,0.0,72.0,0.0073997944501541625,72.0,68.0,1.0,0.013888888888888888,6.1699250014423175,72.0,36.589928057553955,70.63888888888889,71.0,18.39568345323741,35.513888888888886,1.0,0.20454545454545456,0.04038095238095238,0.02657074340527578,0.0073997944501541625,70.63888888888889,139.0,49.0,23.8705035971223,7.283665182318324,9.06383079908353,11.73205211181449,0.9496402877697842,0.8920863309352518,0.841726618705036,0.0,0.0,0.0,-12.0,0.0,1.0,4.907416735673032,1.0,0.005510478000019248,0.0020054139999956533,0.0006230259999711052,0.5788596350000148
1154e9d9.qasm,25,65992345.0,25618656.0,0.0,,,25.0,0.0,131.0,0.43666666666666665,16.0,1.0,195562.25954198473,0.034145116746171225,6.579223254311733,10522752.0,5213404.0,4.884007029876977,10651392.0,5678652.0,5.319859402460457,,0.38820648061528956,,,0.43666666666666665,4.925382872055491,13.0,12.0,6.5,9.066205905199155,10.856128863190367,13.513308386526854,0.75,0.5833333333333334,0.3333333333333333,0.75,3.5,4.000000000000001,0.9201479399183524,0.7506443298969072,0.0002231989561156514,7.925111016129212,0.0044,0.4133739519999722,0.34007036500003096,0.296464708999963,1.0028260590000286
12157215.qasm,54,1159524.0,332020.0,0.0,,,0.0,0.0,1431.0,1.0,53.0,1.0,232.01956673654786,0.0010662008312752244,10.46732091258839,168929.0,114380.7358490566,18.258475393048613,168929.0,114380.7358490566,18.258475393048613,,0.28634163674059354,,,1.0,18.258362775313838,53.0,27.0,13.754716981132075,9.47457815760145,11.280183738002886,13.986574660751067,0.8867924528301887,0.8113207547169812,0.6981132075471698,0.660377358490566,3.2452830188679247,4.0,0.9684619342223921,0.06742308531529566,0.0022050164123380693,7.876384694275319,0.004256080114449213,1.2886610280000923,1.1352494120000074,0.1755943439999328,0.978745596000067
125f60d7.qasm,24,2306072.0,1538240.0,0.0,,,24.0,0.0,233.0,0.8442028985507246,22.0,1.0,6601.888412017167,0.04799251092157271,5.14500643152328,140624.0,96448.0,1.4421052631578948,140624.0,96448.0,1.4421052631578948,,0.6670390169951328,,,0.8442028985507246,1.4037228218363835,11.0,12.0,3.869565217391304,8.595555582737878,10.328316147624909,12.827176342322364,0.43478260869565216,0.34782608695652173,0.21739130434782608,0.08695652173913043,0.8695652173913043,3.722265711602245,-12.0,0.0,1.0,7.37555404821524,0.0985493329675229,2.165100808000034,1.2480063780000137,0.27841862499997205,1.349025021999978
138d2c7b.qasm,39,11557.0,1899.0,0.0,501.0,126.0,0.0,0.0,62.0,0.08367071524966262,4.0,1.0,30.629032258064516,0.018957345971563982,5.932466427725821,216.0,159.1578947368421,3.184834123222749,369.0,188.52631578947367,3.772511848341232,0.06635071090047394,0.16431599896166826,0.6886739341829162,0.5807332703015022,0.08367071524966262,3.184834123222749,8.0,19.0,10.0,7.373498438072787,9.142251436476561,11.799959194285087,0.8421052631578947,0.7368421052631579,0.5789473684210527,0.8421052631578947,3.6842105263157894,3.911095309913272,0.9431280870289247,0.5073158425832492,0.14902580305423907,7.860205008233143,0.44345418361166394,0.1533715260000008,0.14194645099996706,0.009478417000025274,1.0564973599999803
13b8e3f8.qasm,28,8220.0,1350.0,0.0,501.0,126.0,0.0,0.0,43.0,0.11375661375661375,4.0,1.0,31.3953488372093,0.02666666666666667,5.411435190178571,198.0,140.0,2.8,279.0,159.66666666666666,3.1933333333333334,0.09333333333333334,0.16423357664233576,0.6822070145423439,0.5706365047682412,0.11375661375661375,2.8,6.0,14.0,7.2592592592592595,7.150726268389979,8.912264423427496,11.51865771401333,0.7777777777777778,0.6296296296296297,0.4074074074074074,0.7777777777777778,3.5555555555555554,3.9136364816501885,1.0080994434794213,0.5715427657873701,0.17407407407407408,7.873093901401696,0.5501216545012165,0.13233439499998667,0.12998055100001693,0.006197735999990073,1.1103633479999644
13eb49aa.qasm,25,38.0,0.0,12.0,14.0,0.0,1.0,0.0,0.0,0.0,0.0,25.0,0.0,0.0,0.0,0.0,0.0,0.0,0.0,0.0,0.0,0.0,0.0,0.17714285714285713,0.07142857142857144,0.0,12.25,24.0,12.0,6.5,6.665304849539446,8.454860928607074,11.132113812142123,0.75,0.5833333333333334,0.3333333333333333,0.0,1.0,1.4734195330146462,-12.0,0.0,1.0,5.372118138344483,1.0,0.0019652409999935117,0.0010040249999860862,0.0011700890000270192,0.16568924000000607
14019fed.qasm,128,16759.0,16254.0,0.0,759.0,754.0,1.0,0.0,8127.0,0.999876968503937,127.0,1.0,2.0,0.0002460932693490833,12.98075524093949,8253.0,5501.503937007874,42.985788113695094,8253.0,5501.503937007874,42.985788113695094,0.0463885812723022,0.9698669371680888,0.3398077239789196,0.16598715674374695,0.999876968503937,42.985788113695094,126.0,64.0,32.25196850393701,9.456617043679264,11.262728354232234,13.971770464301397,0.952755905511811,0.9212598425196851,0.8740157480314961,0.0,0.0,0.0,-12.0,0.0,1.0,5.124663958440737,0.01628975475863715,0.2586919289999514,0.21125658599999042,0.07276559299998553,0.8264284520000729
149b1e7c.qasm,88,4131.0,1334.0,0.0,2562.0,810.0,0.0,0.0,314.0,0.08202716823406478,43.0,5.0,4.248407643312102,0.14392803598200898,6.6680936066946925,886.0,297.4022988505747,19.395802098950526,686.0,181.79310344827587,11.85607196401799,0.6064467766116941,0.32292423142096344,0.024239762969271165,0.0070392204366200965,0.08202716823406478,19.395802098950526,81.0,44.0,22.20689655172414,8.022055010317901,9.822396048785794,12.508953280216764,0.9310344827586207,0.8850574712643678,0.8160919540229885,0.0,2.1533503230292093,0.5799501037562963,-12.0,0.0,1.0,6.8521568974592055,0.4885015734688937,0.058235346000003574,0.08490831099999241,0.005774947000020347,1.3231334319999632
15434610.qasm,39,11557.0,1899.0,0.0,501.0,126.0,0.0,0.0,62.0,0.08367071524966262,4.0,1.0,30.629032258064516,0.018957345971563982,5.932466427725821,216.0,159.1578947368421,3.184834123222749,369.0,188.52631578947367,3.772511848341232,0.06635071090047394,0.16431599896166826,0.6886739341829162,0.5807332703015022,0.08367071524966262,3.184834123222749,8.0,19.0,10.0,7.373498438072787,9.142251436476561,11.799959194285087,0.8421052631578947,0.7368421052631579,0.5789473684210527,0.8421052631578947,3.6842105263157894,3.9544898448144186,1.0104020007501961,0.5035317860746721,0.14902580305423907,7.860427378174173,0.44345418361166394,0.14553319300000567,0.1326965100000166,0.00800412299997788,0.9903039200000308
159b3481.qasm,16,4088.0,666.0,0.0,500.0,126.0,0.0,0.0,23.0,0.19166666666666668,4.0,1.0,28.956521739130434,0.05405405405405406,4.492444581494333,135.0,98.4,2.2162162162162162,207.0,127.8,2.8783783783783785,0.1891891891891892,0.16291585127201566,0.59425,0.4784,0.19166666666666668,2.2162162162162162,4.0,8.0,4.266666666666667,6.690562593955904,8.356459600198265,9.882086554315809,0.6,0.3333333333333333,0.0,0.6,3.2,3.9004239120884057,0.8233325420924498,0.42650918635170604,0.2042042042042042,7.546035241989691,1.0,0.057705636000036975,0.05617496999997229,0.005344590999982302,0.5903554910000253
15c28669.qasm,32,10512.0,5360.0,0.0,,,32.0,0.0,440.0,0.8870967741935484,31.0,1.0,12.181818181818182,0.0029850746268656717,8.522345643554189,4096.0,2422.1935483870966,14.008955223880598,3200.0,2335.483870967742,13.507462686567164,,0.5098934550989346,,,0.8870967741935484,14.008955223880598,31.0,16.0,8.258064516129032,8.487599745747683,10.293346762482393,12.998378842739692,0.8064516129032258,0.6774193548387096,0.4838709677419355,0.0,0.0,0.0,-12.0,0.0,1.0,5.116770407937754,0.1387937595129376,0.10239261899999974,0.13204664899996033,0.029836306000049717,1.0562610479999535
1619b169.qasm,16,1352.0,696.0,0.0,982.0,551.0,16.0,0.0,108.0,0.9,15.0,1.0,6.444444444444445,0.011494252873563218,6.603863036078615,512.0,318.4,6.862068965517241,416.0,299.2,6.448275862068965,0.7916666666666666,0.514792899408284,0.13034623217922606,0.025118805159538363,0.9,6.862068965517241,15.0,8.0,4.266666666666667,7.2872055091230274,9.07081018706497,10.837466093435387,0.6,0.3333333333333333,0.0,0.0,0.0,0.0,-12.0,0.0,1.0,4.850333724766305,1.0,0.02002255799999375,0.018420282000022326,0.003640706999988197,0.6856476030000067
166e9d3a.qasm,16,982.0,344.0,210.0,860.0,334.0,16.0,0.0,50.0,0.4166666666666667,11.0,1.0,6.88,0.05232558139534884,5.348996872900694,272.0,125.73333333333333,5.482558139534884,202.0,90.8,3.9593023255813953,0.9709302325581395,0.35030549898167007,0.12688953488372093,0.009457364341085276,0.4166666666666667,5.22568578553616,12.0,8.0,4.266666666666667,7.530459543778385,9.262707615306335,10.941772499939853,0.6,0.3333333333333333,0.0,0.0,0.0,0.0,-12.0,0.0,1.0,5.083792769197373,1.0,0.021345710999980838,0.008218763000002127,0.00816457299998774,0.9735715160000495
1688d759.qasm,53,15823.0,2601.0,0.0,503.0,126.0,0.0,0.0,86.0,0.062409288824383166,4.0,1.0,30.24418604651163,0.01384083044982699,6.395702498810231,270.0,182.59615384615384,3.6505190311418687,459.0,273.11538461538464,5.460207612456747,0.04844290657439446,0.1643809644188839,0.6910986908736262,0.5857164704083193,0.062409288824383166,3.6505190311418687,10.0,26.0,13.5,7.577468924094197,9.369112432712935,12.0413647681753,0.8846153846153846,0.8076923076923077,0.6923076923076923,0.8846153846153846,3.769230769230769,3.9203181181175792,0.84620590798603,0.31312127236580517,0.03498654363706267,7.827356819222486,0.258547683751501,0.22063365400003931,0.19937169399997856,0.01086304399996152,1.0908374589999994
16ff70bb.qasm,49,15295.0,2520.0,0.0,502.0,126.0,0.0,0.0,80.0,0.06802721088435375,4.0,1.0,31.5,0.014285714285714285,6.307156230921614,252.0,180.1875,3.432142857142857,387.0,251.625,4.792857142857143,0.05,0.16475972540045766,0.7242458736482641,0.6139193227091634,0.06802721088435375,3.432142857142857,9.0,24.0,12.5,7.533328859570887,9.312625009611704,11.985580744519561,0.875,0.7916666666666666,0.6666666666666666,0.7916666666666666,3.5208333333333335,3.8904985178973677,0.9682446321840781,0.5003638127577007,0.15515873015873016,7.863589452938964,0.2595619483491337,0.20390152499999203,0.22041822300002423,0.010952539999948385,1.123111907000066
17253376.qasm,53,13689.0,2250.0,0.0,432.0,108.0,0.0,0.0,86.0,0.062409288824383166,4.0,1.0,26.162790697674417,0.012,6.415239833978443,261.0,177.23076923076923,4.096,396.0,232.6153846153846,5.376,0.048,0.16436554898093358,0.6961477987421384,0.5901442307692307,0.062409288824383166,4.096,10.0,26.0,13.5,7.565763040364966,9.358350495097703,12.032068625946428,0.8846153846153846,0.8076923076923077,0.6923076923076923,0.8846153846153846,3.769230769230769,3.9203181181175792,0.84620590798603,0.31312127236580517,0.04044444444444444,7.827356819222486,0.2988530937248886,0.17347537299997384,0.18097061200001008,0.01039904500009925,1.1900321469998971
173d4b8b.qasm,8,,,,,,,,,,,,,,,,,,,,,,,,,,0.0,0.0,0.0,0.0,0.0,0.0,0.0,0.0,0.0,0.0,0.0,0.0,0.0,-12.0,0.0,1.0,0.0,1.0,8.780000001706867e-05,0.00045796099999506623,7.259099999146201e-05,0.00016977799998585397
175f2997.qasm,36,10628.0,1746.0,0.0,501.0,126.0,0.0,0.0,57.0,0.09047619047619047,4.0,1.0,30.63157894736842,0.020618556701030927,5.8105476356893035,216.0,156.34285714285716,3.134020618556701,396.0,234.25714285714287,4.695876288659794,0.07216494845360824,0.16428302596913813,0.6860722998447549,0.5775306529797548,0.09047619047619047,3.134020618556701,7.0,18.0,9.257142857142858,7.3306124683503775,9.09095385698606,11.746145551745371,0.8285714285714286,0.7142857142857143,0.5428571428571428,0.8285714285714286,3.657142857142857,3.899457099211242,0.9758156384012797,0.5262607786778155,0.14146620847651775,7.869273040298278,0.4474030861874294,0.14253086399997983,0.13909956999998485,0.008209757000031459,1.0898659650000013
17e5a14b.qasm,98,231853.0,85954.0,0.0,,,0.0,0.0,641.0,0.13486219229960025,51.0,1.0,134.09360374414976,0.005956674500314121,8.390166102785216,81478.0,42392.1030927835,47.83993764106383,40680.0,18184.01030927835,20.5208483607511,,0.3707262791510138,,,0.13486219229960025,46.92913431790322,91.0,49.0,24.75257731958763,9.517559030785959,11.323687776466704,14.03294217219674,0.9381443298969072,0.8969072164948454,0.8350515463917526,0.12371134020618557,1.0435960689741843,3.3771676887774054,-2.196727767641637,0.11512784985514549,0.009456540774035375,7.721981472769488,0.028187614783021397,0.27357249800002137,0.6180911159999596,0.06816798600004859,1.023101966000013
195099c8.qasm,256,6123.0,1530.0,0.0,3828.0,1530.0,256.0,0.0,255.0,0.0078125,2.0,1.0,6.0,0.00392156862745098,7.994353436858871,6.0,6.0,1.0,6.0,6.0,1.0,1.0,0.24987751102400785,0.0078094386755485894,0.002351097178683386,0.0078125,1.0,1.0,6.0,5.882352941176471,6.506521402698303,7.866707892887876,7.866707892887876,0.9764705882352941,0.9607843137254902,0.0,0.0,2.968173217721994,1.6838970371442508,-12.0,0.0,1.0,5.766592030982206,1.0,0.048034228000005896,0.0385965740000529,0.006589128999962668,0.13791017000005468
19550378.qasm,8,7224.0,2864.0,0.0,4748.0,2135.0,8.0,0.0,25.0,0.8928571428571429,7.0,1.0,114.56,0.09497206703910614,4.44724912866117,1376.0,912.0,2.2290502793296088,1248.0,957.7142857142857,2.340782122905028,0.7255586592178771,0.3964562569213732,0.2655855096882898,0.07449753279576364,0.8928571428571429,2.2290502793296088,6.0,4.0,2.2857142857142856,7.256601942725046,7.256601942725046,7.256601942725046,0.14285714285714285,0.0,0.0,0.0,0.8571428571428571,2.9170409552176326,-12.0,0.0,1.0,6.158162489631772,1.0,0.03234470400002465,0.020589759999950275,0.01200600800001439,0.7389575770000079
1959a985.qasm,56,3116.0,1940.0,0.0,110.0,89.0,0.0,0.0,97.0,0.06298701298701298,4.0,1.0,20.0,0.010309278350515464,6.599912842187142,160.0,142.1818181818182,4.030927835051546,260.0,178.54545454545453,5.061855670103093,0.04587628865979381,0.6225930680359435,0.8207792207792208,0.4968595041322314,0.06298701298701298,4.030927835051546,7.0,28.0,14.254545454545454,7.498043456394878,9.29887976549527,11.95371218365709,0.8909090909090909,0.8181818181818182,0.7090909090909091,0.8909090909090909,3.7818181818181817,3.6526754024976453,1.374235766321067,0.7858527131782945,0.002577319587628866,7.925511805560494,0.2217586649550706,0.049144392000016524,0.05291599099996347,0.007776905000014267,1.2204184029999965
19d587f3.qasm,32,221.0,93.0,0.0,39.0,35.0,32.0,0.0,31.0,0.0625,2.0,1.0,3.0,0.03225806451612903,4.954196310386877,3.0,3.0,1.0,3.0,3.0,1.0,0.3763440860215054,0.42081447963800905,0.2516025641025641,0.15053763440860216,0.0625,1.0,1.0,3.0,2.806451612903226,4.206529051682731,4.206529051682731,4.206529051682731,0.0,0.0,0.0,0.0,2.806451612903226,2.10703519877977,-12.0,0.0,1.0,4.50200354465664,1.0,0.0037068080000040027,0.003460999000026277,0.0005610160000060205,0.014650953999989724
1a554de5.qasm,45,689.0,306.0,378.0,461.0,36.0,9.0,0.0,18.0,0.01818181818181818,2.0,27.0,17.0,0.08823529411764706,3.9686657819177587,36.0,8.795454545454545,1.2647058823529411,27.0,6.954545454545454,1.0,0.761437908496732,0.444121915820029,0.0844058809351651,0.011240386511536188,0.01818181818181818,4.299533799533799,35.0,22.0,11.5,7.6378650318952115,9.434252492287426,12.121740769883322,0.8636363636363636,0.7727272727272727,0.6363636363636364,0.0,0.0,0.0,-12.0,0.0,1.0,5.100429136452303,0.7033940812573148,0.013451888000020062,0.008036870000012186,0.009436203000007026,0.9810764499999891
1aa22822.qasm,66,76035.0,27844.0,0.0,35270.0,13535.0,0.0,0.0,365.0,0.17016317016317017,35.0,1.0,76.28493150684932,0.009194081310156586,7.726153391094827,25375.0,13625.476923076923,31.807786237609537,12625.0,5547.6,12.950509984197673,0.4853469329119379,0.3661997764187545,0.0446250139615606,0.017781509672635278,0.17016317016317017,31.822559404523332,60.0,33.0,16.753846153846155,9.356880101589171,11.162505023311336,13.87139215795694,0.9076923076923077,0.8461538461538461,0.7538461538461538,0.09230769230769231,1.611503949324012,3.679260816170477,-7.576673828040871,0.058179187764803145,0.007787002576581735,7.623758822080202,0.02627779986191602,1.123664911999981,0.7023173919999408,0.08028673300009359,1.2139807859999792
1af5b336.qasm,20,5448.0,891.0,0.0,501.0,126.0,0.0,0.0,30.0,0.15789473684210525,4.0,1.0,29.7,0.04040404040404041,4.878616089448783,162.0,119.84210526315789,2.5555555555555554,243.0,170.05263157894737,3.6262626262626263,0.1414141414141414,0.16354625550660792,0.6326347305389222,0.5196974472108414,0.15789473684210525,2.5555555555555554,5.0,10.0,5.2631578947368425,6.934580101030249,8.618556362202524,11.111860477593869,0.6842105263157895,0.47368421052631576,0.15789473684210525,0.6842105263157895,3.3684210526315788,3.903745035152466,0.9565289002212456,0.5342615342615342,0.19640852974186307,7.842310178577498,1.0,0.075905487,0.06761339399997723,0.003989849999982198,1.0093311969999945
1b91945f.qasm,16,4088.0,666.0,0.0,500.0,126.0,0.0,0.0,23.0,0.19166666666666668,4.0,1.0,28.956521739130434,0.05405405405405406,4.492444581494333,135.0,98.4,2.2162162162162162,207.0,127.8,2.8783783783783785,0.1891891891891892,0.16291585127201566,0.59425,0.4784,0.19166666666666668,2.2162162162162162,4.0,8.0,4.266666666666667,6.690562593955904,8.356459600198265,9.882086554315809,0.6,0.3333333333333333,0.0,0.6,3.2,3.925427331970329,0.8151533061889141,0.42650918635170604,0.2042042042042042,7.545839141458218,1.0,0.07630570399999215,0.05276282200003379,0.0035996940000018185,0.6202647969999475
1cb3c32c.qasm,60,11580.0,3566.0,0.0,10144.0,3075.0,0.0,0.0,295.0,0.16666666666666666,34.0,1.0,12.08813559322034,0.2153673583847448,5.092997598053767,1986.0,357.2542372881356,5.910824453168817,1736.0,421.3220338983051,6.970835670218732,0.860347728547392,0.30794473229706393,0.02488498948475289,0.002399347698230229,0.16666666666666666,5.910824453168817,54.0,30.0,15.254237288135593,7.933109079484558,9.732702204029094,12.384023940263775,0.8983050847457628,0.8305084745762712,0.7288135593220338,0.03389830508474576,2.388923500787528,2.2311415411965916,-3.971857669339382,0.014264705882352941,0.1519910263600673,7.043428655154693,0.5449050086355786,0.19189304099995752,0.15650000200002978,0.015826973999992333,1.1047267049999618
1d1dc1d8.qasm,50,14998.0,2466.0,0.0,502.0,126.0,0.0,0.0,80.0,0.0653061224489796,4.0,1.0,30.825,0.014598540145985401,6.301698141038849,270.0,178.16326530612244,3.54014598540146,558.0,270.3673469387755,5.372262773722627,0.051094890510948905,0.1644219229230564,0.6957768924302788,0.5893162045694772,0.0653061224489796,3.54014598540146,9.0,25.0,12.755102040816327,7.5379704423550775,9.31788993521362,11.991836715857803,0.8775510204081632,0.7959183673469388,0.673469387755102,0.8163265306122449,3.5510204081632653,3.92861884131393,0.9424567423334717,0.4868995633187773,0.15004055150040552,7.867938609686373,0.2524336578210428,0.20936263300006885,0.18889643399995748,0.011328793999950904,0.997740881000027
1d4b1889.qasm,12,2988.0,486.0,0.0,464.0,117.0,0.0,0.0,17.0,0.25757575757575757,4.0,1.0,28.58823529411765,0.07407407407407407,4.050459724065178,135.0,98.18181818181819,2.2222222222222223,144.0,109.63636363636364,2.4814814814814814,0.24074074074074073,0.16265060240963855,0.6239224137931034,0.49451410658307204,0.25757575757575757,2.2222222222222223,4.0,6.0,3.272727272727273,6.554627845579415,8.083086762990792,8.083086762990792,0.45454545454545453,0.09090909090909091,0.0,0.45454545454545453,2.909090909090909,3.8244806530739948,0.5691773027590079,0.26881720430107525,0.205761316872428,7.2707999326971695,1.0,0.039686455999969894,0.03788324000004195,0.0023081659999775184,0.34203401700000313
1db5f683.qasm,49,14619.0,2403.0,0.0,502.0,126.0,0.0,0.0,78.0,0.0663265306122449,4.0,1.0,30.807692307692307,0.0149812734082397,6.2650382066524495,270.0,174.1875,3.4794007490636703,585.0,370.3125,7.397003745318352,0.052434456928838954,0.16437512825774678,0.6920074802829498,0.5858648738379814,0.0663265306122449,3.4794007490636703,9.0,24.0,12.5,7.518675848893539,9.297478582181872,11.96983841012934,0.875,0.7916666666666666,0.6666666666666666,0.8125,3.5416666666666665,3.8994911395322696,0.941481565400815,0.49433218334154755,0.14773200166458594,7.870067489442215,0.25466858198235176,0.19230099899994002,0.18897838800000955,0.01064118099998268,0.9897812510000676
1f1383d7.qasm,256,763.0,509.0,254.0,637.0,383.0,256.0,0.0,382.0,0.01170343137254902,4.0,1.0,1.3324607329842932,0.003929273084479371,8.492504164346876,255.0,128.49803921568628,64.37524557956777,3.0,2.988235294117647,1.4970530451866404,0.7524557956777996,0.6671035386631717,0.010915423861852434,0.000775694893341952,0.01170343137254902,80.08607968519429,128.0,128.0,64.25098039215686,8.823039462172302,10.62850277958782,13.336702499838688,0.9764705882352941,0.9607843137254902,0.9372549019607843,0.0,0.0,0.0,-12.0,0.0,1.0,5.128118049563945,0.05140078721926372,0.013033424000013838,0.006538621999993666,0.011981820000016796,1.101813094000022
1fd34b96.qasm,53,21131.0,3483.0,0.0,645.0,162.0,0.0,0.0,86.0,0.062409288824383166,4.0,1.0,40.5,0.012919896640826873,6.417340814540316,441.0,297.1730769230769,4.4366925064599485,612.0,355.15384615384613,5.3023255813953485,0.046511627906976744,0.1648289243291846,0.7200234020769344,0.6107930828861061,0.062409288824383166,4.4366925064599485,10.0,26.0,13.5,7.791433005815553,9.585154256421124,12.260986596686053,0.8846153846153846,0.8076923076923077,0.6923076923076923,0.8269230769230769,3.6538461538461537,3.9203181181175792,0.8389605039506041,0.33081210191082805,0.026126902095894345,7.844453273358721,0.10486962282901897,0.27990334300000086,0.29308089000005566,0.02729485800000475,1.1562776619999795
20448412.qasm,2,,,,,,,,,,,,,,,,,,,,,,,,,,1.0,1.0,1.0,1.0,3.3098430047160705,3.3098430047160705,3.3098430047160705,0.0,0.0,0.0,0.0,0.0,0.0,-12.0,0.0,1.0,3.3098430047160705,1.0,0.02949664599998414,0.1796243690000665,0.0021367580000060116,0.06088578200001393
2059c310.qasm,67,101.0,0.0,33.0,35.0,0.0,1.0,0.0,0.0,0.0,0.0,67.0,0.0,0.0,0.0,0.0,0.0,0.0,0.0,0.0,0.0,0.0,0.0,0.07121535181236674,0.02857142857142857,0.0,33.25,66.0,33.0,17.0,7.550461524936374,9.352392959229912,12.054510291306917,0.9090909090909091,0.8484848484848485,0.7575757575757576,0.0,1.4696969696969697,1.9998578109340022,-12.0,0.0,1.0,6.26755678859199,0.9523052464228935,0.001656593999996403,0.0013038160000178323,0.0012590199999635843,1.1909652699999924
2078a631.qasm,53,18009.0,2961.0,0.0,574.0,144.0,0.0,0.0,86.0,0.062409288824383166,4.0,1.0,34.43023255813954,0.0121580547112462,6.404496965224599,342.0,231.40384615384616,4.0638297872340425,522.0,306.34615384615387,5.379939209726444,0.0486322188449848,0.16441779110444776,0.6893037933074748,0.5841262396140444,0.062409288824383166,4.0638297872340425,10.0,26.0,13.5,7.681461160885254,9.473889392065146,12.146963043096903,0.8846153846153846,0.8076923076923077,0.6923076923076923,0.8846153846153846,3.769230769230769,3.9203181181175792,0.84620590798603,0.31312127236580517,0.030732860520094562,7.827356819222486,0.2271641956799378,0.25826940899992223,0.22334700200008228,0.013467652999906932,1.0284583570000905
208334f1.qasm,128,1767.0,1011.0,0.0,1705.0,949.0,128.0,0.0,190.0,0.023375984251968504,127.0,1.0,5.321052631578947,0.009891196834817012,7.314222660188062,819.0,303.11811023622045,38.07715133531157,819.0,393.8976377952756,49.480712166172104,0.9386745796241345,0.5721561969439728,0.012729105571847508,0.00028632784538296357,0.023375984251968504,38.07715133531157,64.0,64.0,32.25196850393701,8.195707527278602,10.000434338533177,12.70751510353736,0.952755905511811,0.9212598425196851,0.8740157480314961,0.0,0.0,0.0,-12.0,0.0,1.0,5.12479430968076,0.17091114883984154,0.016957645000047705,0.006489853000005041,0.00473059099999773,1.0174084769999467
2190b5a7.qasm,8,34.0,26.0,0.0,23.0,19.0,8.0,0.0,16.0,0.5714285714285714,7.0,1.0,1.625,0.15384615384615385,3.7773627950641693,15.0,9.714285714285714,2.6153846153846154,14.0,10.428571428571429,2.8076923076923075,0.7307692307692307,0.7647058823529411,0.32608695652173914,0.06832298136645962,0.5714285714285714,2.6153846153846154,7.0,4.0,2.2857142857142856,5.028249886029437,5.028249886029437,5.028249886029437,0.14285714285714285,0.0,0.0,0.0,0.0,0.0,-12.0,0.0,1.0,2.944975908412048,1.0,0.0008994910000410528,0.0004194769999799064,0.000299913999981527,0.007098975000019436
231bbda3.qasm,64,2176.0,2111.0,0.0,130.0,128.0,64.0,0.0,2016.0,1.0,63.0,1.0,1.0471230158730158,0.0014211274277593558,10.953348529144566,1057.0,710.5873015873016,21.206537186167694,1057.0,710.5873015873016,21.206537186167694,0.060634770251065846,0.9701286764705882,0.5152644230769231,0.24981684981684985,1.0,21.206537186167694,63.0,32.0,16.253968253968253,8.262465995505455,10.068078501311719,12.77551777080343,0.9047619047619048,0.8412698412698413,0.746031746031746,0.0,1.0,1.0,-12.0,0.0,1.0,6.016763073943298,0.35294117647058826,0.04490739400000621,0.035577707000015835,0.014637635999974918,1.2033912339999802
235dda60.qasm,53,18009.0,2961.0,0.0,574.0,144.0,0.0,0.0,86.0,0.062409288824383166,4.0,1.0,34.43023255813954,0.0121580547112462,6.404496965224599,342.0,231.40384615384616,4.0638297872340425,522.0,306.34615384615387,5.379939209726444,0.0486322188449848,0.16441779110444776,0.6893037933074748,0.5841262396140444,0.062409288824383166,4.0638297872340425,10.0,26.0,13.5,7.681461160885254,9.473889392065146,12.146963043096903,0.8846153846153846,0.8076923076923077,0.6923076923076923,0.8846153846153846,3.769230769230769,3.9347993252832936,0.863259849244328,0.3258785942492013,0.030732860520094562,7.829382061026878,0.22088955522238882,0.25653544800002237,0.24934833999998318,0.013976236999951652,0.995325213000001
24ca3082.qasm,256,,,,,,,,,,,,,,,,,,,,,,,,,,,,,,,,,,,,,,,,,,,,2.262875044999987,0.3942029029999503,1.0051000003841182e-05,1.9453000049907132e-05
25e26219.qasm,56,728.0,448.0,0.0,65.0,60.0,0.0,0.0,112.0,0.07272727272727272,4.0,1.0,4.0,0.008928571428571428,6.807354922057591,64.0,56.872727272727275,6.982142857142857,104.0,73.16363636363636,8.982142857142858,0.13392857142857142,0.6153846153846154,0.3230769230769231,0.18545454545454546,0.07272727272727272,6.982142857142857,49.0,28.0,14.254545454545454,7.101634671961265,8.903571435671196,11.542195969723313,0.8909090909090909,0.8181818181818182,0.7090909090909091,0.8909090909090909,3.7818181818181817,3.7040194840259435,1.1687899701904718,0.782133676092545,0.011160714285714286,7.925814432252423,0.5604395604395604,0.012576159999980518,0.013280487000031371,0.0025101649999896836,1.0966592030000015
25e5b703.qasm,6,270.0,54.0,0.0,109.0,33.0,6.0,0.0,9.0,0.6,3.0,1.0,6.0,0.1111111111111111,3.169925001442312,24.0,20.4,1.8888888888888888,24.0,20.4,1.8888888888888888,0.6111111111111112,0.2,0.4954128440366973,0.2954128440366972,0.6,1.8888888888888888,5.0,3.0,1.8,4.405807222561457,4.405807222561457,4.405807222561457,0.0,0.0,0.0,0.0,1.8,1.4194388798009694,-12.0,0.0,1.0,4.39292546917228,1.0,0.00580309699995496,0.0038511920000132704,0.00041274000000157685,0.012993607999987944
264ca70e.qasm,43,12865.0,2115.0,0.0,501.0,126.0,0.0,0.0,69.0,0.07641196013289037,4.0,1.0,30.652173913043477,0.01702127659574468,6.08749114837044,243.0,168.21428571428572,3.3404255319148937,279.0,186.64285714285714,3.706382978723404,0.059574468085106386,0.16439953361834433,0.695353479088335,0.5875867312993062,0.07641196013289037,3.3404255319148937,8.0,21.0,11.0,7.4391636335166345,9.221191008154559,11.870048228980183,0.8571428571428571,0.7619047619047619,0.6190476190476191,0.8571428571428571,3.7142857142857144,3.943643699417759,0.8995072457357309,0.447992259313014,0.14657210401891252,7.852651097570913,0.42681694520015545,0.16914087800000743,0.19115456800000175,0.009633205999989514,1.0485584440000366
27a012bc.qasm,12,3300.0,540.0,0.0,499.0,126.0,0.0,0.0,17.0,0.25757575757575757,4.0,1.0,31.764705882352942,0.06666666666666667,4.072905595320056,144.0,108.0,2.2,162.0,121.0909090909091,2.466666666666667,0.23333333333333334,0.16363636363636364,0.6412825651302605,0.5102933139005283,0.25757575757575757,2.2,4.0,6.0,3.272727272727273,6.59585155857729,8.118847410925092,8.118847410925092,0.45454545454545453,0.09090909090909091,0.0,0.45454545454545453,2.909090909090909,3.8791354116914665,0.7026528975756084,0.28540305010893247,0.2574074074074074,7.318174086812267,1.0,0.044338680000009845,0.04093808799996168,0.0025625560000435144,0.42100735899998654
27dbf314.qasm,56,2020261.0,585407.0,0.0,,,0.0,0.0,1540.0,1.0,55.0,1.0,380.1344155844156,0.0008848544687712993,10.584183024954184,297492.0,202133.96363636362,18.990835435859154,297492.0,202133.96363636362,18.990835435859154,,0.2897680052230875,,,1.0,19.06052352487466,55.0,28.0,14.254545454545454,9.510096953052042,11.315360225128382,14.021800145616194,0.8909090909090909,0.8181818181818182,0.7090909090909091,0.09090909090909091,2.3742720454676576,4.000000000000001,0.6737937640831223,0.019456558201945657,0.0025308522946394137,7.819900759238986,0.004699221909250635,2.329883429000006,1.1637442410000176,0.19479076300001452,0.9981765280000445
27e0ec8e.qasm,64,187.0,125.0,62.0,157.0,95.0,64.0,0.0,94.0,0.04662698412698413,4.0,1.0,1.3297872340425532,0.016,6.469784284662096,63.0,32.492063492063494,16.376,3.0,2.9523809523809526,1.488,0.76,0.6684491978609626,0.04339171974522293,0.0030330603579011217,0.04662698412698413,20.08651911468813,32.0,32.0,16.253968253968253,7.606997121305828,9.409829195380722,12.114146477465752,0.9047619047619048,0.8412698412698413,0.746031746031746,0.0,0.0,0.0,-12.0,0.0,1.0,5.119338384193543,0.8464454976303317,0.0030705640000405765,0.0012844240000049467,0.0023182999999562526,1.0744269730000156
2818a462.qasm,64,94.0,31.0,0.0,33.0,31.0,63.0,0.0,31.0,0.015376984126984126,31.0,33.0,1.0,0.03225806451612903,4.954196310386877,31.0,15.746031746031745,32.0,30.0,7.396825396825397,15.03225806451613,1.0,0.32978723404255317,0.059185606060606064,0.029341029341029345,0.015376984126984126,32.0,62.0,21.0,10.666666666666666,6.60054437637931,8.390794558320705,11.053190584965774,0.8412698412698413,0.746031746031746,0.6031746031746031,0.0,0.0,0.0,-12.0,0.0,1.0,4.1938200260161125,1.0,0.0015852780000500388,0.0005560899999750291,0.0002484519999939039,0.10078973600002428
28f914b0.qasm,16,160.0,143.0,0.0,34.0,32.0,16.0,0.0,120.0,1.0,15.0,1.0,1.1916666666666667,0.02097902097902098,6.832914081518511,73.0,50.6,5.3076923076923075,73.0,50.6,5.3076923076923075,0.22377622377622378,0.89375,0.5569852941176471,0.24705882352941178,1.0,5.3076923076923075,15.0,8.0,4.266666666666667,6.469193969747809,8.238691835452524,9.966535096940033,0.6,0.3333333333333333,0.0,0.0,1.0,1.0,-12.0,0.0,1.0,4.929505775925942,1.0,0.0051438940000139155,0.0021136780000006183,0.0012206609999907414,0.10307844999999816
29886bb3.qasm,20,5448.0,891.0,0.0,501.0,126.0,0.0,0.0,30.0,0.15789473684210525,4.0,1.0,29.7,0.04040404040404041,4.878616089448783,162.0,119.84210526315789,2.5555555555555554,243.0,170.05263157894737,3.6262626262626263,0.1414141414141414,0.16354625550660792,0.6326347305389222,0.5196974472108414,0.15789473684210525,2.5555555555555554,5.0,10.0,5.2631578947368425,6.934580101030249,8.618556362202524,11.111860477593869,0.6842105263157895,0.47368421052631576,0.15789473684210525,0.6842105263157895,3.3684210526315788,3.902964580075545,0.9974154987351957,0.5342615342615342,0.19640852974186307,7.841916768124062,1.0,0.07251737999996521,0.06545807600002718,0.004016636000017115,0.9969571379999707
29a887f9.qasm,56,949.0,949.0,0.0,39.0,39.0,0.0,0.0,73.0,0.047402597402597405,3.0,1.0,13.0,0.0136986301369863,6.189824558880028,169.0,115.10909090909091,6.671232876712328,91.0,59.8,3.4657534246575343,0.0410958904109589,1.0,0.8690476190476191,0.4242424242424242,0.047402597402597405,6.671232876712328,7.0,28.0,14.254545454545454,7.408308921050916,9.210581224373549,11.857570557635801,0.8909090909090909,0.8181818181818182,0.7090909090909091,0.8909090909090909,3.7818181818181817,1.3431251303157337,-0.8816786984667059,0.8185064935064935,0.005268703898840885,7.928519982304936,0.2613277133825079,0.015872617000013634,0.013396480999972482,0.0037388750000104665,0.9781161330000145
2a04dd73.qasm,62,1772822.0,498396.0,0.0,,,0.0,0.0,1891.0,1.0,61.0,1.0,263.5621364357483,0.0012159006091541666,10.814240122348181,252794.0,173005.03278688525,21.174541930513087,252794.0,173005.03278688525,21.174541930513087,,0.28113143902771964,,,1.0,21.952701464002306,61.0,31.0,15.754098360655737,9.535285659068176,11.34062595328537,14.047872382650889,0.9016393442622951,0.8360655737704918,0.7377049180327869,0.45901639344262296,3.0383581967686,4.0,0.82377606990391,0.031654676258992806,0.0022785009035434615,7.840076879011484,0.0060899725325301735,2.014371300999983,1.28217066600007,0.21743735199993353,1.0500837929999989
2a0e53ef.qasm,92,669.0,407.0,0.0,26.0,21.0,0.0,0.0,367.0,0.08767319636884854,11.0,1.0,1.108991825613079,0.004914004914004914,8.472324787706057,96.0,63.065934065934066,14.100737100737101,117.0,75.48351648351648,16.877149877149876,0.051597051597051594,0.6083707025411061,0.4498327759197324,0.27176669484361793,0.08767319636884854,14.100737100737101,46.0,46.0,23.252747252747252,7.3555045632665115,9.154021979513264,11.843994830268516,0.9340659340659341,0.8901098901098901,0.8241758241758241,0.43956043956043955,3.189007388404795,4.0,1.3471159656300797,0.12581117856395227,0.12285012285012285,7.869372461155274,0.6920777279521674,0.014430172000004404,0.003827206999972077,0.0020229419999964193,1.0153476170000317
2a48defb.qasm,16,,,,,,,,,,,,,,,,,,,,,,,,,,0.0,0.0,0.0,0.0,0.0,0.0,0.0,0.0,0.0,0.0,0.0,0.0,0.0,-12.0,0.0,1.0,0.0,1.0,0.0002146250000123473,0.0018568099999924925,0.00012371000002531218,0.0004089239999984784
2af6859b.qasm,47,13861.0,2277.0,0.0,502.0,126.0,0.0,0.0,74.0,0.06845513413506013,4.0,1.0,30.77027027027027,0.015810276679841896,6.188800540781081,243.0,168.65217391304347,3.4071146245059287,315.0,220.5,4.454545454545454,0.05533596837944664,0.16427386191472476,0.6839874544375689,0.5785120388013165,0.06845513413506013,3.4071146245059287,9.0,23.0,12.0,7.485452492238303,9.262023887284572,11.932681616391688,0.8695652173913043,0.782608695652174,0.6521739130434783,0.8695652173913043,3.739130434782609,3.941399660868097,0.9475262817336286,0.4680028978507607,0.14800175669740886,7.861707431091515,0.29615467859461797,0.18451075099994796,0.1683346160000383,0.010313778999943679,0.9899201770000445
2afe3d2e.qasm,60,205951.0,48271.0,61142.0,,,41.0,30571.0,31.0,0.01751412429378531,2.0,29.0,1557.1290322580646,0.03333264278759503,4.907141153056997,48270.0,14863.118644067798,18.166683930310125,1609.0,818.1525423728814,1.0,,0.23438099353729772,,,0.01751412429378531,19.796405245476713,41.0,30.0,15.254237288135593,9.675977959930341,11.481454206944145,14.189672435565447,0.8983050847457628,0.8305084745762712,0.7288135593220338,0.2033898305084746,1.8510901545898435,4.000000000000001,1.0898282818440657,0.01687703871791235,8.526457597926365e-05,7.7751743838855285,0.004413333333333333,2.9169257930000185,0.2933700649999764,0.3028928319999977,0.974101963999999
2b148d98.qasm,53,13689.0,2250.0,0.0,432.0,108.0,0.0,0.0,86.0,0.062409288824383166,4.0,1.0,26.162790697674417,0.012,6.415239833978443,261.0,177.23076923076923,4.096,396.0,232.6153846153846,5.376,0.048,0.16436554898093358,0.6961477987421384,0.5901442307692307,0.062409288824383166,4.096,10.0,26.0,13.5,7.565763040364966,9.358350495097703,12.032068625946428,0.8846153846153846,0.8076923076923077,0.6923076923076923,0.8846153846153846,3.769230769230769,3.9186901829350287,0.8812240214667648,0.31388169687313283,0.04044444444444444,7.828075261139871,0.29541968003506464,0.22201888200004305,0.17082032099995104,0.011327803999961361,0.9862051340001017
2b2951ed.qasm,49,14619.0,2403.0,0.0,502.0,126.0,0.0,0.0,78.0,0.0663265306122449,4.0,1.0,30.807692307692307,0.0149812734082397,6.2650382066524495,270.0,174.1875,3.4794007490636703,585.0,370.3125,7.397003745318352,0.052434456928838954,0.16437512825774678,0.6920074802829498,0.5858648738379814,0.0663265306122449,3.4794007490636703,9.0,24.0,12.5,7.518675848893539,9.297478582181872,11.96983841012934,0.875,0.7916666666666666,0.6666666666666666,0.8125,3.5416666666666665,3.9189725480911615,0.9408360243724911,0.49950714637752586,0.14773200166458594,7.870289364028475,0.25466858198235176,0.20274081700006263,0.18028310900001543,0.01115564099995936,1.0429899639999576
2bc3295c.qasm,56,616.0,336.0,0.0,17.0,12.0,0.0,0.0,84.0,0.05454545454545454,3.0,1.0,4.0,0.011904761904761904,6.39231742277876,84.0,64.14545454545454,10.5,76.0,51.49090909090909,8.428571428571429,0.03571428571428571,0.5454545454545454,1.0,0.6406417112299465,0.05454545454545454,10.5,49.0,28.0,14.254545454545454,7.149926251843095,8.948995750395488,11.622281903922067,0.8909090909090909,0.8181818181818182,0.7090909090909091,0.8909090909090909,3.7818181818181817,1.9397330557149146,-0.20477518426604072,0.8072562358276644,0.01488095238095238,7.927600616670494,0.42045454545454547,0.017012107999960335,0.008009834999995746,0.0013847590000182208,1.0574634449999962
2cbfff1b.qasm,39,11557.0,1899.0,0.0,501.0,126.0,0.0,0.0,62.0,0.08367071524966262,4.0,1.0,30.629032258064516,0.018957345971563982,5.932466427725821,216.0,159.1578947368421,3.184834123222749,369.0,188.52631578947367,3.772511848341232,0.06635071090047394,0.16431599896166826,0.6886739341829162,0.5807332703015022,0.08367071524966262,3.184834123222749,8.0,19.0,10.0,7.373498438072787,9.142251436476561,11.799959194285087,0.8421052631578947,0.7368421052631579,0.5789473684210527,0.8421052631578947,3.6842105263157894,3.911723458793178,1.0005409413490007,0.5051546391752577,0.14902580305423907,7.861691952921366,0.4437137665484122,0.15882863699999916,0.14120822500001395,0.008462910999980977,1.0876300360000073
2cedce95.qasm,50,14998.0,2466.0,0.0,502.0,126.0,0.0,0.0,80.0,0.0653061224489796,4.0,1.0,30.825,0.014598540145985401,6.301698141038849,270.0,178.16326530612244,3.54014598540146,558.0,270.3673469387755,5.372262773722627,0.051094890510948905,0.1644219229230564,0.6957768924302788,0.5893162045694772,0.0653061224489796,3.54014598540146,9.0,25.0,12.755102040816327,7.5379704423550775,9.31788993521362,11.991836715857803,0.8775510204081632,0.7959183673469388,0.673469387755102,0.8163265306122449,3.5510204081632653,3.9375947677415337,0.9303483431332766,0.485201358563804,0.15004055150040552,7.866788827959397,0.2524336578210428,0.21408636000001025,0.19433055900003637,0.01129563799997868,1.006885579000027
2d399444.qasm,5,25.0,10.0,0.0,17.0,10.0,5.0,0.0,4.0,0.4,4.0,1.0,2.5,0.3,1.9709505944546686,5.0,3.5,1.4,8.0,4.25,1.7,1.0,0.4,0.4117647058823529,0.11764705882352944,0.4,1.4,2.0,2.0,1.5,2.8948696567452523,2.8948696567452523,2.8948696567452523,0.0,0.0,0.0,0.0,0.75,0.6008760366928574,-12.0,0.0,1.0,2.748962861256161,1.0,0.0004907520000188015,0.00021572399998603942,0.00015200299998241462,0.0019333019999976386
2ea1bf91.qasm,88,4131.0,1334.0,0.0,2562.0,810.0,0.0,0.0,314.0,0.08202716823406478,43.0,5.0,4.248407643312102,0.14392803598200898,6.6680936066946925,886.0,297.4022988505747,19.395802098950526,686.0,181.79310344827587,11.85607196401799,0.6064467766116941,0.32292423142096344,0.024239762969271165,0.0070392204366200965,0.08202716823406478,19.395802098950526,81.0,44.0,22.20689655172414,8.022055010317901,9.822396048785794,12.508953280216764,0.9310344827586207,0.8850574712643678,0.8160919540229885,0.0,2.236366327872157,1.694129115914382,-12.0,0.0,1.0,6.874690565177385,0.4885015734688937,0.07045470299999579,0.0552756999999815,0.006363845999999285,1.2797737669999947
3026aed7.qasm,53,21131.0,3483.0,0.0,645.0,162.0,0.0,0.0,86.0,0.062409288824383166,4.0,1.0,40.5,0.012919896640826873,6.417340814540316,441.0,297.1730769230769,4.4366925064599485,612.0,355.15384615384613,5.3023255813953485,0.046511627906976744,0.1648289243291846,0.7200234020769344,0.6107930828861061,0.062409288824383166,4.4366925064599485,10.0,26.0,13.5,7.791433005815553,9.585154256421124,12.260986596686053,0.8846153846153846,0.8076923076923077,0.6923076923076923,0.8269230769230769,3.6538461538461537,3.9318813624804356,0.8419629906305193,0.3202627388535032,0.026126902095894345,7.844487619812146,0.10486962282901897,0.2652500169999712,0.2689182440000195,0.015097298999990016,1.187315419000015
306ac152.qasm,128,893.0,381.0,0.0,135.0,131.0,128.0,0.0,127.0,0.015625,2.0,1.0,3.0,0.007874015748031496,6.988684686772147,3.0,3.0,1.0,3.0,3.0,1.0,0.3438320209973753,0.42665173572228443,0.07372685185185185,0.0442111402741324,0.015625,1.0,1.0,3.0,2.952755905511811,4.858254393036713,4.858254393036713,4.858254393036713,0.0,0.0,0.0,0.0,2.952755905511811,2.4534013704555546,-12.0,0.0,1.0,5.158051739752956,1.0,0.015012901000034162,0.014058066000018243,0.0017468570000005457,0.04951698399997895
3099a023.qasm,2,226.0,42.0,0.0,154.0,42.0,2.0,0.0,1.0,1.0,1.0,1.0,42.0,1.0,-0.0,42.0,42.0,1.0,42.0,42.0,1.0,1.0,0.18584070796460178,0.8701298701298701,0.46753246753246747,1.0,1.0,1.0,1.0,1.0,2.5276299008713385,2.5276299008713385,2.5276299008713385,0.0,0.0,0.0,0.0,1.0,0.9678882018656776,-12.0,0.0,1.0,2.5276299008713385,1.0,0.0032194629999935387,0.002923011999996561,0.000344431000030454,0.003687734999971326
31b8fb3c.qasm,64,2112.0,2048.0,0.0,128.0,126.0,64.0,0.0,2016.0,1.0,63.0,1.0,1.0158730158730158,0.0009765625,10.96875,1056.0,709.5873015873016,21.828125,1056.0,709.5873015873016,21.828125,0.0615234375,0.9696969696969697,0.5078125,0.24603174603174602,1.0,21.828125,63.0,32.0,16.253968253968253,8.262445396400969,10.068059016800438,12.775498222143895,0.9047619047619048,0.8412698412698413,0.746031746031746,0.0,0.0,0.0,-12.0,0.0,1.0,5.121917505628577,0.3352272727272727,0.04197573199996896,0.03522605000000567,0.017832099000031576,1.0993800609999766
31fd025e.qasm,39,11557.0,1899.0,0.0,501.0,126.0,0.0,0.0,62.0,0.08367071524966262,4.0,1.0,30.629032258064516,0.018957345971563982,5.932466427725821,216.0,159.1578947368421,3.184834123222749,369.0,188.52631578947367,3.772511848341232,0.06635071090047394,0.16431599896166826,0.6886739341829162,0.5807332703015022,0.08367071524966262,3.184834123222749,8.0,19.0,10.0,7.373498438072787,9.142251436476561,11.799959194285087,0.8421052631578947,0.7368421052631579,0.5789473684210527,0.8421052631578947,3.6842105263157894,3.9193772255528008,0.9579811277197591,0.4898825880589558,0.14902580305423907,7.860770677741194,0.4450116812321537,0.13865098999997372,0.13458359600002723,0.00795079399995302,0.9750367260000417
320de9fb.qasm,100,55000.0,15000.0,0.0,700.0,300.0,100.0,0.0,3160.0,0.6383838383838384,72.0,1.0,4.746835443037975,0.0014,11.459277514935518,7680.0,5141.515151515152,33.934,7410.0,5001.757575757576,33.0116,0.02,0.2727272727272727,1.0,0.7835497835497836,0.6383838383838384,33.86532591129467,98.0,50.0,25.252525252525253,9.188873336104285,10.994926545489406,13.703759514039787,0.9393939393939394,0.898989898989899,0.8383838383838383,0.5454545454545454,2.323232323232323,3.5488326326398085,0.1411187568810755,0.28149801587301587,0.0017058717902675524,7.9064816264757996,0.010726153244722439,0.9562034720000838,0.7820895879999625,0.053569056000014825,0.8625900839999758
32de9cc1.qasm,20,5448.0,891.0,0.0,501.0,126.0,0.0,0.0,30.0,0.15789473684210525,4.0,1.0,29.7,0.04040404040404041,4.878616089448783,162.0,119.84210526315789,2.5555555555555554,243.0,170.05263157894737,3.6262626262626263,0.1414141414141414,0.16354625550660792,0.6326347305389222,0.5196974472108414,0.15789473684210525,2.5555555555555554,5.0,10.0,5.2631578947368425,6.934580101030249,8.618556362202524,11.111860477593869,0.6842105263157895,0.47368421052631576,0.15789473684210525,0.6842105263157895,3.3684210526315788,3.938247742437493,1.0286140729415425,0.5342615342615342,0.19640852974186307,7.842028750468648,1.0,0.08429428299996289,0.07646324400002413,0.004690702000004876,0.9913584209999726
32f44532.qasm,90,12169.0,3782.0,0.0,10178.0,3095.0,0.0,0.0,403.0,0.10062421972534331,45.0,3.0,9.384615384615385,0.20306716023268112,5.503787421823123,2182.0,423.23595505617976,9.959809624537282,2152.0,342.53932584269666,8.06081438392385,0.817028027498678,0.31078971156216617,0.01741337525381542,0.002197955051763995,0.10062421972534331,9.959809624537282,83.0,45.0,22.741573033707866,8.1861151502275,9.988278243497254,12.665770060056692,0.9325842696629213,0.8876404494382022,0.8202247191011236,0.0,1.567068910335164,0.585946650408156,-12.0,0.0,1.0,6.626504711090569,0.5010272002629632,0.20627562699996815,0.17529194700000517,0.01723946300000989,1.2602234449999514
336f664c.qasm,118,378.0,221.0,104.0,131.0,74.0,118.0,0.0,169.0,0.02448210922787194,4.0,1.0,1.3076923076923077,0.00904977375565611,7.317314324097301,130.0,73.66666666666667,39.0,3.0,2.7777777777777777,1.4705882352941178,0.334841628959276,0.5846560846560847,0.052205977487385175,0.01611535199321459,0.02448210922787194,40.353846153846156,104.0,59.0,29.752136752136753,8.142330040680847,9.945180637391802,12.651486817880286,0.9487179487179487,0.9145299145299145,0.8632478632478633,0.0,0.0,0.0,-12.0,0.0,1.0,5.123802657624149,0.2529989094874591,0.006620824000037828,0.0033946949999972276,0.004004437999981292,1.0886637500000234
33a2f9be.qasm,28,7908.0,1296.0,0.0,501.0,126.0,0.0,0.0,43.0,0.11375661375661375,4.0,1.0,30.13953488372093,0.027777777777777776,5.4018171886117825,189.0,134.66666666666666,2.8055555555555554,270.0,151.66666666666666,3.1597222222222223,0.09722222222222222,0.1638846737481032,0.6561163387510693,0.5475715236194278,0.11375661375661375,2.8055555555555554,6.0,14.0,7.2592592592592595,7.133357009468179,8.890653689678444,11.497176368868525,0.7777777777777778,0.6296296296296297,0.4074074074074074,0.7777777777777778,3.5555555555555554,3.9052727222056354,0.9814966006187628,0.5707799145299145,0.1743827160493827,7.87535931294263,0.5491906929691451,0.11745981199999278,0.09872434900000826,0.005695488000014848,0.9951572169999849
33c62fb8.qasm,256,33024.0,32768.0,0.0,512.0,510.0,256.0,0.0,32640.0,1.0,255.0,1.0,1.003921568627451,6.103515625e-05,14.9921875,16512.0,11029.58431372549,85.83203125,16512.0,11029.58431372549,85.83203125,0.01556396484375,0.9922480620155039,0.501953125,0.24901960784313726,1.0,85.83203125,255.0,128.0,64.25098039215686,10.061455127106786,11.867626110271312,14.576867086953476,0.9764705882352941,0.9607843137254902,0.9372549019607843,0.0,0.0,0.0,-12.0,0.0,1.0,5.121917505628577,0.021438953488372093,0.6292320089999066,0.43934674400009044,0.15982865399996626,1.590299611999967
3436484d.qasm,32,9268.0,1521.0,0.0,501.0,126.0,0.0,0.0,50.0,0.10080645161290322,4.0,1.0,30.42,0.023668639053254437,5.620570634187001,189.0,145.16129032258064,2.9585798816568047,270.0,159.38709677419354,3.2485207100591715,0.08284023668639054,0.1641130772550712,0.6729665668662674,0.5644839353550962,0.10080645161290322,2.9585798816568047,7.0,16.0,8.258064516129032,7.2464142988079985,8.992740902199253,11.636295798256512,0.8064516129032258,0.6774193548387096,0.4838709677419355,0.8064516129032258,3.6129032258064515,3.9595910077948213,1.0095660958992079,0.5118411000763942,0.1663379355687048,7.865279985244346,0.5090634441087614,0.12275293900000861,0.11897126100001287,0.006983522999973957,1.0530256110000096
36d0ea8f.qasm,64,187.0,125.0,62.0,157.0,95.0,64.0,0.0,94.0,0.04662698412698413,4.0,1.0,1.3297872340425532,0.016,6.469784284662096,63.0,32.492063492063494,16.376,3.0,2.9523809523809526,1.488,0.76,0.6684491978609626,0.04339171974522293,0.0030330603579011217,0.04662698412698413,20.08651911468813,32.0,32.0,16.253968253968253,7.606997121305828,9.409829195380722,12.114146477465752,0.9047619047619048,0.8412698412698413,0.746031746031746,0.0,0.0,0.0,-12.0,0.0,1.0,5.119338384193543,0.8464454976303317,0.0031414369999538394,0.0012912740000388112,0.0025186419999840837,1.1455235889999926
36e23777.qasm,36,10940.0,1800.0,0.0,501.0,126.0,0.0,0.0,57.0,0.09047619047619047,4.0,1.0,31.57894736842105,0.02,5.818171939471842,225.0,160.97142857142856,3.13,405.0,241.45714285714286,4.695,0.07,0.16453382084095064,0.7063650476824129,0.5953236384374109,0.09047619047619047,3.13,7.0,18.0,9.257142857142858,7.343176770347022,9.104357806489995,11.760386356118078,0.8285714285714286,0.7142857142857143,0.5428571428571428,0.8285714285714286,3.657142857142857,3.9256712081724228,1.0318107926336484,0.5358790363915941,0.15222222222222223,7.866443166710582,0.4556672760511883,0.14148925099999587,0.15364952599998105,0.013111555000023145,1.077028170999995
371eea68.qasm,28,88.0,51.0,24.0,41.0,24.0,28.0,0.0,39.0,0.10317460317460317,4.0,1.0,1.3076923076923077,0.0392156862745098,5.20183710667738,30.0,18.11111111111111,9.588235294117647,3.0,2.7777777777777777,1.4705882352941178,0.47058823529411764,0.5795454545454546,0.16289198606271776,0.04245709123757905,0.10317460317460317,9.892307692307693,24.0,14.0,7.2592592592592595,6.883214364354132,8.674139359947185,11.360632520422026,0.7777777777777778,0.6296296296296297,0.4074074074074074,0.0,0.0,0.0,-12.0,0.0,1.0,4.466941725717637,1.0,0.0018191460000025472,0.0007608180000033826,0.0032831400000077338,0.3141037219999703
376d7d92.qasm,64,253.0,126.0,0.0,128.0,65.0,64.0,0.0,63.0,0.03125,2.0,1.0,2.0,0.015873015873015872,5.97727992349992,2.0,2.0,1.0,2.0,2.0,1.0,0.5158730158730159,0.4980237154150198,0.0462646484375,0.015500992063492064,0.03125,1.0,1.0,2.0,1.9682539682539681,3.6459132750338443,3.6459132750338443,3.6459132750338443,0.0,0.0,0.0,0.0,1.0,1.0,-12.0,0.0,1.0,3.692758818154724,1.0,0.004213799999945422,0.002553441000031853,0.0007149439999807328,0.015747250999993412
37bd268c.qasm,128,508.0,127.0,0.0,130.0,127.0,127.0,0.0,127.0,0.015625,127.0,1.0,1.0,0.007874015748031496,6.988684686772147,127.0,64.0,64.0,126.0,63.00787401574803,63.00787401574803,1.0,0.25,0.038161057692307696,0.02289521502119927,0.015625,64.0,127.0,64.0,32.25196850393701,7.502347587646899,9.293964980974922,11.980429274503681,0.952755905511811,0.9212598425196851,0.8740157480314961,0.0,0.0,0.0,-12.0,0.0,1.0,5.110700794679781,1.0,0.00620382600004632,0.0022180589999720723,0.0007084549999945011,1.0301305650000359
3814b0b9.qasm,38,87401.0,25022.0,0.0,17616.0,7105.0,0.0,0.0,703.0,1.0,37.0,1.0,35.59317211948791,0.0028774678283110863,9.413022225028092,12922.0,8919.702702702703,13.189553193189992,12922.0,8919.702702702703,13.189553193189992,0.2757972983774279,0.28628963055342616,0.16794391462306993,0.10706636472985247,1.0,13.189553193189992,37.0,19.0,9.756756756756756,9.129837097266407,10.934005225265246,13.635142155665314,0.8378378378378378,0.7297297297297297,0.5675675675675675,0.3783783783783784,3.2162162162162162,4.000000000000001,1.2999775532203173,0.08399209486166008,0.0025177843497722003,7.856235973437702,0.010171508335144908,1.1499015250000184,0.9237053100000594,0.1203701590000037,1.2199850349999224
383bbcad.qasm,16,61.0,30.0,0.0,32.0,17.0,16.0,0.0,15.0,0.125,2.0,1.0,2.0,0.06666666666666667,3.906890595608518,2.0,2.0,1.0,2.0,2.0,1.0,0.5666666666666667,0.4918032786885246,0.177734375,0.06041666666666667,0.125,1.0,1.0,2.0,1.8666666666666667,2.9863237770507656,2.9863237770507656,2.9863237770507656,0.0,0.0,0.0,0.0,1.0,1.0,-12.0,0.0,1.0,3.037027879755775,1.0,0.0012898420000055921,0.0006256930000176908,0.00026303199996391413,0.0032063230000289877
3841ff5b.qasm,53,16447.0,2709.0,0.0,503.0,126.0,0.0,0.0,86.0,0.062409288824383166,4.0,1.0,31.5,0.013289036544850499,6.411492890736352,279.0,190.21153846153845,3.6511627906976742,477.0,284.53846153846155,5.461794019933555,0.046511627906976744,0.16471088952392535,0.7185565850181928,0.6095733292552379,0.062409288824383166,3.6511627906976742,10.0,26.0,13.5,7.5957168953710905,9.387968233263058,12.061859256086771,0.8846153846153846,0.8076923076923077,0.6923076923076923,0.8269230769230769,3.6538461538461537,3.927263059856572,0.8751482198272296,0.330015923566879,0.03359173126614987,7.845615466516332,0.13473581808232504,0.22274386300000515,0.2591012130000081,0.018465925999976207,1.0823658970000452
385fa1b6.qasm,32,,,,,,,,,,,,,,,,,,,,,,,,,,0.0,0.0,0.0,0.0,0.0,0.0,0.0,0.0,0.0,0.0,0.0,0.0,0.0,-12.0,0.0,1.0,0.0,1.0,0.0010139879999542245,0.007911585000044852,0.00017346399999951245,0.0019268819999638254
386534f5.qasm,45,13467.0,2214.0,0.0,501.0,126.0,0.0,0.0,72.0,0.07272727272727272,4.0,1.0,30.75,0.016260162601626018,6.14911633429093,243.0,168.13636363636363,3.341463414634146,315.0,212.52272727272728,4.223577235772358,0.056910569105691054,0.16440187124081088,0.695542248835662,0.5881872618399565,0.07272727272727272,3.341463414634146,9.0,22.0,11.5,7.459812961687268,9.241957151112375,11.896301018168153,0.8636363636363636,0.7727272727272727,0.6363636363636364,0.8636363636363636,3.727272727272727,3.941399660868088,0.9417212247874266,0.4736455013483697,0.14814814814814814,7.857432523438772,0.3657087695849113,0.17271831199991539,0.16507025100008832,0.009538084999917373,1.341863991000082
3a8d3e53.qasm,64,16054.0,5288.0,3946.0,14318.0,5248.0,64.0,0.0,596.0,0.29563492063492064,47.0,1.0,8.87248322147651,0.0132375189107413,8.927968644372529,4808.0,1865.6825396825398,22.22730711043873,4122.0,1456.6031746031747,17.353630862329805,0.9924357034795764,0.32938831443876915,0.03190258765190669,0.001924539429777592,0.29563492063492064,20.84995166413479,60.0,32.0,16.253968253968253,9.393146839313518,11.199233863780007,13.908404931092285,0.9047619047619048,0.8412698412698413,0.746031746031746,0.0,0.0,0.0,-12.0,0.0,1.0,5.119285589252775,0.014797049005582204,0.13833493299995325,0.1499318300000141,0.1332384579999939,1.012983781999992
3be98d6c.qasm,128,256.0,128.0,0.0,7.0,6.0,128.0,0.0,128.0,0.015748031496062992,2.0,5.0,1.0,0.0078125,7.0,70.0,43.889763779527556,43.546875,2.0,1.937007874015748,1.921875,0.046875,0.5,0.42857142857142855,0.28008998875140606,0.015748031496062992,43.546875,117.0,64.0,32.25196850393701,7.354806150899929,9.156519121889023,11.856434522647543,0.952755905511811,0.9212598425196851,0.8740157480314961,0.6692913385826772,2.874015748031496,4.000000000000001,1.4328994449690315,0.046079053054322555,0.046875,7.891297849468455,0.66796875,0.004138285000010455,0.0015127120000215655,0.0008839079999916066,0.957162621000009
3c1f4948.qasm,9,234.0,72.0,66.0,209.0,70.0,9.0,0.0,10.0,0.2777777777777778,5.0,2.0,7.2,0.19444444444444445,2.9942994759573027,72.0,25.5,2.8333333333333335,32.0,21.0,2.3333333333333335,1.0,0.3076923076923077,0.23285486443381181,0.014952153110047856,0.2777777777777778,3.4017094017094016,8.0,4.0,2.5,6.694529475940982,6.694529475940982,6.694529475940982,0.25,0.0,0.0,0.0,0.0,0.0,-12.0,0.0,1.0,4.337039739920378,1.0,0.0034659800000440555,0.002451303999976062,0.0021729389999904924,0.17910679300001675
3c2f55c1.qasm,45,27074.0,6271.0,7980.0,,,31.0,3990.0,23.0,0.023232323232323233,2.0,22.0,272.6521739130435,0.04544729708180514,4.460962096741471,6270.0,2001.7954545454545,14.045447297081806,285.0,142.52272727272728,1.0,,0.23162443672896507,,,0.023232323232323233,14.916049565104984,31.0,22.0,11.5,9.51752907502612,11.322451814248907,14.02983383227005,0.8636363636363636,0.7727272727272727,0.6363636363636364,0.7272727272727273,3.1818181818181817,4.000000000000001,1.0082388863956466,0.04681528662420382,9.233439825672656e-05,7.808804240650279,0.0047408389411646035,0.3599867010000253,0.27495435099996257,0.2537622720000172,1.0619617070000231
3c890561.qasm,64,2174.0,2047.0,0.0,190.0,187.0,63.0,0.0,2016.0,1.0,63.0,1.0,1.0153769841269842,0.0009770395701025891,10.969007160349804,1055.0,709.0793650793651,21.82315583781143,1055.0,709.0793650793651,21.82315583781143,0.09135319980459208,0.9415823367065317,0.3471217105263158,0.16574770258980787,1.0,21.82315583781143,63.0,32.0,16.253968253968253,8.260488742437712,10.065037125806251,12.771005711031467,0.9047619047619048,0.8412698412698413,0.746031746031746,0.0,1.2773116051691094,0.683760458133741,-11.999999922809709,0.0007651759904778099,0.06399609184171959,7.48160658313346,0.23735050597976082,0.04276672699995743,0.06251471699999911,0.009736363000001802,1.1746963610000307
3ccd19ee.qasm,50,14998.0,2466.0,0.0,502.0,126.0,0.0,0.0,80.0,0.0653061224489796,4.0,1.0,30.825,0.014598540145985401,6.301698141038849,270.0,178.16326530612244,3.54014598540146,558.0,270.3673469387755,5.372262773722627,0.051094890510948905,0.1644219229230564,0.6957768924302788,0.5893162045694772,0.0653061224489796,3.54014598540146,9.0,25.0,12.755102040816327,7.5379704423550775,9.31788993521362,11.991836715857803,0.8775510204081632,0.7959183673469388,0.673469387755102,0.8163265306122449,3.5510204081632653,3.9160899792771167,0.9268343293565607,0.4873847646773411,0.15004055150040552,7.868280542316287,0.2524336578210428,0.2024963869999965,0.19860280499995042,0.011721738999995068,1.1487317050000456
3db115f1.qasm,30,78.0,18.0,0.0,21.0,18.0,29.0,0.0,18.0,0.041379310344827586,18.0,12.0,1.0,0.05555555555555555,4.169925001442312,18.0,8.137931034482758,13.11111111111111,17.0,5.310344827586207,8.555555555555555,1.0,0.23076923076923078,0.1523809523809524,0.0935960591133005,0.041379310344827586,13.11111111111111,29.0,10.0,5.344827586206897,5.805082673935151,7.434387755881206,9.596846690332171,0.6551724137931034,0.4827586206896552,0.20689655172413793,0.0,0.0,0.0,-12.0,0.0,1.0,3.5602653978627146,1.0,0.00175714199997401,0.0006561170000054517,0.00030960499998400337,0.025648568000008254
3e2fde05.qasm,41,12107.0,1989.0,0.0,501.0,126.0,0.0,0.0,65.0,0.07926829268292683,4.0,1.0,30.6,0.01809954751131222,6.000973656353442,216.0,161.55,3.248868778280543,279.0,175.05,3.520361990950226,0.06334841628959276,0.16428512430825143,0.686237281534492,0.5791417165668663,0.07926829268292683,3.248868778280543,8.0,20.0,10.5,7.399939978290751,9.180864032609222,11.831790934390213,0.85,0.75,0.6,0.825,3.675,3.89945709921124,0.9527098387761592,0.4940505701536936,0.146807440925088,7.857391273005487,0.4356157594779879,0.15345874500007994,0.17554947399992216,0.00823761200001627,1.0558798920000072
3e730381.qasm,35,35.0,34.0,0.0,35.0,34.0,35.0,0.0,34.0,0.05714285714285714,2.0,1.0,1.0,0.029411764705882353,5.087462841250338,1.0,1.0,1.0,1.0,1.0,1.0,1.0,0.9714285714285714,0.0563265306122449,0.0,0.05714285714285714,1.0,1.0,1.0,1.0,2.436162647040756,2.436162647040756,2.436162647040756,0.0,0.0,0.0,0.0,1.0,1.0,-12.0,0.0,1.0,2.7299742856995555,1.0,0.0010062099999572638,0.00031127800002650474,0.00028082899996206834,0.0014124530000003688
3eb6cff0.qasm,257,237632.0,73728.0,65600.0,,,257.0,0.0,8256.0,0.2509727626459144,129.0,2.0,8.930232558139535,0.00018988715277777778,12.771394974304206,73728.0,24608.5,85.44618055555556,64512.0,19456.546875,67.55745442708333,,0.3102612442768651,,,0.2509727626459144,,,,,,,,,,,,,,,,,,,1.980096853999953,0.2029587970000648,8.66100003804604e-06,4.510999929152604e-06
3eca4614.qasm,45,13467.0,2214.0,0.0,501.0,126.0,0.0,0.0,72.0,0.07272727272727272,4.0,1.0,30.75,0.016260162601626018,6.14911633429093,243.0,168.13636363636363,3.341463414634146,315.0,212.52272727272728,4.223577235772358,0.056910569105691054,0.16440187124081088,0.695542248835662,0.5881872618399565,0.07272727272727272,3.341463414634146,9.0,22.0,11.5,7.459812961687268,9.241957151112375,11.896301018168153,0.8636363636363636,0.7727272727272727,0.6363636363636364,0.8636363636363636,3.727272727272727,3.9110953099132715,0.8923799049746914,0.4923757993113625,0.14814814814814814,7.858477962259182,0.3607336452068018,0.21913228400001117,0.17375933100004204,0.017444193999949675,1.1292334710000205
3ee85ccf.qasm,20,5760.0,945.0,0.0,501.0,126.0,0.0,0.0,30.0,0.15789473684210525,4.0,1.0,31.5,0.0380952380952381,4.892118731642768,171.0,126.47368421052632,2.5428571428571427,252.0,179.52631578947367,3.6095238095238096,0.13333333333333333,0.1640625,0.6691616766467066,0.5524739993696817,0.15789473684210525,2.5428571428571427,5.0,10.0,5.2631578947368425,6.960432388581718,8.64603217300255,11.154786160819661,0.6842105263157895,0.47368421052631576,0.15789473684210525,0.6842105263157895,3.3684210526315788,3.90463803292955,1.0667846091931241,0.551906779661017,0.2105820105820106,7.866404795425319,0.9067708333333333,0.07028853700001036,0.06540162700002838,0.003956260999984806,1.1875732290000087
3f072f57.qasm,28,7908.0,1296.0,0.0,501.0,126.0,0.0,0.0,43.0,0.11375661375661375,4.0,1.0,30.13953488372093,0.027777777777777776,5.4018171886117825,189.0,134.66666666666666,2.8055555555555554,270.0,151.66666666666666,3.1597222222222223,0.09722222222222222,0.1638846737481032,0.6561163387510693,0.5475715236194278,0.11375661375661375,2.8055555555555554,6.0,14.0,7.2592592592592595,7.133357009468179,8.890653689678444,11.497176368868525,0.7777777777777778,0.6296296296296297,0.4074074074074074,0.7777777777777778,3.5555555555555554,3.935928662932303,0.9822766500467046,0.5705128205128205,0.1743827160493827,7.875182993549747,0.5491906929691451,0.11078404800002772,0.0979735450000021,0.0058929629999511235,1.1342207610000514
3f858470.qasm,63,9828.0,3906.0,0.0,493.0,246.0,63.0,0.0,1953.0,1.0,62.0,1.0,2.0,0.0005120327700972862,10.931476233887079,1984.0,1344.0,21.333333333333332,1984.0,1344.0,21.333333333333332,0.0629800307219662,0.3974358974358974,0.4421906693711968,0.3054046980304914,1.0,21.333333333333332,62.0,31.0,16.0,8.532905289842946,10.33851338614064,13.045891349230143,0.9032258064516129,0.8387096774193549,0.7419354838709677,0.0,0.0,0.0,-12.0,0.0,1.0,5.113358331267094,0.21347171347171348,0.14301575100000719,0.09952371200006382,0.01690185699999347,1.0272169710000298
40b719e2.qasm,40,190739.0,53349.0,0.0,45464.0,18272.0,0.0,0.0,780.0,1.0,39.0,1.0,68.39615384615385,0.0027366960955219405,9.533171825285269,27296.0,18538.0,13.551931620086599,27296.0,18538.0,13.551931620086599,0.3322836416802564,0.2796963389762975,0.13422048213971494,0.08193295794474749,1.0,13.872012031027387,39.0,20.0,10.256410256410257,9.33241548351376,11.13634213855965,13.83879839752092,0.8461538461538461,0.7435897435897436,0.5897435897435898,0.7692307692307693,3.5641025641025643,4.0,1.305083846979957,0.0968783638320775,0.0021107065590206323,7.876989373189545,0.007880516914729711,2.75989494199996,1.195924835000028,0.18594679199998154,1.1910345730000245
40e78b26.qasm,20,41.0,16.0,20.0,23.0,8.0,4.0,0.0,8.0,0.042105263157894736,4.0,12.0,2.0,0.125,3.0,6.0,1.894736842105263,2.25,6.0,1.5789473684210527,1.875,0.5,0.3902439024390244,0.2108695652173913,0.041189931350114416,0.042105263157894736,5.205882352941177,16.0,10.0,5.2631578947368425,6.422241903836901,8.180520338846216,10.709655737667738,0.6842105263157895,0.47368421052631576,0.15789473684210525,0.0,0.0,0.0,-12.0,0.0,1.0,4.010342366139568,1.0,0.0009836800000471158,0.0005339889999618208,0.0007194480000407566,0.09358909599995968
41bd27aa.qasm,68,343.0,201.0,0.0,16.0,11.0,0.0,0.0,197.0,0.08647936786654961,9.0,1.0,1.0203045685279188,0.009950248756218905,7.611250696154064,61.0,39.80597014925373,13.26865671641791,48.0,30.955223880597014,10.318407960199005,0.05472636815920398,0.5860058309037901,0.5,0.3050373134328358,0.08647936786654961,13.26865671641791,34.0,34.0,17.253731343283583,7.020786128071025,8.813940305628057,11.49223093962013,0.9104477611940298,0.8507462686567164,0.7611940298507462,0.373134328358209,2.292312873145092,4.0,1.588797066730061,0.09862745098039216,0.19402985074626866,7.858337165518006,0.9591836734693877,0.005948811999985537,0.001988133999986985,0.0012497410000378295,1.0998369170000046
42a256ea.qasm,43,13177.0,2169.0,0.0,501.0,126.0,0.0,0.0,69.0,0.07641196013289037,4.0,1.0,31.434782608695652,0.016597510373443983,6.093714802720742,225.0,169.92857142857142,3.2904564315352696,315.0,196.92857142857142,3.8132780082987554,0.058091286307053944,0.1646049935493663,0.7123427563477696,0.6024142191806863,0.07641196013289037,3.2904564315352696,8.0,21.0,11.0,7.443248855051561,9.231462342188992,11.876234916184236,0.8571428571428571,0.7619047619047619,0.6190476190476191,0.8333333333333334,3.6904761904761907,3.9452396386597277,0.9852907938012678,0.5069101678183613,0.1553711387736284,7.86213157617725,0.3393792213705699,0.2238925089999384,0.17906153399997038,0.010651282000026185,1.0365037349999966
42a71e24.qasm,64,14080.0,4000.0,0.0,614.0,245.0,64.0,0.0,1024.0,0.5079365079365079,32.0,1.0,3.90625,0.001,9.981784284662016,1040.0,709.0793650793651,11.168,1040.0,709.0793650793651,11.168,0.06125,0.2840909090909091,0.4600977198697068,0.3481205728762732,0.5079365079365079,11.168,32.0,32.0,16.253968253968253,8.26078781454291,10.064481865819104,12.766303447728706,0.9047619047619048,0.8412698412698413,0.746031746031746,0.9047619047619048,3.8095238095238093,4.000000000000001,1.2676111494585085,0.19212346993081425,0.00125,7.9039674226112115,0.051704545454545454,0.08879157100000157,0.08526395199999115,0.018180099999995036,0.9453697330000068
42fa6cae.qasm,53,15823.0,2601.0,0.0,503.0,126.0,0.0,0.0,86.0,0.062409288824383166,4.0,1.0,30.24418604651163,0.01384083044982699,6.395702498810231,270.0,182.59615384615384,3.6505190311418687,459.0,273.11538461538464,5.460207612456747,0.04844290657439446,0.1643809644188839,0.6910986908736262,0.5857164704083193,0.062409288824383166,3.6505190311418687,10.0,26.0,13.5,7.577468924094197,9.369112432712935,12.0413647681753,0.8846153846153846,0.8076923076923077,0.6923076923076923,0.8846153846153846,3.769230769230769,3.9297780884240217,0.8216578344090346,0.31445040747366326,0.03498654363706267,7.827374656462474,0.25873728117297606,0.20191186600004585,0.2724320949999992,0.018209746000025007,1.149748170999942
43168c33.qasm,7,17.0,10.0,5.0,11.0,6.0,7.0,0.0,5.0,0.23809523809523808,3.0,2.0,2.0,0.3,2.1709505944546685,8.0,4.5,2.7,4.0,1.8333333333333333,1.1,0.6,0.5882352941176471,0.4805194805194805,0.0909090909090909,0.23809523809523808,2.275,4.0,3.0,2.0,4.580069222725036,4.580069222725036,4.580069222725036,0.0,0.0,0.0,0.0,0.0,0.0,-12.0,0.0,1.0,3.0557604646877348,1.0,0.0007394809999823337,0.00018648200000370707,0.00032766700002184734,0.008648762999996507
4318a3ef.qasm,39,11557.0,1899.0,0.0,501.0,126.0,0.0,0.0,62.0,0.08367071524966262,4.0,1.0,30.629032258064516,0.018957345971563982,5.932466427725821,216.0,159.1578947368421,3.184834123222749,369.0,188.52631578947367,3.772511848341232,0.06635071090047394,0.16431599896166826,0.6886739341829162,0.5807332703015022,0.08367071524966262,3.184834123222749,8.0,19.0,10.0,7.373498438072787,9.142251436476561,11.799959194285087,0.8421052631578947,0.7368421052631579,0.5789473684210527,0.8421052631578947,3.6842105263157894,3.899457099211245,0.9879317638043976,0.5035317860746721,0.14902580305423907,7.860165122961075,0.44345418361166394,0.1614869740000131,0.1424359409999738,0.007773874999998043,1.0567706500000327
4327c91d.qasm,53,13689.0,2250.0,0.0,432.0,108.0,0.0,0.0,86.0,0.062409288824383166,4.0,1.0,26.162790697674417,0.012,6.415239833978443,261.0,177.23076923076923,4.096,396.0,232.6153846153846,5.376,0.048,0.16436554898093358,0.6961477987421384,0.5901442307692307,0.062409288824383166,4.096,10.0,26.0,13.5,7.565763040364966,9.358350495097703,12.032068625946428,0.8846153846153846,0.8076923076923077,0.6923076923076923,0.8846153846153846,3.769230769230769,3.9347993252832936,0.863259849244328,0.3258785942492013,0.04044444444444444,7.829382061026878,0.2905982905982906,0.18383935300005305,0.1806837369999812,0.010350118000019393,1.0405953370000134
432efc30.qasm,8,46.0,31.0,0.0,22.0,19.0,7.0,0.0,28.0,1.0,7.0,1.0,1.1071428571428572,0.06451612903225806,4.760647923290102,19.0,13.714285714285714,3.096774193548387,19.0,13.714285714285714,3.096774193548387,0.6129032258064516,0.6739130434782609,0.4375,0.15584415584415584,1.0,3.096774193548387,7.0,4.0,2.2857142857142856,5.392895593155036,5.392895593155036,5.392895593155036,0.14285714285714285,0.0,0.0,0.0,0.0,0.0,-12.0,0.0,1.0,3.110252917353403,1.0,0.0012762380000026496,0.000951957000040693,0.000357167999993635,0.01364012599998432
445caba2.qasm,8,40.0,32.0,0.0,16.0,14.0,8.0,0.0,28.0,1.0,7.0,1.0,1.1428571428571428,0.0625,4.75,20.0,14.285714285714286,3.125,20.0,14.285714285714286,3.125,0.4375,0.8,0.5625,0.21428571428571427,1.0,3.125,7.0,4.0,2.2857142857142856,5.47656645120612,5.47656645120612,5.47656645120612,0.14285714285714285,0.0,0.0,0.0,0.0,0.0,-12.0,0.0,1.0,3.128722284338427,1.0,0.0010500370000272596,0.0008431029999655948,0.0002860069999996995,0.0150584489999801
448ebca1.qasm,8,208.0,74.0,18.0,115.0,59.0,8.0,0.0,22.0,0.7857142857142857,6.0,1.0,3.3636363636363638,0.0945945945945946,4.271614305949792,49.0,36.42857142857143,3.445945945945946,47.0,31.285714285714285,2.9594594594594597,0.581081081081081,0.3557692307692308,0.3456521739130435,0.115527950310559,0.7857142857142857,3.176767676767677,7.0,4.0,2.2857142857142856,6.293889355859524,6.293889355859524,6.293889355859524,0.14285714285714285,0.0,0.0,0.0,1.8296221317225148,2.22450639166126,-12.0,0.0,1.0,4.92387065025574,1.0,0.0022521569999867097,0.0010616630000299665,0.0008885009999630711,0.071508796000046
46073cb3.qasm,128,659520.0,331712.0,0.0,,,128.0,0.0,7136.0,0.8779527559055118,127.0,1.0,46.48430493273543,0.00019293845263360988,12.400347290964458,262144.0,149304.94488188977,57.163225930928036,198656.0,147805.2283464567,56.58904109589041,,0.5029597282872392,,,0.8779527559055118,,,,,,,,,,,,,,,,,,,6.159044489999928,0.24650278399997205,1.0628000040924235e-05,5.285000042931642e-06
46188cf9.qasm,50,14998.0,2466.0,0.0,502.0,126.0,0.0,0.0,80.0,0.0653061224489796,4.0,1.0,30.825,0.014598540145985401,6.301698141038849,270.0,178.16326530612244,3.54014598540146,558.0,270.3673469387755,5.372262773722627,0.051094890510948905,0.1644219229230564,0.6957768924302788,0.5893162045694772,0.0653061224489796,3.54014598540146,9.0,25.0,12.755102040816327,7.5379704423550775,9.31788993521362,11.991836715857803,0.8775510204081632,0.7959183673469388,0.673469387755102,0.8163265306122449,3.5510204081632653,3.903566605223665,0.9200086043536304,0.4868995633187773,0.15004055150040552,7.86783311357445,0.2524336578210428,0.2428019310000309,0.17752877199995964,0.010564993000002687,1.0366291730000512
46de7f9b.qasm,30,10771.0,3266.0,0.0,10099.0,3045.0,0.0,0.0,145.0,0.3333333333333333,19.0,1.0,22.52413793103448,0.23515003061849357,4.441987879232534,1716.0,313.0344827586207,2.7795468462951622,1616.0,407.17241379310343,3.6154317207593385,0.9301898346601347,0.30322161359205274,0.0463313199326666,0.002294525576106884,0.3333333333333333,2.7795468462951622,24.0,15.0,7.758620689655173,7.565244024851883,9.357402629333205,11.917173643968356,0.7931034482758621,0.6551724137931034,0.4482758620689655,0.5862068965517241,3.0418730731310606,0.585946650408156,-4.924963567897557,0.015091512362196297,0.6439069197795468,7.574916568727685,0.5971590381580169,0.13572346899991317,0.13989538800001355,0.01316198600000007,1.1110719490000065
4737100f.qasm,128,56832.0,16192.0,0.0,1254.0,501.0,128.0,0.0,4096.0,0.5039370078740157,64.0,1.0,3.953125,0.00024703557312252963,11.990898713034925,4128.0,2783.748031496063,21.83399209486166,4128.0,2783.748031496063,21.83399209486166,0.030941205533596836,0.2849099099099099,0.45494417862838915,0.3489808989187356,0.5039370078740157,21.83399209486166,64.0,64.0,32.25196850393701,9.160478404528277,10.966267249053306,13.674491946026434,0.952755905511811,0.9212598425196851,0.8740157480314961,0.6535433070866141,2.7086614173228347,4.000000000000001,1.130000832546768,0.022107813446396122,0.00030879446640316206,7.939904540478644,0.001583614864864865,0.37732071300001735,0.26587132899999233,0.07689356299999872,0.7906328000000258
474aa01a.qasm,53,14105.0,2322.0,0.0,432.0,108.0,0.0,0.0,86.0,0.062409288824383166,4.0,1.0,27.0,0.011627906976744186,6.426264754702099,270.0,182.76923076923077,4.093023255813954,405.0,239.8846153846154,5.372093023255814,0.046511627906976744,0.16462247429989366,0.7174615653389238,0.6086627492877492,0.062409288824383166,4.093023255813954,10.0,26.0,13.5,7.5794687904805915,9.372484974552886,12.047387820917107,0.8846153846153846,0.8076923076923077,0.6923076923076923,0.8269230769230769,3.6538461538461537,3.9318813624804356,0.8419629906305193,0.3202627388535032,0.03919035314384152,7.844487619812146,0.15710740872031195,0.19275399900004686,0.1813466309999967,0.009007107999991604,0.8868963539999868
4846208f.qasm,15,73.0,46.0,4.0,,,3.0,0.0,46.0,0.4380952380952381,9.0,5.0,1.0,0.021739130434782608,5.5235619560570095,25.0,11.857142857142858,3.608695652173913,25.0,11.857142857142858,3.608695652173913,,0.6301369863013698,,,0.4380952380952381,2.942857142857143,9.0,7.0,4.0,5.790741742615034,7.413886670966844,8.183413854636191,0.5714285714285714,0.2857142857142857,0.0,0.0,1.5689845917615775,1.0,-12.0,0.0,1.0,5.532184710423082,1.0,0.0014265080000086527,0.0008196509999720547,0.0004270670000323662,0.03395329799997171
4a262567.qasm,45,13467.0,2214.0,0.0,501.0,126.0,0.0,0.0,72.0,0.07272727272727272,4.0,1.0,30.75,0.016260162601626018,6.14911633429093,243.0,168.13636363636363,3.341463414634146,315.0,212.52272727272728,4.223577235772358,0.056910569105691054,0.16440187124081088,0.695542248835662,0.5881872618399565,0.07272727272727272,3.341463414634146,9.0,22.0,11.5,7.459812961687268,9.241957151112375,11.896301018168153,0.8636363636363636,0.7727272727272727,0.6363636363636364,0.8636363636363636,3.727272727272727,3.9189725480911597,0.951358112452131,0.4870848708487085,0.14814814814814814,7.858504143012899,0.360139600504938,0.190167984000027,0.1889299540000593,0.015922437999961403,1.0602674230000275
4a5eba47.qasm,128,509.0,254.0,0.0,256.0,129.0,128.0,0.0,127.0,0.015625,2.0,1.0,2.0,0.007874015748031496,6.988684686772147,2.0,2.0,1.0,2.0,2.0,1.0,0.5078740157480315,0.49901768172888017,0.023284912109375,0.007781742125984252,0.015625,1.0,1.0,2.0,1.984251968503937,3.9558320102324216,3.9558320102324216,3.9558320102324216,0.0,0.0,0.0,0.0,1.0,1.0,-12.0,0.0,1.0,4.002122846225162,1.0,0.008782102999987274,0.005438771000001452,0.0012142260000018723,0.028734019000012267
4ae57e38.qasm,32,1616.0,1488.0,0.0,129.0,125.0,32.0,0.0,496.0,1.0,31.0,1.0,3.0,0.0020161290322580645,8.954196310386761,768.0,528.0,11.0,768.0,528.0,11.0,0.08400537634408602,0.9207920792079208,0.751937984496124,0.371842960740185,1.0,11.0,31.0,16.0,8.258064516129032,7.8246632776073755,9.626742004509808,12.321912222532628,0.8064516129032258,0.6774193548387096,0.4838709677419355,0.0,2.3225806451612905,2.6865972355991388,-12.0,0.0,1.0,7.099085650744283,0.4993811881188119,0.02610259800002268,0.011410603000001629,0.006386964999990141,1.073338399000022
4cbdcf4f.qasm,24,7120.0,1170.0,0.0,501.0,126.0,0.0,0.0,37.0,0.13405797101449277,4.0,1.0,31.62162162162162,0.03076923076923077,5.1947680050365905,198.0,147.1304347826087,2.8923076923076922,315.0,209.7391304347826,4.123076923076923,0.1076923076923077,0.16432584269662923,0.6894544244843646,0.5744163846220602,0.13405797101449277,2.8923076923076922,6.0,12.0,6.260869565217392,7.109376335248357,8.86794268713831,11.384922215273296,0.7391304347826086,0.5652173913043478,0.30434782608695654,0.7391304347826086,3.4782608695652173,3.9153638796384422,1.0286602423044315,0.5624,0.18547008547008548,7.870341770970252,0.6814606741573034,0.09673642899997503,0.12382766000001766,0.00541451099996948,1.1107273890000329
4d59437e.qasm,57,558001.0,100400.0,184800.0,,,57.0,52425.0,40.0,0.02506265664160401,10.0,26.0,2510.0,0.06374501992031872,5.182231601552668,33600.0,11735.714285714286,6.5458167330677295,32000.0,4207.142857142857,2.346613545816733,,0.1799279929605861,,,0.02506265664160401,24.83705848693451,55.0,28.0,14.5,9.76702596580697,11.571492492138717,14.277120488734463,0.8928571428571429,0.8214285714285714,0.7142857142857143,0.0,0.0,0.0,-12.0,0.0,1.0,5.122127371511368,0.005026666666666666,0.605873014999986,0.28650090600001477,0.2645277380000266,1.0207451469999569
4d78cdd5.qasm,3,19.0,8.0,0.0,11.0,8.0,3.0,0.0,3.0,1.0,2.0,1.0,2.6666666666666665,0.5,1.5,6.0,5.0,1.25,6.0,5.0,1.25,1.0,0.42105263157894735,0.8181818181818182,0.36363636363636365,1.0,1.25,2.0,1.0,1.0,1.9084850188786497,1.9084850188786497,1.9084850188786497,0.0,0.0,0.0,0.0,0.0,1.0,-12.0,0.0,1.0,2.08278537031645,1.0,0.00045554700000138837,0.00026036600002043997,0.00015759699999762233,0.0011471599999595128
4dc2ff13.qasm,16,47.0,15.0,0.0,17.0,15.0,16.0,0.0,15.0,0.125,2.0,1.0,1.0,0.06666666666666667,3.906890595608518,1.0,1.0,1.0,1.0,1.0,1.0,1.0,0.3191489361702128,0.22794117647058823,0.11764705882352941,0.125,1.0,1.0,1.0,1.0,2.08278537031645,2.08278537031645,2.08278537031645,0.0,0.0,0.0,0.0,1.0,0.9892004874311032,-12.0,0.0,1.0,2.367355921026019,1.0,0.0014316740000026584,0.0008105649999947673,0.0002192320000062864,0.0020639159999973344
4e8df7a8.qasm,177,2070001.0,364400.0,712800.0,,,177.0,196485.0,130.0,0.008346173600410888,40.0,86.0,2803.076923076923,0.01756311745334797,6.971361524612452,129600.0,41029.545454545456,19.81668496158068,128000.0,15656.818181818182,7.562019758507135,,0.17603856230021145,,,0.008346173600410888,76.4156988316746,175.0,88.0,44.5,10.257130807205865,12.063142430788956,14.772071088262525,0.9659090909090909,0.9431818181818182,0.9090909090909091,0.0,0.0,0.0,-12.0,0.0,1.0,5.128014566809403,0.00184,2.3383216540000262,0.290863451000007,0.275868494000008,1.1078408959999706
4f476879.qasm,28,8220.0,1350.0,0.0,501.0,126.0,0.0,0.0,43.0,0.11375661375661375,4.0,1.0,31.3953488372093,0.02666666666666667,5.411435190178571,198.0,140.0,2.8,279.0,159.66666666666666,3.1933333333333334,0.09333333333333334,0.16423357664233576,0.6822070145423439,0.5706365047682412,0.11375661375661375,2.8,6.0,14.0,7.2592592592592595,7.150726268389979,8.912264423427496,11.51865771401333,0.7777777777777778,0.6296296296296297,0.4074074074074074,0.7777777777777778,3.5555555555555554,3.915363879638445,1.0382698936894745,0.5691446842525979,0.17407407407407408,7.8730402896889995,0.5501216545012165,0.1059872860000155,0.10313073399998984,0.006489774999977271,1.0245662290000155
4f48ab57.qasm,16,390.0,228.0,0.0,96.0,62.0,0.0,0.0,57.0,0.475,12.0,1.0,4.0,0.017543859649122806,5.832890014164737,132.0,90.66666666666667,5.964912280701754,96.0,64.0,4.2105263157894735,0.2719298245614035,0.5846153846153846,0.40234375,0.20416666666666666,0.475,5.964912280701754,15.0,8.0,4.266666666666667,6.737269711205539,8.509014254536469,10.247712506414025,0.6,0.3333333333333333,0.0,0.6,3.2,3.9144469067347973,0.853058215672971,0.42776886035313,0.16666666666666666,7.616669742397472,1.0,0.004510182999979406,0.003045936000034999,0.0013155289999531306,0.6660754750000137
4f9a3ab1.qasm,32,91.0,61.0,30.0,77.0,47.0,32.0,0.0,46.0,0.09274193548387097,4.0,1.0,1.326086956521739,0.03278688524590164,5.438934058874358,31.0,16.483870967741936,8.37704918032787,3.0,2.903225806451613,1.4754098360655739,0.7704918032786885,0.6703296703296703,0.08603896103896104,0.005865102639296189,0.09274193548387097,10.08713692946058,16.0,16.0,8.258064516129032,6.987290473406025,8.785362533306454,11.482686358097487,0.8064516129032258,0.6774193548387096,0.4838709677419355,0.0,0.0,0.0,-12.0,0.0,1.0,4.5678377032007615,1.0,0.001564723999990747,0.0006757750000474516,0.001324299999964751,0.3128656370000158
4fd60583.qasm,98,231861.0,85958.0,0.0,,,0.0,0.0,641.0,0.13486219229960025,51.0,1.0,134.09984399375975,0.00595639731031434,8.390430834498966,81478.0,42392.16494845361,47.83778124200191,40680.0,18185.680412371134,20.521778077665836,,0.3707307395379128,,,0.13486219229960025,46.92184216670558,91.0,49.0,24.75257731958763,9.517516890167864,11.323645630877271,14.032900025096696,0.9381443298969072,0.8969072164948454,0.8350515463917526,0.020618556701030927,0.8119060567233346,3.7054527035665568,-11.99991770900782,0.012654502648616834,0.009455988792902171,7.232500300015845,0.035140935165696836,0.31116768699996555,0.7036047440000175,0.07571123299999272,1.3853883819999737
4ffb1090.qasm,129,59424.0,18432.0,16416.0,,,129.0,0.0,2080.0,0.25193798449612403,65.0,2.0,8.861538461538462,0.0007595486111111111,10.778585442099379,18432.0,6160.5,42.78125,15872.0,4944.59375,34.33745659722222,,0.31017770597738287,,,0.25193798449612403,,,,,,,,,,,,,,,,,,,0.6329965759999823,0.23811816700003874,8.769000032771146e-06,3.902999992533296e-06
5050d142.qasm,41,62.0,0.0,20.0,22.0,0.0,1.0,0.0,0.0,0.0,0.0,41.0,0.0,0.0,0.0,0.0,0.0,0.0,0.0,0.0,0.0,0.0,0.0,0.1130820399113082,0.045454545454545456,0.0,20.25,40.0,20.0,10.5,7.113527867879163,8.911631389305569,11.606535391885908,0.85,0.75,0.6,0.0,1.0,1.9946169860943317,-12.0,0.0,1.0,5.844234176241737,1.0,0.0012787020000359917,0.0008555769999816221,0.0007938029999650098,0.4298501290000445
51b16166.qasm,24,7120.0,1170.0,0.0,501.0,126.0,0.0,0.0,37.0,0.13405797101449277,4.0,1.0,31.62162162162162,0.03076923076923077,5.1947680050365905,198.0,147.1304347826087,2.8923076923076922,315.0,209.7391304347826,4.123076923076923,0.1076923076923077,0.16432584269662923,0.6894544244843646,0.5744163846220602,0.13405797101449277,2.8923076923076922,6.0,12.0,6.260869565217392,7.109376335248357,8.86794268713831,11.384922215273296,0.7391304347826086,0.5652173913043478,0.30434782608695654,0.7391304347826086,3.4782608695652173,3.9136364816501894,1.0142231376130562,0.5648,0.18547008547008548,7.87039571681935,0.6814606741573034,0.10389387100002523,0.10476598999997577,0.008955286000002616,1.0367120120000095
51b543de.qasm,53,23473.0,3870.0,0.0,717.0,180.0,0.0,0.0,86.0,0.062409288824383166,4.0,1.0,45.0,0.011627906976744186,6.426264754702099,450.0,304.61538461538464,4.093023255813954,675.0,399.8076923076923,5.372093023255814,0.046511627906976744,0.1648702764878797,0.7195336964816715,0.6103422379573007,0.062409288824383166,4.093023255813954,10.0,26.0,13.5,7.801478137459915,9.594707967546153,12.269893110984595,0.8846153846153846,0.8076923076923077,0.6923076923076923,0.7884615384615384,3.5961538461538463,3.9186901829350287,0.8706724906189971,0.3308676529388245,0.023514211886304908,7.845130654305197,0.09385251139607208,0.33756301999994776,0.3696458550000443,0.018756043999928806,1.165166580999994
52b00428.qasm,53,16447.0,2709.0,0.0,503.0,126.0,0.0,0.0,86.0,0.062409288824383166,4.0,1.0,31.5,0.013289036544850499,6.411492890736352,279.0,190.21153846153845,3.6511627906976742,477.0,284.53846153846155,5.461794019933555,0.046511627906976744,0.16471088952392535,0.7185565850181928,0.6095733292552379,0.062409288824383166,3.6511627906976742,10.0,26.0,13.5,7.5957168953710905,9.387968233263058,12.061859256086771,0.8846153846153846,0.8076923076923077,0.6923076923076923,0.7884615384615384,3.5961538461538463,3.9359292974720734,0.8641263992167582,0.3232706917233107,0.03359173126614987,7.846666463300796,0.13394540037696845,0.21036932600009095,0.19690976200001842,0.020771941999896626,1.060521566000034
53442dc5.qasm,8,48.0,39.0,0.0,18.0,16.0,8.0,0.0,28.0,1.0,7.0,1.0,1.3928571428571428,0.07692307692307693,4.701943564960621,21.0,15.285714285714286,2.7435897435897436,21.0,15.285714285714286,2.7435897435897436,0.41025641025641024,0.8125,0.6041666666666666,0.23809523809523808,1.0,2.7435897435897436,7.0,4.0,2.2857142857142856,5.488337747191144,5.488337747191144,5.488337747191144,0.14285714285714285,0.0,0.0,0.0,1.0,1.0,-12.0,0.0,1.0,3.989138224215789,1.0,0.005004414000040924,0.0010113789999763867,0.0007903700000042591,0.013261536000015894
5357322a.qasm,28,2991.0,922.0,0.0,2483.0,760.0,0.0,0.0,108.0,0.2857142857142857,17.0,1.0,8.537037037037036,0.20824295010845986,4.922656101438545,524.0,137.85185185185185,4.036876355748373,444.0,157.7037037037037,4.61822125813449,0.8210412147505423,0.30825810765630224,0.056282722513089,0.007577452603630618,0.2857142857142857,4.036876355748373,23.0,14.0,7.2592592592592595,7.171025196787284,8.941844553310318,11.451893140571022,0.7777777777777778,0.6296296296296297,0.4074074074074074,0.6666666666666666,3.336178355446327,3.0931000171398617,-1.705400645027575,0.2576859504132231,0.6247288503253796,7.801113486513716,0.7796723503844868,0.03834262300000546,0.036231417000010424,0.003972771000007924,1.009810616999971
5385a9e9.qasm,47,13861.0,2277.0,0.0,502.0,126.0,0.0,0.0,74.0,0.06845513413506013,4.0,1.0,30.77027027027027,0.015810276679841896,6.188800540781081,243.0,168.65217391304347,3.4071146245059287,315.0,220.5,4.454545454545454,0.05533596837944664,0.16427386191472476,0.6839874544375689,0.5785120388013165,0.06845513413506013,3.4071146245059287,9.0,23.0,12.0,7.485452492238303,9.262023887284572,11.932681616391688,0.8695652173913043,0.782608695652174,0.6521739130434783,0.8695652173913043,3.739130434782609,3.8994911395322673,0.9328958459656048,0.4813468992248062,0.14800175669740886,7.862702989092872,0.29146526224659114,0.1723966050000172,0.1554613439999457,0.009539139000025898,1.107553156999984
53e971c2.qasm,16,199.0,115.0,0.0,193.0,109.0,16.0,0.0,22.0,0.18333333333333332,15.0,1.0,5.2272727272727275,0.08695652173913043,4.203244145078572,91.0,37.06666666666667,4.834782608695652,91.0,44.06666666666667,5.747826086956522,0.9478260869565217,0.5778894472361809,0.1016839378238342,0.0020725388601036342,0.18333333333333332,4.834782608695652,8.0,8.0,4.266666666666667,6.3392019236121,8.132150426384378,9.672873888318035,0.6,0.3333333333333333,0.0,0.0,0.0,0.0,-12.0,0.0,1.0,3.901839592051229,1.0,0.0021752170000013393,0.0007313049999879695,0.0006493170000112514,0.051427469999964615
54c8f710.qasm,8,,,,,,,,,,,,,,,,,,,,,,,,,,1.0,1.0,2.0,1.2857142857142858,2.285557309007774,2.285557309007774,2.285557309007774,0.0,0.0,0.0,0.0,0.5714285714285714,1.0,-12.0,0.0,1.0,2.3961993470957363,1.0,0.0001562140000146428,0.0003106309999907353,0.00024390800001583557,0.00112507099998993
54f0b8c5.qasm,31,779.0,389.0,29.0,363.0,194.0,31.0,0.0,80.0,0.17204301075268819,10.0,1.0,4.8625,0.04627249357326478,6.020061674627092,244.0,140.96666666666667,10.87146529562982,129.0,61.2,4.719794344473008,0.4987146529562982,0.4993581514762516,0.1089487247845019,0.03820018365472911,0.17204301075268819,10.60923623445826,23.0,15.0,8.0,7.380537292539561,9.18227992406236,11.879335741365285,0.8,0.6666666666666666,0.4666666666666667,0.0,0.0,0.0,-12.0,0.0,1.0,4.95935149192863,1.0,0.011283439000010276,0.006634935000022324,0.002595919999976104,0.7512706500000377
551cc6ea.qasm,56,2037.0,2037.0,0.0,93.0,93.0,0.0,0.0,97.0,0.06298701298701298,4.0,1.0,21.0,0.010309278350515464,6.599912842187142,168.0,149.29090909090908,4.030927835051546,273.0,187.47272727272727,5.061855670103093,0.045655375552282766,1.0,0.782258064516129,0.38005865102639297,0.06298701298701298,4.030927835051546,7.0,28.0,14.254545454545454,7.519286572739771,9.320161674616621,11.976233794244846,0.8909090909090909,0.8181818181818182,0.7090909090909091,0.8909090909090909,3.7818181818181817,1.5530712125281607,-0.721436370993168,0.7869327325394271,0.002454590083456063,7.92743857682313,0.20569464899361806,0.035503724000022885,0.03163648999998259,0.008696018000023287,1.165780950999988
568c1ef9.qasm,31,78.0,40.0,38.0,60.0,4.0,31.0,0.0,20.0,0.043010752688172046,2.0,11.0,2.0,0.075,4.133206219346494,31.0,13.366666666666667,10.025,3.0,1.3333333333333333,1.0,0.775,0.5128205128205128,0.1043010752688172,0.010000000000000002,0.043010752688172046,10.735074626865671,22.0,15.0,8.0,7.061922446504693,8.858776155590522,11.555747047018967,0.8,0.6666666666666666,0.4666666666666667,0.0,0.0,0.0,-12.0,0.0,1.0,4.642355685665445,1.0,0.0018923989999848345,0.0007700720000229921,0.0013072550000288174,0.3132744069999944
574915eb.qasm,85,331.0,213.0,0.0,13.0,10.0,0.0,0.0,208.0,0.05826330532212885,8.0,1.0,1.0240384615384615,0.009389671361502348,7.687761263418365,33.0,23.345238095238095,9.206572769953052,44.0,28.5,11.23943661971831,0.046948356807511735,0.6435045317220544,0.49230769230769234,0.2912087912087912,0.05826330532212885,9.206572769953052,17.0,33.0,18.154761904761905,6.874595971698823,8.65771459386107,11.311277973646206,0.9285714285714286,0.8809523809523809,0.8095238095238095,0.5952380952380952,3.5212456529233043,4.000000000000001,1.6254899550060777,0.12617956322458884,0.22535211267605634,7.793675644573116,1.0,0.006616688000008253,0.0018621309999957703,0.001615248000007341,0.8695523439999988
577f5adb.qasm,115,173.0,0.0,57.0,59.0,0.0,1.0,0.0,0.0,0.0,0.0,115.0,0.0,0.0,0.0,0.0,0.0,0.0,0.0,0.0,0.0,0.0,0.0,0.04229918938835667,0.01694915254237288,0.0,57.25,114.0,57.0,29.0,8.026180362116518,9.83013702586642,12.535818864349428,0.9473684210526315,0.9122807017543859,0.8596491228070176,0.0,1.1842105263157894,1.7017536577048051,-12.0,0.0,1.0,6.264513946615257,0.4396313364055299,0.0026709759999903326,0.002132254000002831,0.0020357129999979406,1.2185448860000179
587be285.qasm,36,10940.0,1800.0,0.0,501.0,126.0,0.0,0.0,57.0,0.09047619047619047,4.0,1.0,31.57894736842105,0.02,5.818171939471842,225.0,160.97142857142856,3.13,405.0,241.45714285714286,4.695,0.07,0.16453382084095064,0.7063650476824129,0.5953236384374109,0.09047619047619047,3.13,7.0,18.0,9.257142857142858,7.343176770347022,9.104357806489995,11.760386356118078,0.8285714285714286,0.7142857142857143,0.5428571428571428,0.8285714285714286,3.657142857142857,3.907246943628613,0.9787736216500008,0.5397232188621219,0.15222222222222223,7.865951455280958,0.4556672760511883,0.13992571500000395,0.143634856999995,0.009648884000000635,1.0709935070000256
588e0101.qasm,28,133.0,71.0,0.0,13.0,9.0,0.0,0.0,71.0,0.18783068783068782,7.0,1.0,1.0,0.014084507042253521,6.149747119504677,23.0,15.962962962962964,6.070422535211268,20.0,14.62962962962963,5.563380281690141,0.1267605633802817,0.5338345864661654,0.5604395604395604,0.34188034188034183,0.18783068783068782,6.070422535211268,14.0,14.0,7.2592592592592595,6.183563925206635,7.947447922006073,10.578248428064848,0.7777777777777778,0.6296296296296297,0.4074074074074074,0.3333333333333333,2.4814814814814814,4.0,0.9154152989862859,0.11883691529709228,0.5352112676056338,6.983047970388036,1.0,0.0026510700000130782,0.0009317889999920226,0.0006569730000478557,0.20316098699998975
591d39f6.qasm,53,21131.0,3483.0,0.0,645.0,162.0,0.0,0.0,86.0,0.062409288824383166,4.0,1.0,40.5,0.012919896640826873,6.417340814540316,441.0,297.1730769230769,4.4366925064599485,612.0,355.15384615384613,5.3023255813953485,0.046511627906976744,0.1648289243291846,0.7200234020769344,0.6107930828861061,0.062409288824383166,4.4366925064599485,10.0,26.0,13.5,7.791433005815553,9.585154256421124,12.260986596686053,0.8846153846153846,0.8076923076923077,0.6923076923076923,0.8269230769230769,3.6538461538461537,3.927263059856572,0.8751482198272296,0.330015923566879,0.026126902095894345,7.845615466516332,0.10486962282901897,0.2603687409999793,0.25072047000003295,0.014200845999994272,0.9974282270000003
59267ce4.qasm,32,46.0,15.0,0.0,17.0,15.0,31.0,0.0,15.0,0.03024193548387097,15.0,17.0,1.0,0.06666666666666667,3.906890595608518,15.0,7.741935483870968,16.0,14.0,3.4193548387096775,7.066666666666666,1.0,0.32608695652173914,0.11213235294117647,0.05502846299810247,0.03024193548387097,16.0,30.0,10.0,5.32258064516129,5.957067315485521,7.688314021032219,10.082693858812481,0.6774193548387096,0.4838709677419355,0.1935483870967742,0.0,0.0,0.0,-12.0,0.0,1.0,3.5706596700215343,1.0,0.000943979999988187,0.000311938999971062,0.0001902210000253035,0.026812640999992254
5a4964e2.qasm,53,23473.0,3870.0,0.0,717.0,180.0,0.0,0.0,86.0,0.062409288824383166,4.0,1.0,45.0,0.011627906976744186,6.426264754702099,450.0,304.61538461538464,4.093023255813954,675.0,399.8076923076923,5.372093023255814,0.046511627906976744,0.1648702764878797,0.7195336964816715,0.6103422379573007,0.062409288824383166,4.093023255813954,10.0,26.0,13.5,7.801478137459915,9.594707967546153,12.269893110984595,0.8846153846153846,0.8076923076923077,0.6923076923076923,0.8269230769230769,3.6538461538461537,3.927263059856572,0.8751482198272296,0.330015923566879,0.023514211886304908,7.845615466516332,0.09440633919822775,0.3061192339999934,0.2847911630000226,0.01658572799999547,1.0332898529999284
5a741dbe.qasm,18,480.0,118.0,130.0,,,13.0,65.0,10.0,0.06535947712418301,2.0,8.0,11.8,0.11016949152542373,3.213562989849063,117.0,37.0,5.330508474576271,13.0,6.9411764705882355,1.0,,0.24583333333333332,,,0.06535947712418301,5.894209354120267,13.0,9.0,4.764705882352941,7.319886566861814,9.120116660431963,11.708326826052907,0.6470588235294118,0.4117647058823529,0.058823529411764705,0.6470588235294118,3.2941176470588234,4.000000000000001,0.44436362117943423,0.4191747572815534,0.0077951002227171495,7.888760402500685,0.4260869565217391,0.008970908000037525,0.004745382999999492,0.004162907999955223,0.9433683590000328
5a9f20b0.qasm,53,15823.0,2601.0,0.0,503.0,126.0,0.0,0.0,86.0,0.062409288824383166,4.0,1.0,30.24418604651163,0.01384083044982699,6.395702498810231,270.0,182.59615384615384,3.6505190311418687,459.0,273.11538461538464,5.460207612456747,0.04844290657439446,0.1643809644188839,0.6910986908736262,0.5857164704083193,0.062409288824383166,3.6505190311418687,10.0,26.0,13.5,7.577468924094197,9.369112432712935,12.0413647681753,0.8846153846153846,0.8076923076923077,0.6923076923076923,0.8846153846153846,3.769230769230769,3.9347993252832936,0.863259849244328,0.3258785942492013,0.03498654363706267,7.829382061026878,0.2514061808759401,0.21557815500000288,0.2004325059999701,0.011448279000092043,1.045551670000009
5b419375.qasm,140,714.0,502.0,0.0,17.0,15.0,0.0,0.0,492.0,0.05056526207605344,10.0,1.0,1.0203252032520325,0.00398406374501992,8.931702916500683,74.0,49.539568345323744,13.717131474103585,102.0,72.29496402877697,20.01792828685259,0.029880478087649404,0.7030812324929971,0.5109243697478991,0.2949640287769784,0.05056526207605344,13.717131474103585,28.0,70.0,32.30935251798561,7.432926356098424,9.229794950167529,11.91941011222879,0.9568345323741008,0.9280575539568345,0.8848920863309353,0.5107913669064749,3.034842994756399,4.000000000000001,1.7104253665224864,0.14086378737541527,0.0099601593625498,7.878443023653612,0.48599439775910364,0.011095052000030137,0.004027892999999949,0.0024550619999672563,1.0863555120000115
5b482142.qasm,2,11.0,3.0,0.0,7.0,3.0,2.0,0.0,1.0,1.0,1.0,1.0,3.0,1.0,-0.0,3.0,3.0,1.0,3.0,3.0,1.0,1.0,0.2727272727272727,1.0,0.5714285714285714,1.0,1.0,1.0,1.0,1.0,1.3979400086720377,1.3979400086720377,1.3979400086720377,0.0,0.0,0.0,0.0,1.0,0.9981776629898969,-12.0,0.0,1.0,1.3979400086720377,1.0,0.00044540600003983855,0.00035307099994952296,0.00013346700001193312,0.00041003400002637136
5b58ce32.qasm,4,89.0,9.0,0.0,27.0,7.0,4.0,0.0,3.0,0.5,2.0,1.0,3.0,0.3333333333333333,1.584962500721156,3.0,3.0,1.0,3.0,3.0,1.0,0.7777777777777778,0.10112359550561797,0.9074074074074074,0.7654320987654321,0.5,1.0,1.0,2.0,1.3333333333333333,2.2671717284030137,2.2671717284030137,2.2671717284030137,0.0,0.0,0.0,0.0,1.3333333333333333,1.217621570069286,-12.0,0.0,1.0,2.44870631990508,1.0,0.0013865779999946426,0.0008912070000519634,0.000169083999992381,0.0012950670000009268
5c176f37.qasm,56,1280.0,776.0,0.0,50.0,41.0,0.0,0.0,97.0,0.06298701298701298,4.0,1.0,8.0,0.010309278350515464,6.599912842187142,64.0,56.872727272727275,4.030927835051546,104.0,71.41818181818182,5.061855670103093,0.05283505154639175,0.60625,0.7342857142857143,0.4472727272727273,0.06298701298701298,4.030927835051546,7.0,28.0,14.254545454545454,7.098404780828783,8.898012385268002,11.522727254893072,0.8909090909090909,0.8181818181818182,0.7090909090909091,0.8909090909090909,3.7818181818181817,1.5146929946108514,-0.6908732732454372,0.7858527131782945,0.006443298969072165,7.92542336907173,0.53984375,0.019666658000005555,0.017994466999994074,0.003085348000013255,1.0393614469999761
5c2359c8.qasm,64,4279.0,4030.0,0.0,375.0,370.0,1.0,0.0,2015.0,0.9995039682539683,63.0,1.0,2.0,0.0009925558312655087,10.961179508030504,2077.0,1384.1746031746031,21.638461538461538,2077.0,1384.1746031746031,21.638461538461538,0.09181141439205956,0.9418088338396822,0.34620833333333334,0.16524867724867723,0.9995039682539683,21.638461538461538,62.0,32.0,16.253968253968253,8.552666553138263,10.35829582470652,13.06573395654473,0.9047619047619048,0.8412698412698413,0.746031746031746,0.0,0.047619047619047616,2.645578635414912e-16,-12.0,0.0,1.0,5.1421422108480845,0.16125262911895302,0.05793768099999852,0.0745576319999941,0.016826712000010957,0.9503717489999985
5cfcb9cd.qasm,128,,,,,,,,,,,,,,,,,,,,,,,,,,0.0,0.0,0.0,0.0,0.0,0.0,0.0,0.0,0.0,0.0,0.0,0.0,0.0,-12.0,0.0,1.0,0.0,1.0,0.008560624000040207,0.08288379999999052,0.00044804399999520683,0.014894410000010794
5d14d092.qasm,45,13935.0,2295.0,0.0,501.0,126.0,0.0,0.0,73.0,0.07373737373737374,4.0,1.0,31.438356164383563,0.01568627450980392,6.175016818897889,252.0,174.88636363636363,3.3529411764705883,405.0,229.0909090909091,4.392156862745098,0.054901960784313725,0.16469321851453175,0.7198935462408517,0.6094175285792052,0.07373737373737374,3.3529411764705883,8.0,22.0,11.5,7.477255821729523,9.259996660236249,11.920133510820074,0.8636363636363636,0.7727272727272727,0.6363636363636364,0.8181818181818182,3.5681818181818183,3.8986690642952646,0.9545926313178982,0.5098135426889107,0.15468409586056645,7.867267047412683,0.2730534625044851,0.19683739399999922,0.1740994290000799,0.010871242000007442,1.0398677999999109
5d2b11a2.qasm,53,14105.0,2322.0,0.0,432.0,108.0,0.0,0.0,86.0,0.062409288824383166,4.0,1.0,27.0,0.011627906976744186,6.426264754702099,270.0,182.76923076923077,4.093023255813954,405.0,239.8846153846154,5.372093023255814,0.046511627906976744,0.16462247429989366,0.7174615653389238,0.6086627492877492,0.062409288824383166,4.093023255813954,10.0,26.0,13.5,7.5794687904805915,9.372484974552886,12.047387820917107,0.8846153846153846,0.8076923076923077,0.6923076923076923,0.8269230769230769,3.6538461538461537,3.9203181181175792,0.8389605039506041,0.33081210191082805,0.03919035314384152,7.844453273358721,0.15710740872031195,0.1851132649999272,0.21055081200006498,0.01703382299990608,1.0882936730000665
5d565485.qasm,53,14105.0,2322.0,0.0,432.0,108.0,0.0,0.0,86.0,0.062409288824383166,4.0,1.0,27.0,0.011627906976744186,6.426264754702099,270.0,182.76923076923077,4.093023255813954,405.0,239.8846153846154,5.372093023255814,0.046511627906976744,0.16462247429989366,0.7174615653389238,0.6086627492877492,0.062409288824383166,4.093023255813954,10.0,26.0,13.5,7.5794687904805915,9.372484974552886,12.047387820917107,0.8846153846153846,0.8076923076923077,0.6923076923076923,0.8269230769230769,3.6538461538461537,3.927263059856572,0.8751482198272296,0.330015923566879,0.03919035314384152,7.845615466516332,0.15710740872031195,0.2035569239999404,0.16690116899997065,0.009311636999996153,1.0214536299999963
5da1db4b.qasm,43,12865.0,2115.0,0.0,501.0,126.0,0.0,0.0,69.0,0.07641196013289037,4.0,1.0,30.652173913043477,0.01702127659574468,6.08749114837044,243.0,168.21428571428572,3.3404255319148937,279.0,186.64285714285714,3.706382978723404,0.059574468085106386,0.16439953361834433,0.695353479088335,0.5875867312993062,0.07641196013289037,3.3404255319148937,8.0,21.0,11.0,7.4391636335166345,9.221191008154559,11.870048228980183,0.8571428571428571,0.7619047619047619,0.6190476190476191,0.8571428571428571,3.7142857142857144,3.899491139532266,0.9231975869746797,0.4695715676728335,0.14657210401891252,7.852113818116257,0.42635056354450057,0.16448538800000279,0.18788753199999064,0.00891796999997041,0.9868990840000151
5e3dc35d.qasm,8,30.0,22.0,0.0,18.0,15.0,8.0,0.0,16.0,0.5714285714285714,7.0,1.0,1.375,0.09090909090909091,3.9139770731827523,15.0,10.0,3.1818181818181817,13.0,9.0,2.8636363636363638,0.6818181818181818,0.7333333333333333,0.3611111111111111,0.09523809523809525,0.5714285714285714,3.1818181818181817,7.0,4.0,2.2857142857142856,5.1853069545693735,5.1853069545693735,5.1853069545693735,0.14285714285714285,0.0,0.0,0.0,0.0,0.0,-12.0,0.0,1.0,2.975431808509263,1.0,0.000715458000001945,0.00039087199996856725,0.00019262600000047314,0.007418674000007286
5e4c8439.qasm,20,5760.0,945.0,0.0,501.0,126.0,0.0,0.0,30.0,0.15789473684210525,4.0,1.0,31.5,0.0380952380952381,4.892118731642768,171.0,126.47368421052632,2.5428571428571427,252.0,179.52631578947367,3.6095238095238096,0.13333333333333333,0.1640625,0.6691616766467066,0.5524739993696817,0.15789473684210525,2.5428571428571427,5.0,10.0,5.2631578947368425,6.960432388581718,8.64603217300255,11.154786160819661,0.6842105263157895,0.47368421052631576,0.15789473684210525,0.6842105263157895,3.3684210526315788,3.9105002382122924,1.045807121058068,0.551906779661017,0.2105820105820106,7.866404795425319,0.9067708333333333,0.08306187699997736,0.07621181500002194,0.004327636000027724,1.133456998999975
5e6b0a76.qasm,11,70.0,36.0,8.0,,,3.0,0.0,15.0,0.2727272727272727,6.0,1.0,2.4,0.1111111111111111,3.781036112553423,18.0,12.5,3.4722222222222223,15.0,7.5,2.0833333333333335,,0.5142857142857142,,,0.2727272727272727,3.392857142857143,10.0,5.0,3.0,6.0070582470264045,6.812427811349263,6.812427811349263,0.4,0.0,0.0,0.0,0.0,3.0,-12.0,0.0,1.0,4.3686401285764855,1.0,0.0017106340000054843,0.0029239400000165006,0.0008159619999901224,0.03748794000000544
5eaee29f.qasm,16,295.0,238.0,0.0,87.0,82.0,1.0,0.0,119.0,0.9916666666666667,15.0,1.0,2.0,0.01680672268907563,6.835994233896183,133.0,88.2,5.5588235294117645,133.0,88.2,5.5588235294117645,0.3445378151260504,0.8067796610169492,0.3829022988505747,0.15938697318007664,0.9916666666666667,5.5588235294117645,14.0,8.0,4.266666666666667,6.71884641339071,8.485766989530447,10.20483992467991,0.6,0.3333333333333333,0.0,0.4666666666666667,2.9271260397072343,1.7948365784106117,-4.602845279337965,0.2745016611295681,0.47478991596638653,7.422327164912104,1.0,0.004886499000008371,0.0032806090000008226,0.0012269620000324721,0.454908434999993
5ed4dd47.qasm,7,14.0,8.0,6.0,12.0,4.0,7.0,0.0,4.0,0.19047619047619047,2.0,3.0,2.0,0.375,1.811278124459133,7.0,2.8333333333333335,2.125,3.0,1.3333333333333333,1.0,0.875,0.5714285714285714,0.40476190476190477,0.02777777777777779,0.19047619047619047,2.840909090909091,6.0,3.0,2.0,4.738471370260282,4.738471370260282,4.738471370260282,0.0,0.0,0.0,0.0,0.0,0.0,-12.0,0.0,1.0,3.217220655644519,1.0,0.0008447089999776836,0.0003170720000298388,0.0004632359999732216,0.018271190999996634
5ee9c404.qasm,16,158.0,127.0,0.0,46.0,43.0,15.0,0.0,120.0,1.0,15.0,1.0,1.0583333333333333,0.015748031496062992,6.878448466299708,71.0,49.06666666666667,5.7952755905511815,71.0,49.06666666666667,5.7952755905511815,0.33858267716535434,0.8037974683544303,0.38722826086956524,0.16231884057971016,1.0,5.7952755905511815,15.0,8.0,4.266666666666667,6.44325062358394,8.20149905137972,9.917589928247107,0.6,0.3333333333333333,0.0,0.0,2.500760206998903,0.9310435946341171,-11.999999917099762,0.005947955390334572,0.4645669291338583,6.577270345113313,1.0,0.0034812449999890305,0.00221680900000365,0.0007677620000094976,0.14418115499995565
5ef5ff7c.qasm,53,15823.0,2601.0,0.0,503.0,126.0,0.0,0.0,86.0,0.062409288824383166,4.0,1.0,30.24418604651163,0.01384083044982699,6.395702498810231,270.0,182.59615384615384,3.6505190311418687,459.0,273.11538461538464,5.460207612456747,0.04844290657439446,0.1643809644188839,0.6910986908736262,0.5857164704083193,0.062409288824383166,3.6505190311418687,10.0,26.0,13.5,7.577468924094197,9.369112432712935,12.0413647681753,0.8846153846153846,0.8076923076923077,0.6923076923076923,0.8846153846153846,3.769230769230769,3.9186901829350287,0.8812240214667648,0.31388169687313283,0.03498654363706267,7.828075261139871,0.25557732414839157,0.19158471099990493,0.18249748499999896,0.010811020000005556,1.064012825000077
5f0ad979.qasm,41,12107.0,1989.0,0.0,501.0,126.0,0.0,0.0,65.0,0.07926829268292683,4.0,1.0,30.6,0.01809954751131222,6.000973656353442,216.0,161.55,3.248868778280543,279.0,175.05,3.520361990950226,0.06334841628959276,0.16428512430825143,0.686237281534492,0.5791417165668663,0.07926829268292683,3.248868778280543,8.0,20.0,10.5,7.399939978290751,9.180864032609222,11.831790934390213,0.85,0.75,0.6,0.825,3.675,3.9110953099132795,0.9403548109215015,0.4888448190381755,0.146807440925088,7.857395904828353,0.4356157594779879,0.16501542699995753,0.1379806180000287,0.007825185000001511,1.0810968629999707
5f39af5c.qasm,2,,,,,,,,,,,,,,,,,,,,,,,,,,1.0,1.0,1.0,1.0,2.08278537031645,2.08278537031645,2.08278537031645,0.0,0.0,0.0,0.0,0.0,0.0,-12.0,0.0,1.0,2.08278537031645,1.0,0.00023310899996431544,0.002218964999997297,0.0002716360000363238,0.002044956999952774
5f6a8a9b.qasm,8,160.0,68.0,9.0,140.0,63.0,8.0,0.0,13.0,0.4642857142857143,6.0,2.0,5.230769230769231,0.17647058823529413,3.4555821513866913,34.0,22.285714285714285,2.2941176470588234,42.0,17.714285714285715,1.8235294117647058,0.9264705882352942,0.425,0.21964285714285714,0.020408163265306114,0.4642857142857143,2.622950819672131,6.0,4.0,2.2857142857142856,5.982749146306792,5.982749146306792,5.982749146306792,0.14285714285714285,0.0,0.0,0.0,0.0,0.0,-12.0,0.0,1.0,3.6175245348862926,1.0,0.00203018700000257,0.0011484390000191524,0.0006177079999929447,0.031041178000009495
5f79d6db.qasm,41,12107.0,1989.0,0.0,501.0,126.0,0.0,0.0,65.0,0.07926829268292683,4.0,1.0,30.6,0.01809954751131222,6.000973656353442,216.0,161.55,3.248868778280543,279.0,175.05,3.520361990950226,0.06334841628959276,0.16428512430825143,0.686237281534492,0.5791417165668663,0.07926829268292683,3.248868778280543,8.0,20.0,10.5,7.399939978290751,9.180864032609222,11.831790934390213,0.85,0.75,0.6,0.825,3.675,3.9117234587931744,0.9789891419103367,0.4888448190381755,0.146807440925088,7.856318448275503,0.4356157594779879,0.16531425299996272,0.14611017200007836,0.009478870999942046,1.0134525030000532
613afa2d.qasm,28,7908.0,1296.0,0.0,501.0,126.0,0.0,0.0,43.0,0.11375661375661375,4.0,1.0,30.13953488372093,0.027777777777777776,5.4018171886117825,189.0,134.66666666666666,2.8055555555555554,270.0,151.66666666666666,3.1597222222222223,0.09722222222222222,0.1638846737481032,0.6561163387510693,0.5475715236194278,0.11375661375661375,2.8055555555555554,6.0,14.0,7.2592592592592595,7.133357009468179,8.890653689678444,11.497176368868525,0.7777777777777778,0.6296296296296297,0.4074074074074074,0.7777777777777778,3.5555555555555554,3.953875160871773,1.0143496618480348,0.5491759702286018,0.1743827160493827,7.8740734295213075,0.5505816894284269,0.10646265299999413,0.10375194900001361,0.005750856000020121,1.0739232059999608
622c4417.qasm,53,15823.0,2601.0,0.0,503.0,126.0,0.0,0.0,86.0,0.062409288824383166,4.0,1.0,30.24418604651163,0.01384083044982699,6.395702498810231,270.0,182.59615384615384,3.6505190311418687,459.0,273.11538461538464,5.460207612456747,0.04844290657439446,0.1643809644188839,0.6910986908736262,0.5857164704083193,0.062409288824383166,3.6505190311418687,10.0,26.0,13.5,7.577468924094197,9.369112432712935,12.0413647681753,0.8846153846153846,0.8076923076923077,0.6923076923076923,0.8846153846153846,3.769230769230769,3.927263059856572,0.8426909162665712,0.3017070265978563,0.03498654363706267,7.826825864780902,0.261391645073627,0.23443263199999365,0.21106532199996764,0.011859777000040594,1.1335546589999694
635bd24f.qasm,90,12169.0,3782.0,0.0,10178.0,3095.0,0.0,0.0,403.0,0.10062421972534331,45.0,3.0,9.384615384615385,0.20306716023268112,5.503787421823123,2182.0,423.23595505617976,9.959809624537282,2152.0,342.53932584269666,8.06081438392385,0.817028027498678,0.31078971156216617,0.01741337525381542,0.002197955051763995,0.10062421972534331,9.959809624537282,83.0,45.0,22.741573033707866,8.1861151502275,9.988278243497254,12.665770060056692,0.9325842696629213,0.8876404494382022,0.8202247191011236,0.02247191011235955,1.580105130562692,1.4407105824796504,-4.535511378125648,0.010227833815334698,0.14331041776837652,6.8665397473975345,0.49921932780014794,0.1931037040000092,0.1752722989999711,0.017880257999991045,1.0908045310000034
637811d8.qasm,49,14619.0,2403.0,0.0,502.0,126.0,0.0,0.0,78.0,0.0663265306122449,4.0,1.0,30.807692307692307,0.0149812734082397,6.2650382066524495,270.0,174.1875,3.4794007490636703,585.0,370.3125,7.397003745318352,0.052434456928838954,0.16437512825774678,0.6920074802829498,0.5858648738379814,0.0663265306122449,3.4794007490636703,9.0,24.0,12.5,7.518675848893539,9.297478582181872,11.96983841012934,0.875,0.7916666666666666,0.6666666666666666,0.8125,3.5416666666666665,3.9067287626276688,0.9144670874976563,0.49901429275505177,0.14773200166458594,7.869249472622283,0.25466858198235176,0.20147557000007055,0.2170426169999473,0.01713081599996258,1.055511421999995
63aaa50d.qasm,32,544.0,512.0,0.0,64.0,62.0,32.0,0.0,496.0,1.0,31.0,1.0,1.032258064516129,0.00390625,8.9375,272.0,184.25806451612902,11.15625,272.0,184.25806451612902,11.15625,0.12109375,0.9411764705882353,0.515625,0.24193548387096775,1.0,11.15625,31.0,16.0,8.258064516129032,7.367101775086817,9.168810986644194,11.863347332051736,0.8064516129032258,0.6774193548387096,0.4838709677419355,0.0,0.0,0.0,-12.0,0.0,1.0,4.9409993192401345,1.0,0.010285822000014377,0.006875562999994145,0.0026557850000017424,0.686847116000024
64273f69.qasm,36,10940.0,1800.0,0.0,501.0,126.0,0.0,0.0,57.0,0.09047619047619047,4.0,1.0,31.57894736842105,0.02,5.818171939471842,225.0,160.97142857142856,3.13,405.0,241.45714285714286,4.695,0.07,0.16453382084095064,0.7063650476824129,0.5953236384374109,0.09047619047619047,3.13,7.0,18.0,9.257142857142858,7.343176770347022,9.104357806489995,11.760386356118078,0.8285714285714286,0.7142857142857143,0.5428571428571428,0.8285714285714286,3.657142857142857,3.908122110001406,0.9897363044267103,0.5358790363915941,0.15222222222222223,7.866164850768634,0.4556672760511883,0.1495958449999648,0.16717292500004532,0.007592536000004202,0.943583622999995
6457f235.qasm,35,126.0,73.0,0.0,10.0,8.0,0.0,0.0,73.0,0.1226890756302521,6.0,1.0,1.0,0.0136986301369863,6.189824558880028,12.0,9.0,4.191780821917808,16.0,11.058823529411764,5.1506849315068495,0.1095890410958904,0.5793650793650794,0.5685714285714286,0.3411764705882353,0.1226890756302521,4.191780821917808,7.0,12.0,7.352941176470588,5.981837174108243,7.700607374406692,10.280142759124214,0.8235294117647058,0.7058823529411765,0.47058823529411764,0.35294117647058826,2.823529411764706,4.000000000000001,0.5106592630206026,0.04081632653061224,0.6438356164383562,6.626333899111186,1.0,0.0020508740000195758,0.0007302289999984168,0.00043261000001848515,0.08257504499999868
64731b8d.qasm,51,15481.0,2547.0,0.0,502.0,126.0,0.0,0.0,84.0,0.06588235294117648,4.0,1.0,30.321428571428573,0.014134275618374558,6.365716148894162,270.0,185.58,3.6431095406360425,486.0,269.28,5.286219081272085,0.04946996466431095,0.16452425553904787,0.7041637372080306,0.5967729083665338,0.06588235294117648,3.6431095406360425,9.0,25.0,13.0,7.565245821168867,9.346707595987779,12.022844675221373,0.88,0.8,0.68,0.76,3.48,3.9067287626276688,0.8813582933774455,0.47128094208123045,0.1464468001570475,7.863433174754945,0.24720625282604483,0.21058948500001407,0.24722738100001607,0.011401848999980757,1.0223954179999737
64f32748.qasm,49,14619.0,2403.0,0.0,502.0,126.0,0.0,0.0,78.0,0.0663265306122449,4.0,1.0,30.807692307692307,0.0149812734082397,6.2650382066524495,270.0,174.1875,3.4794007490636703,585.0,370.3125,7.397003745318352,0.052434456928838954,0.16437512825774678,0.6920074802829498,0.5858648738379814,0.0663265306122449,3.4794007490636703,9.0,24.0,12.5,7.518675848893539,9.297478582181872,11.96983841012934,0.875,0.7916666666666666,0.6666666666666666,0.8125,3.5416666666666665,3.9117234587931784,0.9311412893181266,0.49950714637752586,0.14773200166458594,7.869922010123335,0.25466858198235176,0.18477860500001952,0.17433892200006085,0.009918233999997028,1.1049353309999788
6533abd6.qasm,256,98944.0,97920.0,0.0,1025.0,1021.0,256.0,0.0,32640.0,1.0,255.0,1.0,3.0,3.0637254901960784e-05,14.994353436865309,49152.0,32896.0,85.66666666666667,49152.0,32896.0,85.66666666666667,0.01042687908496732,0.9896507115135834,0.7502439024390244,0.37463032042085126,1.0,85.66666666666667,255.0,128.0,64.25098039215686,10.536039925723397,12.342211965669883,15.051455213576324,0.9764705882352941,0.9607843137254902,0.9372549019607843,0.0,0.2823529411764706,1.987563898205246,-12.0,0.0,1.0,6.264063998679966,0.007125242561448901,1.7022730820000334,0.7423503210000035,0.472837917999982,1.1510828860000402
65dcd512.qasm,32,576.0,543.0,0.0,66.0,64.0,32.0,0.0,496.0,1.0,31.0,1.0,1.094758064516129,0.0055248618784530384,8.910305832551742,273.0,185.25806451612902,10.576427255985267,273.0,185.25806451612902,10.576427255985267,0.11786372007366483,0.9427083333333334,0.5298295454545454,0.24926686217008795,1.0,10.576427255985267,31.0,16.0,8.258064516129032,7.367258855614582,9.168965390511215,11.863506992520676,0.8064516129032258,0.6774193548387096,0.4838709677419355,0.0,1.0,1.0,-12.0,0.0,1.0,5.841545288710017,1.0,0.010833606999995027,0.007018662000007225,0.002488636000009592,0.7273274229999629
661be484.qasm,42,543975.0,155885.0,0.0,,,0.0,0.0,861.0,1.0,41.0,1.0,181.05110336817654,0.0015973313660711422,9.739357858045032,79772.0,54317.21951219512,14.28621098887,79772.0,54317.21951219512,14.28621098887,,0.28656647823888964,,,1.0,14.310097116539847,41.0,21.0,10.75609756097561,9.368924678768613,11.173193157448583,13.876628153223422,0.8536585365853658,0.7560975609756098,0.6097560975609756,0.4878048780487805,3.1463414634146343,4.0,1.3039142544420104,0.08329621380846325,0.0013265919102923508,7.876984253890927,0.00478795683013069,0.6113796519999823,1.1934544540000616,0.20203168299997287,1.0046627980000267
66343f14.qasm,6,16.0,2.0,2.0,8.0,2.0,6.0,0.0,2.0,0.13333333333333333,2.0,4.0,1.0,0.5,1.0,2.0,0.6,1.5,1.0,0.4,1.0,1.0,0.125,0.4583333333333333,0.2,0.13333333333333333,1.9285714285714286,3.0,3.0,1.4,4.015066214011149,4.015066214011149,4.015066214011149,0.0,0.0,0.0,0.0,1.0,2.0,-12.0,0.0,1.0,3.3760291817281805,1.0,0.00043383400003449424,0.0001871289999826331,0.00018597700000100303,0.0035472060000074634
6694b099.qasm,2,,,,,,,,,,,,,,,,,,,,,,,,,,1.0,1.0,1.0,1.0,2.7032913781186614,2.7032913781186614,2.7032913781186614,0.0,0.0,0.0,0.0,0.0,0.0,-12.0,0.0,1.0,2.7032913781186614,1.0,0.00296615499996733,0.02822050700001455,0.0010122169999817743,0.011873029000014412
67346cae.qasm,7,40.0,0.0,10.0,21.0,0.0,2.0,0.0,0.0,0.0,0.0,7.0,0.0,0.0,0.0,0.0,0.0,0.0,0.0,0.0,0.0,0.0,0.0,0.40816326530612246,0.15079365079365079,0.0,2.1333333333333333,6.0,3.0,2.0,4.703059118974319,4.703059118974319,4.703059118974319,0.0,0.0,0.0,0.0,0.3333333333333333,2.0,-12.0,0.0,1.0,4.211040405732053,1.0,0.0012611239999955615,0.0005653550000488394,0.0009299849999706566,0.022089623999988817
6740a375.qasm,255,255.0,254.0,0.0,255.0,254.0,255.0,0.0,254.0,0.00784313725490196,2.0,1.0,1.0,0.003937007874015748,7.988684686772128,1.0,1.0,1.0,1.0,1.0,1.0,1.0,0.996078431372549,0.007827758554402153,0.0,0.00784313725490196,1.0,1.0,1.0,1.0,3.3081373786380386,3.3081373786380386,3.3081373786380386,0.0,0.0,0.0,0.0,1.0,1.0,-12.0,0.0,1.0,3.608205007704326,1.0,0.0053767790000165405,0.0017772140000147374,0.0011975219999840192,0.009793173999980809
6785591a.qasm,27,105.0,52.0,0.0,54.0,28.0,27.0,0.0,26.0,0.07407407407407407,2.0,1.0,2.0,0.038461538461538464,4.70043971814109,2.0,2.0,1.0,2.0,2.0,1.0,0.5384615384615384,0.49523809523809526,0.10768175582990398,0.03632478632478632,0.07407407407407407,1.0,1.0,2.0,1.9230769230769231,3.245759355967277,3.245759355967277,3.245759355967277,0.0,0.0,0.0,0.0,1.0,0.9990102729140596,-12.0,0.0,1.0,3.2942457161381182,1.0,0.001851260000023558,0.0009602769999901284,0.0003427469999905952,0.0099918160000243
67b5fe45.qasm,64,462796.0,166884.0,366.0,,,64.0,0.0,1296.0,0.6428571428571429,63.0,1.0,128.7685185185185,0.014345293736966995,9.476510664998974,68958.0,46137.52380952381,17.417271877471777,78936.0,46021.42857142857,17.3734450276839,,0.360599486598847,,,0.6428571428571429,16.91640623537998,63.0,32.0,16.253968253968253,9.567659399344393,11.372935952960301,14.07978168980013,0.9047619047619048,0.8412698412698413,0.746031746031746,0.0,1.271965674958029,1.500000000000028,-12.0,0.0,1.0,6.220980248265257,0.0034733333333333335,0.20967609300009826,0.6514324819999047,0.23195628900009524,1.144273951999935
67f3547d.qasm,16,,,,,,,,,,,,,,,,,,,,,,,,,,1.0,1.0,2.0,1.4,2.7101173651118162,2.7101173651118162,2.7101173651118162,0.0,0.0,0.0,0.0,0.5333333333333333,1.0,-12.0,0.0,1.0,2.801403710017355,1.0,0.00014385399998673165,0.0003402770000207056,0.0002060129999676974,0.0015495850000206701
68528bdf.qasm,16,108.0,92.0,0.0,38.0,35.0,16.0,0.0,64.0,0.5333333333333333,15.0,1.0,1.4375,0.021739130434782608,5.914866303883099,60.0,36.0,5.869565217391305,55.0,32.733333333333334,5.336956521739131,0.3804347826086957,0.8518518518518519,0.32894736842105265,0.12280701754385964,0.5333333333333333,5.869565217391305,15.0,8.0,4.266666666666667,6.311065435623214,8.060968819753565,9.713225752845808,0.6,0.3333333333333333,0.0,0.0,0.0,0.0,-12.0,0.0,1.0,3.8979018742682277,1.0,0.0034497089999945274,0.0014266910000060307,0.0010429100000237668,0.05900991799995836
699bd83c.qasm,256,228352.0,65152.0,0.0,2534.0,1013.0,256.0,0.0,16384.0,0.5019607843137255,128.0,1.0,3.9765625,6.139489194499017e-05,13.995451119163935,16448.0,11029.082352941177,43.16699410609037,16448.0,11029.082352941177,43.16699410609037,0.015548256385068761,0.2853139013452915,0.4524467245461721,0.3494715013077054,0.5019607843137255,41.197850969399674,128.0,128.0,64.25098039215686,9.858676067852844,11.664757880408198,14.373811887888419,0.9764705882352941,0.9607843137254902,0.9372549019607843,0.5294117647058824,2.164705882352941,4.000000000000001,0.8483067652519605,0.008683473389355743,0.000116795141322121,7.9184888156186926,0.0009466666666666666,1.7095711709999932,0.5890963580000061,0.20934215799991307,0.8636148030000186
69c7223c.qasm,56,392.0,224.0,0.0,33.0,30.0,0.0,0.0,112.0,0.07272727272727272,4.0,1.0,2.0,0.008928571428571428,6.807354922057591,32.0,28.436363636363637,6.982142857142857,52.0,36.58181818181818,8.982142857142858,0.13392857142857142,0.5714285714285714,0.3333333333333333,0.1977961432506887,0.07272727272727272,6.982142857142857,49.0,28.0,14.254545454545454,6.797779872242349,8.597681175315666,11.18318565420743,0.8909090909090909,0.8181818181818182,0.7090909090909091,0.8909090909090909,3.7818181818181817,3.474291819797422,0.9106300185716716,0.772038567493113,0.022321428571428572,7.89174707820758,1.0,0.00732355899998538,0.006753043999992769,0.0014147530000059305,1.0206199020000213
69c8191e.qasm,128,379.0,253.0,126.0,317.0,191.0,128.0,0.0,190.0,0.023375984251968504,4.0,1.0,1.331578947368421,0.007905138339920948,7.484969859279265,127.0,64.49606299212599,32.37549407114624,3.0,2.9763779527559056,1.4940711462450593,0.7549407114624506,0.6675461741424802,0.02178627760252366,0.0015400283166496925,0.023375984251968504,40.08622398414271,64.0,64.0,32.25196850393701,8.217124086154408,10.02179255654878,12.728813879265225,0.952755905511811,0.9212598425196851,0.8740157480314961,0.0,0.0,0.0,-12.0,0.0,1.0,5.1220749145474995,0.20671955202986467,0.006960104000029332,0.0033504209999932755,0.006709639000007428,1.2167091630000186
69cf1b12.qasm,45,13935.0,2295.0,0.0,501.0,126.0,0.0,0.0,73.0,0.07373737373737374,4.0,1.0,31.438356164383563,0.01568627450980392,6.175016818897889,252.0,174.88636363636363,3.3529411764705883,405.0,229.0909090909091,4.392156862745098,0.054901960784313725,0.16469321851453175,0.7198935462408517,0.6094175285792052,0.07373737373737374,3.3529411764705883,8.0,22.0,11.5,7.477255821729523,9.259996660236249,11.920133510820074,0.8636363636363636,0.7727272727272727,0.6363636363636364,0.8181818181818182,3.5681818181818183,3.9030305269668064,1.0192720928280523,0.5098135426889107,0.15468409586056645,7.8675009160514255,0.2730534625044851,0.18475393500000337,0.1775869309999507,0.011856546000103663,1.1021250279999322
69e799fa.qasm,43,13177.0,2169.0,0.0,501.0,126.0,0.0,0.0,69.0,0.07641196013289037,4.0,1.0,31.434782608695652,0.016597510373443983,6.093714802720742,225.0,169.92857142857142,3.2904564315352696,315.0,196.92857142857142,3.8132780082987554,0.058091286307053944,0.1646049935493663,0.7123427563477696,0.6024142191806863,0.07641196013289037,3.2904564315352696,8.0,21.0,11.0,7.443248855051561,9.231462342188992,11.876234916184236,0.8571428571428571,0.7619047619047619,0.6190476190476191,0.8333333333333334,3.6904761904761907,3.8986690642952633,0.9592636805162902,0.5070318282753515,0.1553711387736284,7.86199563510979,0.3396068907945663,0.17268795699999373,0.16420040200000585,0.009058095999989746,1.0407953100000213
6a5034af.qasm,160,63760.0,25440.0,0.0,1269.0,634.0,160.0,0.0,12720.0,1.0,159.0,1.0,2.0,7.861635220125786e-05,13.634811050168604,12800.0,8586.666666666666,53.666666666666664,12800.0,8586.666666666666,53.666666666666664,0.024921383647798744,0.3989962358845671,0.4393223010244287,0.30971249584925487,1.0,53.666666666666664,159.0,80.0,40.25157232704402,9.747566689378127,11.55371179967805,14.262866724568463,0.9622641509433962,0.9371069182389937,0.89937106918239,0.0,0.0,0.0,-12.0,0.0,1.0,5.113358331267094,0.032904642409033874,0.9798706830000583,0.6859610909999674,0.12771341100005884,1.0076349279999022
6bc3891b.qasm,8,192.0,52.0,0.0,54.0,21.0,8.0,0.0,16.0,0.5714285714285714,4.0,1.0,3.25,0.07692307692307693,3.8542858719872464,18.0,13.714285714285714,1.8461538461538463,18.0,13.714285714285714,1.8461538461538463,0.40384615384615385,0.2708333333333333,0.5648148148148148,0.36507936507936506,0.5714285714285714,1.8461538461538463,4.0,4.0,2.2857142857142856,4.652217322585198,4.652217322585198,4.652217322585198,0.14285714285714285,0.0,0.0,0.14285714285714285,2.2857142857142856,4.0,-12.0,0.0,1.0,4.951847296899779,1.0,0.0019363790000284098,0.0012594259999900714,0.0003960989999995945,0.015267069999993055
6c69bcc7.qasm,47,14537.0,2394.0,0.0,502.0,126.0,0.0,0.0,76.0,0.07030527289546716,4.0,1.0,31.5,0.015037593984962405,6.2331556494778315,252.0,177.06521739130434,3.4022556390977443,378.0,236.7391304347826,4.548872180451128,0.05263157894736842,0.1646832221228589,0.7175976943290667,0.6077862463190715,0.07030527289546716,3.4022556390977443,9.0,23.0,12.0,7.5067673292828125,9.284330870504679,11.94596520567462,0.8695652173913043,0.782608695652174,0.6521739130434783,0.8260869565217391,3.5869565217391304,3.898669064295271,0.9463560363154934,0.5046273745737945,0.1558061821219716,7.86711803193394,0.26766182843777947,0.19638996399999087,0.18711980099999437,0.011460233999969205,1.1638685240000086
6c848dc7.qasm,8,116.0,84.0,0.0,33.0,29.0,8.0,0.0,28.0,1.0,7.0,1.0,3.0,0.03571428571428571,4.807354922057606,48.0,36.0,3.0,48.0,36.0,3.0,0.34523809523809523,0.7241379310344828,0.7575757575757576,0.3593073593073593,1.0,3.0,7.0,4.0,2.2857142857142856,5.887311724069727,5.887311724069727,5.887311724069727,0.14285714285714285,0.0,0.0,0.0,2.142857142857143,2.031871475699874,-12.0,0.0,1.0,5.460056992552904,1.0,0.00181710699996529,0.0008829640000271866,0.0005540109999628839,0.03103116800002681
6d2833ea.qasm,45,13935.0,2295.0,0.0,501.0,126.0,0.0,0.0,73.0,0.07373737373737374,4.0,1.0,31.438356164383563,0.01568627450980392,6.175016818897889,252.0,174.88636363636363,3.3529411764705883,405.0,229.0909090909091,4.392156862745098,0.054901960784313725,0.16469321851453175,0.7198935462408517,0.6094175285792052,0.07373737373737374,3.3529411764705883,8.0,22.0,11.5,7.477255821729523,9.259996660236249,11.920133510820074,0.8636363636363636,0.7727272727272727,0.6363636363636364,0.8181818181818182,3.5681818181818183,3.9532052162805513,0.9747464818636187,0.5046614327772326,0.15468409586056645,7.867460186700487,0.2730534625044851,0.18802961599999435,0.17411228299999948,0.010255482000047778,1.1604442079999444
6da6ce61.qasm,53,20143.0,3312.0,0.0,645.0,162.0,0.0,0.0,86.0,0.062409288824383166,4.0,1.0,38.51162790697674,0.01358695652173913,6.386644513183454,414.0,281.4230769230769,4.418478260869565,594.0,338.53846153846155,5.315217391304348,0.04891304347826087,0.16442436578463981,0.6861196431183267,0.5813357185450209,0.062409288824383166,4.418478260869565,10.0,26.0,13.5,7.767220188868746,9.560216162239689,12.233989303614052,0.8846153846153846,0.8076923076923077,0.6923076923076923,0.8846153846153846,3.769230769230769,3.9347993252832936,0.863259849244328,0.3258785942492013,0.02747584541062802,7.829382061026878,0.19748796107829023,0.27240722399994866,0.29351337399998556,0.014401392999957352,0.8769317440001032
6de17b5a.qasm,256,512.0,256.0,0.0,7.0,6.0,256.0,0.0,256.0,0.00784313725490196,2.0,1.0,1.0,0.00390625,8.0,124.0,83.2235294117647,82.8984375,2.0,2.0,1.9921875,0.0234375,0.5,0.42857142857142855,0.28291316526610644,0.00784313725490196,82.8984375,245.0,118.0,63.52549019607843,7.93818553511269,9.742344244116646,12.448329383980102,0.9764705882352941,0.9607843137254902,0.9372549019607843,0.2549019607843137,1.4848139701271925,4.000000000000001,1.316235535488586,0.040179573512906845,0.02734375,7.883287411878783,0.32421875,0.01130222900002309,0.003545811999970283,0.0016836800000419316,0.9662649599999895
6ee18f92.qasm,25,38.0,0.0,12.0,14.0,0.0,1.0,0.0,0.0,0.0,0.0,25.0,0.0,0.0,0.0,0.0,0.0,0.0,0.0,0.0,0.0,0.0,0.0,0.17714285714285713,0.07142857142857144,0.0,12.25,24.0,12.0,6.5,6.665304849539446,8.454860928607074,11.132113812142123,0.75,0.5833333333333334,0.3333333333333333,0.0,1.0,1.6968665214552352,-12.0,0.0,1.0,5.372118138344483,1.0,0.001150741999992988,0.0006481540000322639,0.0008079959999918174,0.21049452899995913
6f16ddc6.qasm,10,30.0,17.0,8.0,23.0,14.0,5.0,0.0,13.0,0.28888888888888886,4.0,1.0,1.3076923076923077,0.11764705882352941,3.6168746059562227,9.0,5.444444444444445,2.8823529411764706,3.0,2.6666666666666665,1.411764705882353,0.8235294117647058,0.5666666666666667,0.27391304347826084,0.03381642512077295,0.28888888888888886,3.2153846153846155,5.0,5.0,2.7777777777777777,5.868659130111202,6.744756061848157,6.744756061848157,0.3333333333333333,0.0,0.0,0.0,0.0,0.0,-12.0,0.0,1.0,3.4510184521554574,1.0,0.0007815339999979187,0.00029085699998177006,0.0003887849999841819,0.023925227000006544
6f6328cc.qasm,30,10770.0,3266.0,0.0,10099.0,3045.0,0.0,0.0,145.0,0.3333333333333333,19.0,1.0,22.52413793103448,0.23515003061849357,4.441987879232534,1716.0,313.0344827586207,2.7795468462951622,1616.0,407.17241379310343,3.6154317207593385,0.9301898346601347,0.3032497678737233,0.046328019275835894,0.0022911111035233975,0.3333333333333333,2.7795468462951622,24.0,15.0,7.758620689655173,7.565244024851883,9.357402629333205,11.917173643968356,0.7931034482758621,0.6551724137931034,0.4482758620689655,0.6206896551724138,3.3879480252880776,2.3081384842725177,-3.306097273236362,0.04207809694793537,0.16595223515003063,7.608982177544745,0.5939647168059424,0.14153619000001072,0.14944735799997488,0.015629247999982,1.226940601000024
6fef948c.qasm,18,26422.0,12000.0,0.0,15452.0,8176.0,18.0,0.0,135.0,0.8823529411764706,17.0,1.0,88.88888888888889,0.048,5.957750853328752,6112.0,3040.235294117647,4.307,6288.0,3126.823529411765,4.429666666666667,0.6773333333333333,0.45416698206040423,0.13814105329766732,0.04176120357539858,0.8823529411764706,4.307,16.0,9.0,4.764705882352941,8.300053266457645,10.008503728646923,12.610175242522248,0.6470588235294118,0.4117647058823529,0.058823529411764705,0.0,0.5882352941176471,2.0,-12.0,0.0,1.0,5.957097997341624,0.13723412307925215,0.363741435999998,0.3565541309999958,0.05425369499999988,1.0933206170000176
700c376b.qasm,50,14998.0,2466.0,0.0,502.0,126.0,0.0,0.0,80.0,0.0653061224489796,4.0,1.0,30.825,0.014598540145985401,6.301698141038849,270.0,178.16326530612244,3.54014598540146,558.0,270.3673469387755,5.372262773722627,0.051094890510948905,0.1644219229230564,0.6957768924302788,0.5893162045694772,0.0653061224489796,3.54014598540146,9.0,25.0,12.755102040816327,7.5379704423550775,9.31788993521362,11.991836715857803,0.8775510204081632,0.7959183673469388,0.673469387755102,0.8163265306122449,3.5510204081632653,3.9167571830452155,0.9131565072494615,0.4868995633187773,0.15004055150040552,7.868190189819114,0.2524336578210428,0.19138464000002386,0.2141750040000261,0.010700041999939458,0.9841643869999643
7063be19.qasm,53,16447.0,2709.0,0.0,503.0,126.0,0.0,0.0,86.0,0.062409288824383166,4.0,1.0,31.5,0.013289036544850499,6.411492890736352,279.0,190.21153846153845,3.6511627906976742,477.0,284.53846153846155,5.461794019933555,0.046511627906976744,0.16471088952392535,0.7185565850181928,0.6095733292552379,0.062409288824383166,3.6511627906976742,10.0,26.0,13.5,7.5957168953710905,9.387968233263058,12.061859256086771,0.8846153846153846,0.8076923076923077,0.6923076923076923,0.8269230769230769,3.6538461538461537,3.9318813624804356,0.8419629906305193,0.3202627388535032,0.03359173126614987,7.844487619812146,0.13473581808232504,0.22156923300008202,0.2070983599999181,0.012606565000055525,1.1152847139999267
70d5d461.qasm,56,2576.0,1512.0,0.0,73.0,54.0,0.0,0.0,84.0,0.05454545454545454,3.0,1.0,18.0,0.011904761904761904,6.39231742277876,378.0,288.6545454545454,10.5,342.0,231.70909090909092,8.428571428571429,0.03571428571428571,0.5869565217391305,1.0,0.623412204234122,0.05454545454545454,10.5,49.0,28.0,14.254545454545454,7.810906864948114,9.615544646711825,12.297879901566299,0.8909090909090909,0.8181818181818182,0.7090909090909091,0.8909090909090909,3.7818181818181817,0.020838409032540917,-3.765493939047093,0.7664765525982256,0.0033068783068783067,7.924945814459771,0.10248447204968944,0.04003445000000738,0.03713908999998239,0.006697688000031121,0.9397568190000243
711cdd0b.qasm,36,10628.0,1746.0,0.0,501.0,126.0,0.0,0.0,57.0,0.09047619047619047,4.0,1.0,30.63157894736842,0.020618556701030927,5.8105476356893035,216.0,156.34285714285716,3.134020618556701,396.0,234.25714285714287,4.695876288659794,0.07216494845360824,0.16428302596913813,0.6860722998447549,0.5775306529797548,0.09047619047619047,3.134020618556701,7.0,18.0,9.257142857142858,7.3306124683503775,9.09095385698606,11.746145551745371,0.8285714285714286,0.7142857142857143,0.5428571428571428,0.8285714285714286,3.657142857142857,3.927840500337941,0.9789380202857896,0.52890625,0.14146620847651775,7.8702787788382755,0.44768535942792625,0.15666699500002323,0.13319635399994922,0.0077412220000496745,1.0282698479999794
72b5f996.qasm,64,258.0,63.0,0.0,66.0,63.0,63.0,0.0,63.0,0.03125,63.0,1.0,1.0,0.015873015873015872,5.97727992349992,63.0,32.0,32.0,62.0,31.015873015873016,31.015873015873016,1.0,0.2441860465116279,0.07599431818181818,0.046176046176046176,0.03125,32.0,63.0,32.0,16.253968253968253,6.875552086132931,8.65030062197262,11.307689814854587,0.9047619047619048,0.8412698412698413,0.746031746031746,0.0,0.0,0.0,-12.0,0.0,1.0,4.5017847633885,1.0,0.005285875000026863,0.0019002949999844532,0.0008721749999835993,0.27697213400000464
72cc2f13.qasm,36,38069.0,13074.0,0.0,17298.0,6525.0,0.0,0.0,172.0,0.273015873015873,21.0,1.0,76.01162790697674,0.01958084748355515,6.644306157200065,10436.0,6272.0,16.79057671714854,4970.0,2106.885714285714,5.640278415175157,0.48791494569374333,0.3434290367490609,0.08212734934032194,0.03430784731513139,0.273015873015873,16.79057671714854,31.0,18.0,9.257142857142858,8.95112577291406,10.756822542447248,13.461784518678703,0.8285714285714286,0.7142857142857143,0.5428571428571428,0.34285714285714286,2.2857142857142856,3.945844479430229,-1.15229594096357,0.21236320615202603,0.007036867064402631,7.77025118778867,0.0579211431873703,0.5511985760000471,0.5056684200000063,0.06006389899994247,1.1403650209999796
72d8892d.qasm,64,128.0,64.0,0.0,9.0,8.0,64.0,0.0,64.0,0.031746031746031744,2.0,3.0,1.0,0.015625,6.0,34.0,21.49206349206349,21.15625,2.0,1.9365079365079365,1.90625,0.125,0.5,0.3333333333333333,0.20987654320987653,0.031746031746031744,21.15625,58.0,31.0,16.19047619047619,6.730117328609049,8.524579171429187,11.207198580977863,0.9047619047619048,0.8412698412698413,0.746031746031746,0.8253968253968254,3.747251041223029,4.000000000000001,1.3379778200415524,0.060514372163388806,0.140625,7.57217413915086,1.0,0.002593731999979809,0.0008559080000054564,0.0005663949999643592,0.5038525550000372
73191d24.qasm,15,173.0,89.0,13.0,111.0,61.0,15.0,0.0,25.0,0.23809523809523808,8.0,2.0,3.56,0.0898876404494382,4.427165802680326,60.0,31.214285714285715,4.910112359550562,30.0,18.714285714285715,2.943820224719101,0.6853932584269663,0.5144508670520231,0.17297297297297298,0.0398970398970399,0.23809523809523808,4.820359281437126,8.0,7.0,4.0,6.493661138995848,8.275267432131402,9.166572638810514,0.5714285714285714,0.2857142857142857,0.0,0.0,0.0,0.0,-12.0,0.0,1.0,4.062393937253195,1.0,0.0029068609999853834,0.0019138290000455527,0.0008838429999968866,0.09043964999995069
7337baba.qasm,2,5.0,1.0,0.0,4.0,1.0,2.0,0.0,1.0,1.0,1.0,1.0,1.0,1.0,-0.0,1.0,1.0,1.0,1.0,1.0,1.0,1.0,0.2,0.75,0.25,1.0,1.0,1.0,1.0,1.0,0.9542425094393249,0.9542425094393249,0.9542425094393249,0.0,0.0,0.0,0.0,0.0,0.0,-12.0,0.0,1.0,0.9542425094393249,1.0,0.0013621540000485766,0.00019097499995268663,0.0006386220000536014,0.0011748669999747108
733f4518.qasm,48,374241.0,98823.0,0.0,,,0.0,0.0,699.0,0.6196808510638298,38.0,1.0,141.37768240343348,0.01600841909272133,9.32656443620324,51241.0,26759.574468085106,12.726794369731742,47710.0,25624.510638297874,12.186960525383768,,0.26406246242394604,,,0.6196808510638298,12.835908689159124,45.0,24.0,12.25531914893617,9.23569154561776,11.04085043589781,13.74662632477077,0.8723404255319149,0.7872340425531915,0.6595744680851063,0.6595744680851063,2.9746245728097365,3.9574229936527594,0.7474394292011841,0.38103802672147996,0.001341013684435098,7.8996763901120195,0.006202591017160232,0.35417442200002824,0.9628743409999743,0.1381719759999669,0.9913135369999964
73f498a0.qasm,16,832.0,232.0,0.0,134.0,53.0,16.0,0.0,64.0,0.5333333333333333,8.0,1.0,3.625,0.017241379310344827,5.926946512368948,68.0,49.06666666666667,3.1724137931034484,68.0,49.06666666666667,3.1724137931034484,0.22844827586206898,0.27884615384615385,0.4962686567164179,0.3472636815920398,0.5333333333333333,3.1724137931034484,8.0,8.0,4.266666666666667,6.418221884420752,8.0555216898817,8.827033041010155,0.6,0.3333333333333333,0.0,0.6,3.2,4.000000000000001,0.754312439942554,0.2911290322580645,0.021551724137931036,7.253869714681262,1.0,0.006438610000031986,0.004235056999959852,0.001144243999988248,0.28025069200003827
742bfb51.qasm,97,1062001.0,188400.0,360800.0,,,97.0,100445.0,70.0,0.015034364261168385,20.0,46.0,2691.4285714285716,0.03397027600849257,6.044731763211104,65600.0,21304.166666666668,10.855626326963906,64000.0,7870.833333333333,4.010615711252654,,0.17740096289928164,,,0.015034364261168385,42.10396202553575,95.0,48.0,24.5,9.997586486398857,11.803233484593655,14.511387698255547,0.9375,0.8958333333333334,0.8333333333333334,0.0,0.0,0.0,-12.0,0.0,1.0,5.121969981607635,0.0033,1.15650075100001,0.25329998699999123,0.2554355169999667,0.9892270290000056
749ea355.qasm,256,1014.0,255.0,0.0,259.0,255.0,255.0,0.0,255.0,0.0078125,255.0,1.0,1.0,0.00392156862745098,7.994353436858871,255.0,128.0,128.0,254.0,127.00392156862745,127.00392156862745,1.0,0.2514792899408284,0.019139116795366794,0.011431599666893786,0.0078125,128.0,255.0,128.0,64.25098039215686,8.116266340033405,9.915422131360849,12.613936623903165,0.9764705882352941,0.9607843137254902,0.9372549019607843,0.0,0.0,0.0,-12.0,0.0,1.0,5.123854906326854,0.40927021696252464,0.011767534000000524,0.004224167000018042,0.0014337430000068707,0.9531477659999723
7513561e.qasm,53,14105.0,2322.0,0.0,432.0,108.0,0.0,0.0,86.0,0.062409288824383166,4.0,1.0,27.0,0.011627906976744186,6.426264754702099,270.0,182.76923076923077,4.093023255813954,405.0,239.8846153846154,5.372093023255814,0.046511627906976744,0.16462247429989366,0.7174615653389238,0.6086627492877492,0.062409288824383166,4.093023255813954,10.0,26.0,13.5,7.5794687904805915,9.372484974552886,12.047387820917107,0.8846153846153846,0.8076923076923077,0.6923076923076923,0.7884615384615384,3.5961538461538463,3.9359292974720734,0.8641263992167582,0.3232706917233107,0.03919035314384152,7.846666463300796,0.15618574973413682,0.19262628499996026,0.17465718899995863,0.010272395000015422,1.120927388000041
75137edd.qasm,32,1111.0,990.0,0.0,183.0,178.0,1.0,0.0,495.0,0.9979838709677419,31.0,1.0,2.0,0.00404040404040404,8.920981684663962,525.0,349.51612903225805,10.944444444444445,525.0,349.51612903225805,10.944444444444445,0.1797979797979798,0.8910891089108911,0.3587773224043716,0.16358187907632646,0.9979838709677419,10.944444444444445,30.0,16.0,8.258064516129032,7.645376135392216,9.447087581977833,12.141196251185992,0.8064516129032258,0.6774193548387096,0.4838709677419355,0.2903225806451613,3.219414210208775,1.7948367343022071,-5.275556793773805,0.02938034188034188,0.502020202020202,7.525426002105105,0.5760576057605761,0.017789725999989514,0.01284619300002987,0.004420729999992545,1.2135301189999836
751d7ced.qasm,50,15674.0,2583.0,0.0,502.0,126.0,0.0,0.0,82.0,0.06693877551020408,4.0,1.0,31.5,0.013937282229965157,6.342780140652336,279.0,186.0612244897959,3.529616724738676,441.0,268.53061224489795,5.094076655052265,0.04878048780487805,0.1647952022457573,0.7273705179282869,0.6167981136677778,0.06693877551020408,3.529616724738676,9.0,25.0,12.755102040816327,7.556909618001994,9.337564343648143,12.012458797134242,0.8775510204081632,0.7959183673469388,0.673469387755102,0.673469387755102,3.2244897959183674,3.905342661757233,0.9694282731184939,0.5139500734214391,0.1548586914440573,7.868870712096049,0.2512440985070818,0.2350235229999953,0.228595906999999,0.014403833999949711,1.0313095210000256
752a65aa.qasm,43,13177.0,2169.0,0.0,501.0,126.0,0.0,0.0,69.0,0.07641196013289037,4.0,1.0,31.434782608695652,0.016597510373443983,6.093714802720742,225.0,169.92857142857142,3.2904564315352696,315.0,196.92857142857142,3.8132780082987554,0.058091286307053944,0.1646049935493663,0.7123427563477696,0.6024142191806863,0.07641196013289037,3.2904564315352696,8.0,21.0,11.0,7.443248855051561,9.231462342188992,11.876234916184236,0.8571428571428571,0.7619047619047619,0.6190476190476191,0.8333333333333334,3.6904761904761907,3.909668882399654,1.001288720799904,0.5071534287123828,0.1553711387736284,7.861916571156276,0.3405175684905517,0.1815522829999736,0.16565819200002352,0.009845824999956676,0.9368503020000389
7548d858.qasm,16,4400.0,720.0,0.0,500.0,126.0,0.0,0.0,23.0,0.19166666666666668,4.0,1.0,31.304347826086957,0.05,4.508694969562843,144.0,105.6,2.2,216.0,137.4,2.8625,0.175,0.16363636363636364,0.64,0.52,0.19166666666666668,2.2,4.0,8.0,4.266666666666667,6.721912872518784,8.397169201060864,9.922793014276012,0.6,0.3333333333333333,0.0,0.6,3.2,3.8790424655200164,0.849501072838446,0.44362745098039214,0.2263888888888889,7.590886676881308,1.0,0.057938810999985435,0.054015918000004604,0.0035746380000318823,0.6566477879999866
758554e0.qasm,16,1027528.0,395044.0,0.0,,,16.0,0.0,66.0,0.55,13.0,1.0,5985.515151515152,0.04601006470165349,5.636573661061022,188576.0,90785.33333333333,3.4471603163191946,192552.0,121646.66666666667,4.618979151689432,,0.3844605694443363,,,0.55,3.454134008462232,8.0,8.0,4.266666666666667,8.899943090175764,10.647697308941027,12.307379187780167,0.6,0.3333333333333333,0.0,0.6,3.2,4.0,0.6981094539502599,0.7027670336209462,0.0002254283137962128,7.9138422024140045,0.007633333333333333,0.037553191999961655,0.24111890900002209,0.2521483280000325,1.1189146339999638
75bd5cbf.qasm,65,,,,,,,,,,,,,,,,,,,,,,,,,,4.478260869565218,10.0,28.0,11.046875,6.604905807488477,8.379426590153004,10.984851143650916,0.84375,0.71875,0.5625,0.0,0.0,4.0,-12.0,0.0,1.0,5.869631204242535,1.0,0.0005352420000122038,0.003961843000013232,0.0016048079999677611,0.15341775600001029
76034335.qasm,16,32.0,16.0,0.0,9.0,8.0,16.0,0.0,16.0,0.13333333333333333,2.0,3.0,1.0,0.0625,4.0,8.0,5.733333333333333,5.375,2.0,1.7333333333333334,1.625,0.5,0.5,0.3333333333333333,0.17037037037037037,0.13333333333333333,5.375,11.0,6.0,4.0,5.470188435344935,6.97107169163291,6.97107169163291,0.6,0.3333333333333333,0.0,0.6,3.2,4.0,0.22355910013881164,0.05128205128205128,0.5625,5.882033046137576,1.0,0.001026140000021769,0.00044141199998648517,0.00027298499998096304,0.028082541999992827
76d0b692.qasm,66,76275.0,27880.0,0.0,35489.0,13571.0,0.0,0.0,365.0,0.17016317016317017,35.0,1.0,76.38356164383562,0.009182209469153515,7.72981895597818,25383.0,13626.523076923077,31.769153515064563,12625.0,5551.661538461539,12.94325681492109,0.4859038737446198,0.36551950180268766,0.044467470500889304,0.017680884867900565,0.17016317016317017,31.78732668729231,60.0,33.0,16.753846153846155,9.356124715279753,11.161749356527201,13.87063669503037,0.9076923076923077,0.8461538461538461,0.7538461538461538,0.03076923076923077,1.4656101924075446,3.54278708786525,-11.999949684424632,0.005694163482430509,0.0075627363355104844,7.278513278193248,0.03456645463675929,1.061920250000071,0.6408268629999156,0.0834342010000455,1.3714133519999905
77a3a480.qasm,39,11869.0,1953.0,0.0,501.0,126.0,0.0,0.0,62.0,0.08367071524966262,4.0,1.0,31.5,0.018433179723502304,5.939424446421127,225.0,167.21052631578948,3.2534562211981566,378.0,219.07894736842104,4.2626728110599075,0.06451612903225806,0.16454629707641755,0.7074057014176774,0.5971215463809224,0.08367071524966262,3.2534562211981566,8.0,19.0,10.0,7.396629748069891,9.176103345302934,11.81620818663357,0.8421052631578947,0.7368421052631579,0.5789473684210527,0.8421052631578947,3.6842105263157894,3.903030526966805,0.9924677894995052,0.5154274152756702,0.15412186379928317,7.859602503938671,0.4422445024854663,0.17491487900002767,0.14642080399994484,0.008393062000038753,1.0378388350000023
78adf5c7.qasm,112,700.0,452.0,0.0,20.0,16.0,0.0,0.0,444.0,0.07142857142857142,11.0,1.0,1.018018018018018,0.004424778761061947,8.784780732326654,120.0,76.46846846846847,18.778761061946902,134.0,91.06306306306307,22.36283185840708,0.035398230088495575,0.6457142857142857,0.5142857142857142,0.3063063063063063,0.07142857142857142,18.778761061946902,56.0,56.0,28.25225225225225,7.529857675158183,9.330012855702348,12.026812891323871,0.9459459459459459,0.9099099099099099,0.8558558558558559,0.32432432432432434,2.9451364576299253,4.0,1.656690807452139,0.13566739606126915,0.011061946902654867,7.87672941181796,0.46,0.013686109000047963,0.005218846999980542,0.003328093999982684,1.1653193430000215
78f96e37.qasm,32,9268.0,1521.0,0.0,501.0,126.0,0.0,0.0,50.0,0.10080645161290322,4.0,1.0,30.42,0.023668639053254437,5.620570634187001,189.0,145.16129032258064,2.9585798816568047,270.0,159.38709677419354,3.2485207100591715,0.08284023668639054,0.1641130772550712,0.6729665668662674,0.5644839353550962,0.10080645161290322,2.9585798816568047,7.0,16.0,8.258064516129032,7.2464142988079985,8.992740902199253,11.636295798256512,0.8064516129032258,0.6774193548387096,0.4838709677419355,0.8064516129032258,3.6129032258064515,3.8936688715246777,0.9506622773448701,0.5071102082275266,0.1663379355687048,7.865542580110147,0.5099266292619767,0.14896795399999974,0.12091861900000822,0.006131796999966355,1.107943218999992
79b12d71.qasm,43,12865.0,2115.0,0.0,501.0,126.0,0.0,0.0,69.0,0.07641196013289037,4.0,1.0,30.652173913043477,0.01702127659574468,6.08749114837044,243.0,168.21428571428572,3.3404255319148937,279.0,186.64285714285714,3.706382978723404,0.059574468085106386,0.16439953361834433,0.695353479088335,0.5875867312993062,0.07641196013289037,3.3404255319148937,8.0,21.0,11.0,7.4391636335166345,9.221191008154559,11.870048228980183,0.8571428571428571,0.7619047619047619,0.6190476190476191,0.8571428571428571,3.7142857142857144,3.9189725480911584,0.9285740164769721,0.4695715676728335,0.14657210401891252,7.852284132683894,0.42635056354450057,0.15366536699991684,0.14721491199998127,0.008940807000044515,1.1277150360000405
7a0c7e70.qasm,48,287729.0,80931.0,0.0,,,0.0,0.0,1128.0,1.0,47.0,1.0,71.74734042553192,0.002125267202925949,10.070375332826686,41077.0,28019.59574468085,16.272145407816534,41077.0,28019.59574468085,16.272145407816534,,0.2812750887119477,,,1.0,16.295273735999164,47.0,24.0,12.25531914893617,9.406153983481694,11.21091892860456,13.916423613607883,0.8723404255319149,0.7872340425531915,0.6595744680851063,0.574468085106383,3.3528715425685354,4.0,1.1996658643386853,0.051422512811450785,0.0023552810635402493,7.841110042469631,0.007912529516155052,0.3335917800000061,1.086531409000031,0.17251263699995434,1.1821145310000247
7a1c98cc.qasm,17,53.0,32.0,0.0,,,8.0,0.0,32.0,0.23529411764705882,6.0,1.0,1.0,0.03125,5.0,24.0,15.375,7.6875,12.0,7.3125,3.65625,,0.6037735849056604,,,0.23529411764705882,7.6875,15.0,8.0,4.5,5.97111667105869,7.726885261824794,9.482450856411544,0.625,0.375,0.0,0.0,0.625,3.9999999999999996,-12.0,0.0,1.0,5.002774943406482,1.0,0.0023072900000329355,0.0004461329999685404,0.0009020670000268183,0.03287063599998419
7a79f013.qasm,256,98052.0,64856.0,0.0,1995.0,1328.0,0.0,0.0,16214.0,0.49675245098039217,148.0,1.0,4.0,6.167509559639817e-05,13.984952427736106,32744.0,21755.90588235294,85.53959541137289,32284.0,21389.41176470588,84.09861847785864,0.020476131738004194,0.6614449475788358,0.31897713032581454,0.18881910659000442,0.49675245098039217,85.53959541137289,255.0,128.0,64.25098039215686,10.356473283020724,12.16264565186535,14.871890322382466,0.9764705882352941,0.9607843137254902,0.9372549019607843,0.07058823529411765,0.32941176470588235,3.8407770592609385,1.0635963074393409,0.41277472527472525,0.0007246823732576786,7.887588367033621,0.004599600212132338,1.0794419750000088,0.7073541529999829,0.2921760000000404,1.0369415819999404
7aad2132.qasm,53,21131.0,3483.0,0.0,645.0,162.0,0.0,0.0,86.0,0.062409288824383166,4.0,1.0,40.5,0.012919896640826873,6.417340814540316,441.0,297.1730769230769,4.4366925064599485,612.0,355.15384615384613,5.3023255813953485,0.046511627906976744,0.1648289243291846,0.7200234020769344,0.6107930828861061,0.062409288824383166,4.4366925064599485,10.0,26.0,13.5,7.791433005815553,9.585154256421124,12.260986596686053,0.8846153846153846,0.8076923076923077,0.6923076923076923,0.7884615384615384,3.5961538461538463,3.9186901829350287,0.8706724906189971,0.3308676529388245,0.026126902095894345,7.845130654305197,0.10425441294780181,0.3099679270000024,0.2729678260000128,0.01734642899998562,1.0688010520000262
7afdbe61.qasm,28,2991.0,922.0,0.0,2483.0,760.0,0.0,0.0,108.0,0.2857142857142857,17.0,1.0,8.537037037037036,0.20824295010845986,4.922656101438545,524.0,137.85185185185185,4.036876355748373,444.0,157.7037037037037,4.61822125813449,0.8210412147505423,0.30825810765630224,0.056282722513089,0.007577452603630618,0.2857142857142857,4.036876355748373,23.0,14.0,7.2592592592592595,7.171025196787284,8.941844553310318,11.451893140571022,0.7777777777777778,0.6296296296296297,0.4074074074074074,0.7037037037037037,3.3333333333333335,3.5175552153056837,-0.6388147159396067,0.22005251066622908,0.6247288503253796,7.798947831776923,0.79839518555667,0.04390088799999603,0.03819793600001731,0.00447727699997813,1.0883272780000084
7b19558f.qasm,128,8320.0,8192.0,0.0,256.0,254.0,128.0,0.0,8128.0,1.0,127.0,1.0,1.0078740157480315,0.000244140625,12.984375,4160.0,2784.251968503937,43.1640625,4160.0,2784.251968503937,43.1640625,0.031005859375,0.9846153846153847,0.50390625,0.24803149606299213,1.0,43.1640625,127.0,64.0,32.25196850393701,9.160839224042457,10.966947674908026,13.675986991979391,0.952755905511811,0.9212598425196851,0.8740157480314961,0.0,0.0,0.0,-12.0,0.0,1.0,5.121917505628577,0.08509615384615385,0.18842838000000484,0.09980918799999472,0.03715517600005569,1.1047260659998983
7bab61ca.qasm,128,,,,,,,,,,,,,,,,,,,,,,,,,,1.0,1.0,2.0,1.4881889763779528,3.6983615660551097,3.6983615660551097,3.6983615660551097,0.0,0.0,0.0,0.0,0.5039370078740157,1.0,-12.0,0.0,1.0,3.7788022040132385,1.0,0.0007250869999779752,0.003551896000033139,0.0009075259999917762,0.012557088999983534
7be7d477.qasm,53,18789.0,3096.0,0.0,574.0,144.0,0.0,0.0,86.0,0.062409288824383166,4.0,1.0,36.0,0.011627906976744186,6.426264754702099,360.0,243.69230769230768,4.093023255813954,540.0,319.84615384615387,5.372093023255814,0.046511627906976744,0.1647772632923519,0.719380711327329,0.6102586437952292,0.062409288824383166,4.093023255813954,10.0,26.0,13.5,7.704507907399964,9.497657651061505,12.17273701160348,0.8846153846153846,0.8076923076923077,0.6923076923076923,0.7884615384615384,3.5961538461538463,3.9359292974720734,0.8641263992167582,0.3232706917233107,0.029392764857881136,7.846666463300796,0.1172494544680398,0.25002140600008715,0.2717973089999077,0.015049374999989595,1.0142749139999978
7bf0f1bc.qasm,49,15295.0,2520.0,0.0,502.0,126.0,0.0,0.0,80.0,0.06802721088435375,4.0,1.0,31.5,0.014285714285714285,6.307156230921614,252.0,180.1875,3.432142857142857,387.0,251.625,4.792857142857143,0.05,0.16475972540045766,0.7242458736482641,0.6139193227091634,0.06802721088435375,3.432142857142857,9.0,24.0,12.5,7.533328859570887,9.312625009611704,11.985580744519561,0.875,0.7916666666666666,0.6666666666666666,0.7916666666666666,3.5208333333333335,3.905342661757239,0.957817121005979,0.4973404255319149,0.15515873015873016,7.86375038209461,0.25975809087937235,0.19769352200000867,0.19477828599997338,0.011577761000012288,0.9891787230000091
7c9f6bae.qasm,50,15674.0,2583.0,0.0,502.0,126.0,0.0,0.0,82.0,0.06693877551020408,4.0,1.0,31.5,0.013937282229965157,6.342780140652336,279.0,186.0612244897959,3.529616724738676,441.0,268.53061224489795,5.094076655052265,0.04878048780487805,0.1647952022457573,0.7273705179282869,0.6167981136677778,0.06693877551020408,3.529616724738676,9.0,25.0,12.755102040816327,7.556909618001994,9.337564343648143,12.012458797134242,0.8775510204081632,0.7959183673469388,0.673469387755102,0.673469387755102,3.2244897959183674,3.9069503226571647,1.009371448525051,0.5160973212091423,0.1548586914440573,7.866042132797311,0.2510526987367615,0.23453078600005028,0.2098018320000392,0.01185619799991855,1.0709969340000498
7d6d9a38.qasm,53,23473.0,3870.0,0.0,717.0,180.0,0.0,0.0,86.0,0.062409288824383166,4.0,1.0,45.0,0.011627906976744186,6.426264754702099,450.0,304.61538461538464,4.093023255813954,675.0,399.8076923076923,5.372093023255814,0.046511627906976744,0.1648702764878797,0.7195336964816715,0.6103422379573007,0.062409288824383166,4.093023255813954,10.0,26.0,13.5,7.801478137459915,9.594707967546153,12.269893110984595,0.8846153846153846,0.8076923076923077,0.6923076923076923,0.8269230769230769,3.6538461538461537,3.9203181181175792,0.8389605039506041,0.33081210191082805,0.023514211886304908,7.844453273358721,0.09440633919822775,0.3327769879999778,0.31942389699997875,0.019279099000073074,0.9847023789999412
7db40afb.qasm,3,8.0,2.0,0.0,6.0,2.0,3.0,0.0,2.0,0.6666666666666666,2.0,1.0,1.0,0.5,1.0,1.0,1.0,1.0,1.0,1.0,1.0,0.5,0.25,0.5555555555555556,0.16666666666666663,0.6666666666666666,1.0,1.0,1.0,1.0,1.2304489213782739,1.2304489213782739,1.2304489213782739,0.0,0.0,0.0,0.0,1.0,1.0,-12.0,0.0,1.0,1.3979400086720377,1.0,0.00033839700000726225,9.798499996804821e-05,0.00018760400001838207,0.0008188900000050126
7fdad0c4.qasm,53,16447.0,2709.0,0.0,503.0,126.0,0.0,0.0,86.0,0.062409288824383166,4.0,1.0,31.5,0.013289036544850499,6.411492890736352,279.0,190.21153846153845,3.6511627906976742,477.0,284.53846153846155,5.461794019933555,0.046511627906976744,0.16471088952392535,0.7185565850181928,0.6095733292552379,0.062409288824383166,3.6511627906976742,10.0,26.0,13.5,7.5957168953710905,9.387968233263058,12.061859256086771,0.8846153846153846,0.8076923076923077,0.6923076923076923,0.8269230769230769,3.6538461538461537,3.9203181181175792,0.8389605039506041,0.33081210191082805,0.03359173126614987,7.844453273358721,0.13473581808232504,0.24926421600002868,0.20807335799997873,0.0122877049999488,1.036643163000008
81af3d74.qasm,14,41.0,13.0,0.0,16.0,13.0,13.0,0.0,13.0,0.14285714285714285,13.0,1.0,1.0,0.07692307692307693,3.7004397181410926,13.0,7.0,7.0,12.0,6.076923076923077,6.076923076923077,1.0,0.3170731707317073,0.24107142857142858,0.1201923076923077,0.14285714285714285,7.0,13.0,7.0,3.769230769230769,5.319898937967714,6.780266677510102,7.275872073236549,0.5384615384615384,0.23076923076923078,0.0,0.0,0.0,0.0,-12.0,0.0,1.0,3.131297796597623,1.0,0.0009045689999993556,0.0003647240000077545,0.00022200899996960288,0.009727945999998155
81f388c7.qasm,16,144.0,128.0,0.0,32.0,30.0,16.0,0.0,120.0,1.0,15.0,1.0,1.0666666666666667,0.015625,6.875,72.0,49.6,5.8125,72.0,49.6,5.8125,0.234375,0.8888888888888888,0.53125,0.23333333333333334,1.0,5.8125,15.0,8.0,4.266666666666667,6.467969152341321,8.237375378702906,9.964958253283575,0.6,0.3333333333333333,0.0,0.0,0.0,0.0,-12.0,0.0,1.0,4.036668810300097,1.0,0.0035410950000027697,0.0018623249999905056,0.0008319149999920228,0.08197523800004092
81fdeb0a.qasm,3,19.0,4.0,0.0,11.0,4.0,3.0,0.0,2.0,0.6666666666666666,2.0,1.0,2.0,0.5,1.0,2.0,2.0,1.0,2.0,2.0,1.0,1.0,0.21052631578947367,0.696969696969697,0.36363636363636365,0.6666666666666666,1.0,1.0,1.0,1.0,1.5185139398778875,1.5185139398778875,1.5185139398778875,0.0,0.0,0.0,0.0,1.0,1.0,-12.0,0.0,1.0,1.7558748556724915,1.0,0.00038558599999305443,0.00030179399999497036,0.0001226310000106423,0.0007512459999929888
827a3442.qasm,3,15.0,6.0,0.0,,,3.0,0.0,3.0,1.0,2.0,1.0,2.0,0.3333333333333333,1.584962500721156,4.0,4.0,1.3333333333333333,4.0,4.0,1.3333333333333333,,0.4,,,1.0,1.3333333333333333,2.0,1.0,1.0,1.8129133566428555,1.8129133566428555,1.8129133566428555,0.0,0.0,0.0,0.0,1.0,0.9547034813005264,-12.0,0.0,1.0,2.08278537031645,1.0,0.0005067110000140929,0.0003918259999977636,0.0001785730000278818,0.0012624789999904351
82b89c68.qasm,58,3651.0,1162.0,0.0,2528.0,790.0,0.0,0.0,228.0,0.13793103448275862,32.0,1.0,5.0964912280701755,0.16523235800344235,6.067298462225924,734.0,229.50877192982455,11.258175559380378,534.0,205.2280701754386,10.067125645438898,0.6772805507745266,0.3182689674061901,0.03282545831514622,0.00779341550077726,0.13793103448275862,11.258175559380378,53.0,29.0,14.75438596491228,7.724186059688383,9.519728187603036,12.182850713080258,0.8947368421052632,0.8245614035087719,0.7192982456140351,0.6140350877192983,3.273338404764473,1.99604345939437,-3.6128858692731014,0.00554016620498615,0.5533562822719449,7.43175183390667,0.5554642563681184,0.05151567199999363,0.04971149100003913,0.005603374999964217,1.2850129370000332
831c33e1.qasm,53,18789.0,3096.0,0.0,574.0,144.0,0.0,0.0,86.0,0.062409288824383166,4.0,1.0,36.0,0.011627906976744186,6.426264754702099,360.0,243.69230769230768,4.093023255813954,540.0,319.84615384615387,5.372093023255814,0.046511627906976744,0.1647772632923519,0.719380711327329,0.6102586437952292,0.062409288824383166,4.093023255813954,10.0,26.0,13.5,7.704507907399964,9.497657651061505,12.17273701160348,0.8846153846153846,0.8076923076923077,0.6923076923076923,0.8269230769230769,3.6538461538461537,3.9318813624804356,0.8419629906305193,0.3202627388535032,0.029392764857881136,7.844487619812146,0.11794134866145085,0.25829089900003055,0.2577151479999884,0.014975726999978178,1.0632164810000404
8335b01d.qasm,23,23.0,22.0,0.0,23.0,22.0,23.0,0.0,22.0,0.08695652173913043,2.0,1.0,1.0,0.045454545454545456,4.459431618637295,1.0,1.0,1.0,1.0,1.0,1.0,1.0,0.9565217391304348,0.08506616257088846,0.0,0.08695652173913043,1.0,1.0,1.0,1.0,2.2479732663618064,2.2479732663618064,2.2479732663618064,0.0,0.0,0.0,0.0,1.0,1.0,-12.0,0.0,1.0,2.537819095073274,1.0,0.005266790000007404,0.0002996620000317307,0.0002916729999924428,0.0010805979999872761
834596bc.qasm,128,68904.0,22696.0,5038.0,3275.0,1897.0,128.0,0.0,6282.0,0.7728838582677166,111.0,1.0,3.6128621458134353,0.0007490306661966866,12.372273176862867,11331.0,7631.913385826771,42.70589531194924,11239.0,7533.51968503937,42.155313711667254,0.05467923863235812,0.32938581214443285,0.24254770992366412,0.15779046703131575,0.7728838582677166,43.21922694683041,127.0,64.0,32.25196850393701,9.998884351398878,11.804996444259757,14.514070720020868,0.952755905511811,0.9212598425196851,0.8740157480314961,0.0,0.0,0.7049519581460936,-12.0,0.0,1.0,5.149739338308927,0.0038359232815343694,0.4746016500000678,0.3442092349999939,0.26516920699998536,0.998241648999965
83b22dc5.qasm,24,6808.0,1116.0,0.0,501.0,126.0,0.0,0.0,37.0,0.13405797101449277,4.0,1.0,30.16216216216216,0.03225806451612903,5.183325543943792,189.0,140.8695652173913,2.903225806451613,306.0,200.7391304347826,4.137096774193548,0.11290322580645161,0.16392479435957696,0.6590153027278776,0.5473401024038879,0.13405797101449277,2.903225806451613,6.0,12.0,6.260869565217392,7.088332345455686,8.848241934460873,11.355565914480747,0.7391304347826086,0.5652173913043478,0.30434782608695654,0.7391304347826086,3.4782608695652173,3.9538751608717697,1.0011378949509728,0.52660406885759,0.1863799283154122,7.8678705582085335,0.7309048178613397,0.08914897200003224,0.08634635399999979,0.005485374999977921,1.054299702000037
8400dcc1.qasm,256,767.0,255.0,0.0,257.0,255.0,256.0,0.0,255.0,0.0078125,2.0,1.0,1.0,0.00392156862745098,7.994353436858871,1.0,1.0,1.0,1.0,1.0,1.0,1.0,0.3324641460234681,0.015533803501945526,0.007782101167315175,0.0078125,1.0,1.0,1.0,1.0,3.3098430047160705,3.3098430047160705,3.3098430047160705,0.0,0.0,0.0,0.0,1.0,0.9999995069946517,-12.0,0.0,1.0,3.609914410085998,1.0,0.018438714000012624,0.015057001000002401,0.00207475299998805,0.04189907299996776
8422040e.qasm,65,65.0,64.0,0.0,65.0,64.0,65.0,0.0,64.0,0.03076923076923077,2.0,1.0,1.0,0.015625,6.0,1.0,1.0,1.0,1.0,1.0,1.0,1.0,0.9846153846153847,0.030532544378698224,0.0,0.03076923076923077,1.0,1.0,1.0,1.0,2.7101173651118162,2.7101173651118162,2.7101173651118162,0.0,0.0,0.0,0.0,1.0,1.0,-12.0,0.0,1.0,3.0073209529227447,1.0,0.002381222999986221,0.0008285310000246682,0.0007163289999994049,0.0038702769999758857
84fe3fba.qasm,34,18141.0,6286.0,0.0,7976.0,3048.0,0.0,0.0,151.0,0.26916221033868093,19.0,1.0,41.629139072847686,0.02036271078587337,6.584598126841777,5188.0,3001.878787878788,15.759147311485842,2490.0,1086.3939393939395,5.703308940502704,0.47709195036589247,0.3465079102585304,0.0900753731783586,0.038619646819245616,0.26916221033868093,15.759147311485842,29.0,17.0,8.757575757575758,8.605408903383536,10.411065425903839,13.115730513619306,0.8181818181818182,0.696969696969697,0.5151515151515151,0.30303030303030304,2.36191103661097,3.944729272564137,-2.87463221247542,0.15389239555154793,0.014635698377346485,7.786371979683445,0.06895981478419051,0.24943522899997106,0.2383756369999901,0.029538823000052616,1.25469306399998
85317608.qasm,32,221.0,93.0,0.0,39.0,35.0,32.0,0.0,31.0,0.0625,2.0,1.0,3.0,0.03225806451612903,4.954196310386877,3.0,3.0,1.0,3.0,3.0,1.0,0.3763440860215054,0.42081447963800905,0.2516025641025641,0.15053763440860216,0.0625,1.0,1.0,3.0,2.806451612903226,4.206529051682731,4.206529051682731,4.206529051682731,0.0,0.0,0.0,0.0,2.806451612903226,2.169269035053339,-12.0,0.0,1.0,4.50200354465664,1.0,0.004833039999994071,0.004254118999995171,0.0005805220000070221,0.01876472300000387
85863407.qasm,47,13861.0,2277.0,0.0,502.0,126.0,0.0,0.0,74.0,0.06845513413506013,4.0,1.0,30.77027027027027,0.015810276679841896,6.188800540781081,243.0,168.65217391304347,3.4071146245059287,315.0,220.5,4.454545454545454,0.05533596837944664,0.16427386191472476,0.6839874544375689,0.5785120388013165,0.06845513413506013,3.4071146245059287,9.0,23.0,12.0,7.485452492238303,9.262023887284572,11.932681616391688,0.8695652173913043,0.782608695652174,0.6521739130434783,0.8695652173913043,3.739130434782609,3.911095309913274,0.8964414054528903,0.4814725115039961,0.14800175669740886,7.86289664385339,0.29153740711348386,0.2144968229999904,0.19871032900005048,0.011970809999979792,1.0847054839999828
860cc392.qasm,47,13861.0,2277.0,0.0,502.0,126.0,0.0,0.0,74.0,0.06845513413506013,4.0,1.0,30.77027027027027,0.015810276679841896,6.188800540781081,243.0,168.65217391304347,3.4071146245059287,315.0,220.5,4.454545454545454,0.05533596837944664,0.16427386191472476,0.6839874544375689,0.5785120388013165,0.06845513413506013,3.4071146245059287,9.0,23.0,12.0,7.485452492238303,9.262023887284572,11.932681616391688,0.8695652173913043,0.782608695652174,0.6521739130434783,0.8695652173913043,3.739130434782609,3.91897254809116,0.9611911727757536,0.4813468992248062,0.14800175669740886,7.8628219368931465,0.2909602481783421,0.1931040539999458,0.16315887999996903,0.009753994999982751,0.9695696850000104
86464ad3.qasm,8,79.0,54.0,0.0,39.0,34.0,1.0,0.0,27.0,0.9642857142857143,7.0,1.0,2.0,0.07407407407407407,4.643776391052358,33.0,21.571428571428573,2.7962962962962963,33.0,21.571428571428573,2.7962962962962963,0.6296296296296297,0.6835443037974683,0.42628205128205127,0.1465201465201465,0.9642857142857143,2.7962962962962963,6.0,4.0,2.2857142857142856,5.637130337257187,5.637130337257187,5.637130337257187,0.14285714285714285,0.0,0.0,0.0,1.7142857142857142,1.7863985970912566,-12.0,0.0,1.0,4.909304579114357,1.0,0.001595548000011604,0.0012127779999673294,0.0003477270000189492,0.020184991999997237
871618c1.qasm,32,9580.0,1575.0,0.0,501.0,126.0,0.0,0.0,50.0,0.10080645161290322,4.0,1.0,31.5,0.022857142857142857,5.629084325808975,198.0,150.09677419354838,2.954285714285714,279.0,166.3548387096774,3.2742857142857145,0.08,0.16440501043841335,0.6957959081836327,0.5845727899040628,0.10080645161290322,2.954285714285714,7.0,16.0,8.258064516129032,7.2607426652240425,9.008477717944174,11.653821582690343,0.8064516129032258,0.6774193548387096,0.4838709677419355,0.8064516129032258,3.6129032258064515,3.9330427766619143,1.0114207499078,0.5175283732660781,0.17206349206349206,7.862328586551529,0.512839248434238,0.13059457299999622,0.12719163600002048,0.00709699899999805,1.022876900999961
8732dc00.qasm,64,445.0,189.0,0.0,71.0,67.0,64.0,0.0,63.0,0.03125,2.0,1.0,3.0,0.015873015873015872,5.97727992349992,3.0,3.0,1.0,3.0,3.0,1.0,0.3544973544973545,0.4247191011235955,0.13952464788732394,0.08361278783813995,0.03125,1.0,1.0,3.0,2.9047619047619047,4.541292115342369,4.541292115342369,4.541292115342369,0.0,0.0,0.0,0.0,2.9047619047619047,2.3703450877171637,-12.0,0.0,1.0,4.8397607809613215,1.0,0.009605888999999479,0.00903599700001223,0.0013762390000238156,0.035758644999987155
884b47f6.qasm,56,2856.0,1680.0,0.0,81.0,60.0,0.0,0.0,84.0,0.05454545454545454,3.0,1.0,20.0,0.011904761904761904,6.39231742277876,420.0,320.72727272727275,10.5,380.0,257.45454545454544,8.428571428571429,0.03571428571428571,0.5882352941176471,1.0,0.622895622895623,0.05454545454545454,10.5,49.0,28.0,14.254545454545454,7.856884272356911,9.66167722367094,12.344260326465465,0.8909090909090909,0.8181818181818182,0.7090909090909091,0.8909090909090909,3.7818181818181817,0.020838409032540917,-3.765493939047093,0.7664765525982256,0.002976190476190476,7.924945814459771,0.09243697478991597,0.04399429099998997,0.041796734000001834,0.007487570000023425,0.9962673279999876
885efe5b.qasm,24,6808.0,1116.0,0.0,501.0,126.0,0.0,0.0,37.0,0.13405797101449277,4.0,1.0,30.16216216216216,0.03225806451612903,5.183325543943792,189.0,140.8695652173913,2.903225806451613,306.0,200.7391304347826,4.137096774193548,0.11290322580645161,0.16392479435957696,0.6590153027278776,0.5473401024038879,0.13405797101449277,2.903225806451613,6.0,12.0,6.260869565217392,7.088332345455686,8.848241934460873,11.355565914480747,0.7391304347826086,0.5652173913043478,0.30434782608695654,0.7391304347826086,3.4782608695652173,3.933939615936095,1.0177498034207135,0.5474318658280922,0.1863799283154122,7.868305527110953,0.7287015276145711,0.11806783399998722,0.08991634699998485,0.008176213000012922,1.1038750629999754
8930abda.qasm,128,383.0,127.0,0.0,129.0,127.0,128.0,0.0,127.0,0.015625,2.0,1.0,1.0,0.007874015748031496,6.988684686772147,1.0,1.0,1.0,1.0,1.0,1.0,1.0,0.33159268929503916,0.030886627906976744,0.015503875968992248,0.015625,1.0,1.0,1.0,1.0,3.0073209529227447,3.0073209529227447,3.0073209529227447,0.0,0.0,0.0,0.0,1.0,0.999989436546481,-12.0,0.0,1.0,3.3064250275506875,1.0,0.0100528620000091,0.006364666000024499,0.0010891569999671447,0.013975134000020262
896404d8.qasm,34,17909.0,6254.0,0.0,7752.0,3016.0,0.0,0.0,151.0,0.26916221033868093,19.0,1.0,41.41721854304636,0.020466901183242726,6.576449958891424,5188.0,3000.0,15.829868883914294,2490.0,1083.3030303030303,5.716181643748001,0.47553565717940516,0.3492098944664694,0.091676531293632,0.03970431872908653,0.26916221033868093,15.829868883914294,29.0,17.0,8.757575757575758,8.605126939188235,10.410786437573565,13.11547157974067,0.8181818181818182,0.696969696969697,0.5151515151515151,0.12121212121212122,2.1247607672144406,3.6787148163725476,-5.073493291199958,0.21446540880503145,0.016629357211384713,7.802464212694833,0.06036071249092635,0.23534064800003307,0.21442021199999317,0.027096321999977135,1.1873623690000272
8a146ce3.qasm,30,100142.0,27736.0,0.0,25122.0,9993.0,0.0,0.0,435.0,1.0,29.0,1.0,63.760919540229885,0.004434669743293914,8.713186954627334,14397.0,9891.448275862069,10.34222670897029,14397.0,9891.448275862069,10.34222670897029,0.34803143928468416,0.2769667072756686,0.16967598121168698,0.10297335211066547,1.0,10.34222670897029,29.0,15.0,7.758620689655173,9.068278513601147,10.8698219328913,13.563923365469691,0.7931034482758621,0.6551724137931034,0.4482758620689655,0.7586206896551724,3.5172413793103448,4.000000000000001,1.221105911770337,0.08764748374668914,0.0012979521199884627,7.887595928245926,0.007868826266701285,1.244402275000084,0.8869312690000015,0.13059618599993428,1.0441655970000738
8a1c1c3f.qasm,8,53.0,21.0,0.0,15.0,11.0,8.0,0.0,7.0,0.25,2.0,1.0,3.0,0.14285714285714285,2.807354922057604,3.0,3.0,1.0,3.0,3.0,1.0,0.5238095238095238,0.39622641509433965,0.6166666666666667,0.3619047619047619,0.25,1.0,1.0,3.0,2.142857142857143,3.3165993020938607,3.3165993020938607,3.3165993020938607,0.0,0.0,0.0,0.0,2.142857142857143,1.9420506257160768,-12.0,0.0,1.0,3.5725230978496376,1.0,0.0011257159999900068,0.000973294999994323,0.00024228899997069675,0.0030690000000390683
8a2ab626.qasm,53,13689.0,2250.0,0.0,432.0,108.0,0.0,0.0,86.0,0.062409288824383166,4.0,1.0,26.162790697674417,0.012,6.415239833978443,261.0,177.23076923076923,4.096,396.0,232.6153846153846,5.376,0.048,0.16436554898093358,0.6961477987421384,0.5901442307692307,0.062409288824383166,4.096,10.0,26.0,13.5,7.565763040364966,9.358350495097703,12.032068625946428,0.8846153846153846,0.8076923076923077,0.6923076923076923,0.8846153846153846,3.769230769230769,3.9297780884240217,0.8216578344090346,0.31445040747366326,0.04044444444444444,7.827374656462474,0.29907224779019653,0.19216222700003982,0.1770850689999861,0.017275907999987794,1.0701090009999916
8b77bf87.qasm,256,1789.0,765.0,0.0,263.0,259.0,256.0,0.0,255.0,0.0078125,2.0,1.0,3.0,0.00392156862745098,7.994353436858871,3.0,3.0,1.0,3.0,3.0,1.0,0.338562091503268,0.4276131917272219,0.03793369771863118,0.022754044583612913,0.0078125,1.0,1.0,3.0,2.976470588235294,5.167036577515617,5.167036577515617,5.167036577515617,0.0,0.0,0.0,0.0,2.976470588235294,2.4263152224186415,-12.0,0.0,1.0,5.4674615897177,1.0,0.029260897999961344,0.029504949000056513,0.003269393999971726,0.10559721200002059
8bd576fc.qasm,56,2576.0,1512.0,0.0,73.0,54.0,0.0,0.0,84.0,0.05454545454545454,3.0,1.0,18.0,0.011904761904761904,6.39231742277876,378.0,288.6545454545454,10.5,342.0,231.70909090909092,8.428571428571429,0.03571428571428571,0.5869565217391305,1.0,0.623412204234122,0.05454545454545454,10.5,49.0,28.0,14.254545454545454,7.810906864948114,9.615544646711825,12.297879901566299,0.8909090909090909,0.8181818181818182,0.7090909090909091,0.8909090909090909,3.7818181818181817,2.292785717068733,0.3512152181926544,0.8091998704243603,0.0033068783068783067,7.928723421289611,0.10054347826086957,0.048935206999999536,0.06116412999995191,0.01260194600001796,1.0397441470000217
8c01a935.qasm,115,704.0,457.0,0.0,23.0,20.0,0.0,0.0,407.0,0.062090007627765065,10.0,1.0,1.1228501228501229,0.00437636761487965,8.617231974314121,57.0,40.8859649122807,10.199124726477024,91.0,61.03508771929825,15.225382932166301,0.0437636761487965,0.6491477272727273,0.4389413988657845,0.2597254004576659,0.062090007627765065,10.199124726477024,23.0,56.0,26.912280701754387,7.256710844343672,9.051251979936103,11.730614093117692,0.9473684210526315,0.9122807017543859,0.8596491228070176,0.5701754385964912,3.3157801008723298,4.000000000000001,1.3459868584563266,0.13401849948612538,0.13566739606126915,7.864308321445324,0.7443181818181818,0.01124895799995329,0.004643704000045545,0.0025552259999699345,1.19167395300002
8d5010bc.qasm,16,62.0,15.0,0.0,18.0,15.0,15.0,0.0,15.0,0.125,15.0,1.0,1.0,0.06666666666666667,3.906890595608518,15.0,8.0,8.0,14.0,7.066666666666666,7.066666666666666,1.0,0.24193548387096775,0.2673611111111111,0.16296296296296298,0.125,8.0,15.0,8.0,4.266666666666667,5.4832405787719525,7.044732915762914,8.23695430884975,0.6,0.3333333333333333,0.0,0.0,0.0,0.0,-12.0,0.0,1.0,3.2555137128195333,1.0,0.003069720999974379,0.000564020000012988,0.0003095449999932498,0.023305518000029224
8d9d4033.qasm,20,5760.0,945.0,0.0,501.0,126.0,0.0,0.0,30.0,0.15789473684210525,4.0,1.0,31.5,0.0380952380952381,4.892118731642768,171.0,126.47368421052632,2.5428571428571427,252.0,179.52631578947367,3.6095238095238096,0.13333333333333333,0.1640625,0.6691616766467066,0.5524739993696817,0.15789473684210525,2.5428571428571427,5.0,10.0,5.2631578947368425,6.960432388581718,8.64603217300255,11.154786160819661,0.6842105263157895,0.47368421052631576,0.15789473684210525,0.6842105263157895,3.3684210526315788,3.9130346628341375,1.048204165092894,0.551906779661017,0.2105820105820106,7.866404795425319,0.9067708333333333,0.07543549100000746,0.08094540100000813,0.004794746000015948,0.9961849470000175
8e84b85a.qasm,8,180.0,92.0,0.0,126.0,71.0,8.0,0.0,26.0,0.9285714285714286,7.0,1.0,3.5384615384615383,0.043478260869565216,4.653996738665709,64.0,44.0,3.347826086956522,56.0,40.57142857142857,3.0869565217391304,0.7717391304347826,0.5111111111111111,0.2698412698412698,0.06122448979591837,0.9285714285714286,3.347826086956522,7.0,4.0,2.2857142857142856,6.0156652470488465,6.0156652470488465,6.0156652470488465,0.14285714285714285,0.0,0.0,0.0,0.0,0.0,-12.0,0.0,1.0,3.6225248624035684,1.0,0.0023787019999872427,0.0014170399999784422,0.00046126699999149423,0.027549068000041643
8e9564e3.qasm,41,12107.0,1989.0,0.0,501.0,126.0,0.0,0.0,65.0,0.07926829268292683,4.0,1.0,30.6,0.01809954751131222,6.000973656353442,216.0,161.55,3.248868778280543,279.0,175.05,3.520361990950226,0.06334841628959276,0.16428512430825143,0.686237281534492,0.5791417165668663,0.07926829268292683,3.248868778280543,8.0,20.0,10.5,7.399939978290751,9.180864032609222,11.831790934390213,0.85,0.75,0.6,0.825,3.675,3.9236643371513007,0.9680793550710245,0.4940505701536936,0.146807440925088,7.857703038811573,0.4356157594779879,0.15699920199995177,0.14767164400007005,0.009226576999935787,1.0686562580000327
8f4e1b64.qasm,36,38069.0,13074.0,0.0,17298.0,6525.0,0.0,0.0,172.0,0.273015873015873,21.0,1.0,76.01162790697674,0.01958084748355515,6.644306157200065,10436.0,6272.0,16.79057671714854,4970.0,2106.885714285714,5.640278415175157,0.48791494569374333,0.3434290367490609,0.08212734934032194,0.03430784731513139,0.273015873015873,16.79057671714854,31.0,18.0,9.257142857142858,8.95112577291406,10.756822542447248,13.461784518678703,0.8285714285714286,0.7142857142857143,0.5428571428571428,0.2857142857142857,2.263680534014168,2.9043985124276337,-6.300897103378866,0.2356078431372549,0.0073428178063331805,7.78961873241801,0.05687041950143161,0.5307358080000313,0.5747955289999709,0.0625160639999649,1.18834856400008
8f564e3e.qasm,53,16447.0,2709.0,0.0,503.0,126.0,0.0,0.0,86.0,0.062409288824383166,4.0,1.0,31.5,0.013289036544850499,6.411492890736352,279.0,190.21153846153845,3.6511627906976742,477.0,284.53846153846155,5.461794019933555,0.046511627906976744,0.16471088952392535,0.7185565850181928,0.6095733292552379,0.062409288824383166,3.6511627906976742,10.0,26.0,13.5,7.5957168953710905,9.387968233263058,12.061859256086771,0.8846153846153846,0.8076923076923077,0.6923076923076923,0.7884615384615384,3.5961538461538463,3.9186901829350287,0.8706724906189971,0.3308676529388245,0.03359173126614987,7.845130654305197,0.13394540037696845,0.2119277990000228,0.20852613500005646,0.013272610999933931,1.0170683190000318
8f8fbcbd.qasm,58,437338.0,125051.0,0.0,,,0.0,0.0,1653.0,1.0,57.0,1.0,75.65093768905021,0.001239494286331177,10.62746178962845,63709.0,43691.508771929824,19.915202597340286,63709.0,43691.508771929824,19.915202597340286,,0.2859367354311768,,,1.0,19.835050772847783,57.0,29.0,14.75438596491228,9.51135913550611,11.316844372792964,14.023858551821807,0.8947368421052632,0.8245614035087719,0.7192982456140351,0.6666666666666666,3.3333333333333335,4.000000000000001,0.8722724913398894,0.0335633626097867,0.0024010804862187986,7.815280154666695,0.005222043873729267,0.5578532920000043,1.1231020239999907,0.23606504600002154,1.1392800690000513
8fb9e9ac.qasm,63,2544.0,1257.0,61.0,1306.0,677.0,63.0,0.0,202.0,0.10343061955965181,22.0,1.0,6.2227722772277225,0.05250596658711217,7.138695112294489,756.0,468.5967741935484,23.11296738265712,567.0,269.64516129032256,13.29992044550517,0.5385839299920445,0.49410377358490565,0.0476798172050852,0.015289235785209701,0.10343061955965181,22.5637707948244,55.0,31.0,16.0,8.172946801214328,9.977641200790906,12.683846470077269,0.9032258064516129,0.8387096774193549,0.7419354838709677,0.0,0.0,0.0,-12.0,0.0,1.0,5.121077026481405,0.23808122424955858,0.036079831999984435,0.02270743100001482,0.007482422999999017,1.0391468930000087
9143d50f.qasm,256,763.0,509.0,254.0,637.0,383.0,256.0,0.0,382.0,0.01170343137254902,4.0,1.0,1.3324607329842932,0.003929273084479371,8.492504164346876,255.0,128.49803921568628,64.37524557956777,3.0,2.988235294117647,1.4970530451866404,0.7524557956777996,0.6671035386631717,0.010915423861852434,0.000775694893341952,0.01170343137254902,80.08607968519429,128.0,128.0,64.25098039215686,8.823039462172302,10.62850277958782,13.336702499838688,0.9764705882352941,0.9607843137254902,0.9372549019607843,0.0,0.0,0.0,-12.0,0.0,1.0,5.128118049563945,0.05140078721926372,0.01953544299999521,0.005330540000045403,0.01177217299999711,1.1241509120000046
917fa943.qasm,56,896.0,504.0,0.0,25.0,18.0,0.0,0.0,84.0,0.05454545454545454,3.0,1.0,6.0,0.011904761904761904,6.39231742277876,126.0,96.21818181818182,10.5,114.0,77.23636363636363,8.428571428571429,0.03571428571428571,0.5625,1.0,0.6334545454545455,0.05454545454545454,10.5,49.0,28.0,14.254545454545454,7.329363724367665,9.130852820672251,11.808108561328318,0.8909090909090909,0.8181818181818182,0.7090909090909091,0.8909090909090909,3.7818181818181817,0.09202858022510498,-3.719195448310994,0.7454884878655881,0.00992063492063492,7.923083170326412,0.29910714285714285,0.03532646299998987,0.013227324000013141,0.0030974460000265935,0.9787338179999665
92f98bb3.qasm,12,2988.0,486.0,0.0,464.0,117.0,0.0,0.0,17.0,0.25757575757575757,4.0,1.0,28.58823529411765,0.07407407407407407,4.050459724065178,135.0,98.18181818181819,2.2222222222222223,144.0,109.63636363636364,2.4814814814814814,0.24074074074074073,0.16265060240963855,0.6239224137931034,0.49451410658307204,0.25757575757575757,2.2222222222222223,4.0,6.0,3.272727272727273,6.554627845579415,8.083086762990792,8.083086762990792,0.45454545454545453,0.09090909090909091,0.0,0.45454545454545453,2.909090909090909,3.7946280744540477,0.5614193004242456,0.28136200716845877,0.205761316872428,7.2707999326971695,1.0,0.04243679300003578,0.03604978300000994,0.00233092499996701,0.4050077350000265
933b305c.qasm,45,13935.0,2295.0,0.0,501.0,126.0,0.0,0.0,73.0,0.07373737373737374,4.0,1.0,31.438356164383563,0.01568627450980392,6.175016818897889,252.0,174.88636363636363,3.3529411764705883,405.0,229.0909090909091,4.392156862745098,0.054901960784313725,0.16469321851453175,0.7198935462408517,0.6094175285792052,0.07373737373737374,3.3529411764705883,8.0,22.0,11.5,7.477255821729523,9.259996660236249,11.920133510820074,0.8636363636363636,0.7727272727272727,0.6363636363636364,0.8181818181818182,3.5681818181818183,3.9030984517351204,1.0184843059288289,0.5098135426889107,0.15468409586056645,7.867313831216623,0.2730534625044851,0.1839152439999907,0.21016799000005904,0.011396742999977505,1.1303950550000081
93865be7.qasm,4,4.0,0.0,0.0,1.0,0.0,4.0,0.0,0.0,0.0,0.0,4.0,0.0,0.0,0.0,0.0,0.0,0.0,0.0,0.0,0.0,0.0,0.0,1.0,1.0,0.0,0.0,0.0,0.0,0.0,0.0,0.0,0.0,0.0,0.0,0.0,0.0,0.0,0.0,-12.0,0.0,1.0,0.0,1.0,0.0011165410000444353,0.00015503999998145446,0.0005902119999632305,0.0004100830000197675
9395edc6.qasm,13,,,,,,,,,,,,,,,,,,,,,,,,,,4.478260869565218,10.0,6.0,3.5,5.900612340200575,7.578933479404186,7.578933479404186,0.5,0.16666666666666666,0.0,0.0,0.0,4.0,-12.0,0.0,1.0,5.17066354527954,1.0,0.00013348699997095537,0.0004836269999941578,0.0003741330000366361,0.0267708459999767
93c78575.qasm,51,16053.0,2646.0,0.0,502.0,126.0,0.0,0.0,84.0,0.06588235294117648,4.0,1.0,31.5,0.013605442176870748,6.37754555881302,279.0,191.7,3.622448979591837,504.0,280.08,5.292517006802721,0.047619047619047616,0.1648290039245001,0.7303726271385048,0.6195617529880478,0.06588235294117648,3.622448979591837,9.0,25.0,13.0,7.579275689486288,9.361148979422092,12.037769899918153,0.88,0.8,0.68,0.68,3.24,3.8986690642952664,0.9524657259185634,0.5078711552434003,0.154572940287226,7.866706145581736,0.24985983928237712,0.21819955900002697,0.20340160299997478,0.011913230999994084,1.0468362080000588
9429600a.qasm,49,15295.0,2520.0,0.0,502.0,126.0,0.0,0.0,80.0,0.06802721088435375,4.0,1.0,31.5,0.014285714285714285,6.307156230921614,252.0,180.1875,3.432142857142857,387.0,251.625,4.792857142857143,0.05,0.16475972540045766,0.7242458736482641,0.6139193227091634,0.06802721088435375,3.432142857142857,9.0,24.0,12.5,7.533328859570887,9.312625009611704,11.985580744519561,0.875,0.7916666666666666,0.6666666666666666,0.7916666666666666,3.5208333333333335,3.906950322657166,1.00970236538345,0.5014506769825918,0.15515873015873016,7.864243070721368,0.25975809087937235,0.20343021700000463,0.1949643540000352,0.011338113999954658,0.9554257639999832
94f4e26a.qasm,53,20143.0,3312.0,0.0,645.0,162.0,0.0,0.0,86.0,0.062409288824383166,4.0,1.0,38.51162790697674,0.01358695652173913,6.386644513183454,414.0,281.4230769230769,4.418478260869565,594.0,338.53846153846155,5.315217391304348,0.04891304347826087,0.16442436578463981,0.6861196431183267,0.5813357185450209,0.062409288824383166,4.418478260869565,10.0,26.0,13.5,7.767220188868746,9.560216162239689,12.233989303614052,0.8846153846153846,0.8076923076923077,0.6923076923076923,0.8846153846153846,3.769230769230769,3.9297780884240217,0.8216578344090346,0.31445040747366326,0.02747584541062802,7.827374656462474,0.20324678548379088,0.32304760100009844,0.2671193740000035,0.02407730699997046,1.1230612539999356
950704f2.qasm,128,8446.0,8191.0,0.0,382.0,379.0,127.0,0.0,8128.0,1.0,127.0,1.0,1.0077509842519685,0.00024417043096081065,12.984441141863835,4159.0,2783.748031496063,43.161518740080574,4159.0,2783.748031496063,43.161518740080574,0.046270296667073614,0.9698081932275634,0.3402527814136126,0.1662200601888115,1.0,43.161518740080574,127.0,64.0,32.25196850393701,9.160328307600512,10.966145648681948,13.674765828002274,0.952755905511811,0.9212598425196851,0.8740157480314961,0.0,0.0,0.0,-12.0,0.0,1.0,5.125393421978185,0.029599810561212407,0.20036111600006734,0.14355105999993611,0.0370566259999805,0.972646351000094
954ad251.qasm,2,16.0,2.0,0.0,11.0,2.0,2.0,0.0,1.0,1.0,1.0,1.0,2.0,1.0,-0.0,2.0,2.0,1.0,2.0,2.0,1.0,1.0,0.125,0.8181818181818182,0.4545454545454546,1.0,1.0,1.0,1.0,1.0,1.2304489213782739,1.2304489213782739,1.2304489213782739,0.0,0.0,0.0,0.0,0.0,1.0,-12.0,0.0,1.0,1.2304489213782739,1.0,0.000419827999962763,0.0001230889999987994,0.0002047050000442141,0.0010398910000049
957c248b.qasm,32,574.0,511.0,0.0,94.0,91.0,31.0,0.0,496.0,1.0,31.0,1.0,1.030241935483871,0.003913894324853229,8.938471066064823,271.0,183.74193548387098,11.146771037181995,271.0,183.74193548387098,11.146771037181995,0.1780821917808219,0.8902439024390244,0.36070478723404253,0.16472203157172272,1.0,11.146771037181995,31.0,16.0,8.258064516129032,7.359907865042896,9.15803037384753,11.847920707586937,0.8064516129032258,0.6774193548387096,0.4838709677419355,0.0,0.0,0.0,-12.0,0.0,1.0,4.939763786401352,1.0,0.013452278000045226,0.00819349500000044,0.002941139999961706,0.6201479520000248
964382be.qasm,53,20143.0,3312.0,0.0,645.0,162.0,0.0,0.0,86.0,0.062409288824383166,4.0,1.0,38.51162790697674,0.01358695652173913,6.386644513183454,414.0,281.4230769230769,4.418478260869565,594.0,338.53846153846155,5.315217391304348,0.04891304347826087,0.16442436578463981,0.6861196431183267,0.5813357185450209,0.062409288824383166,4.418478260869565,10.0,26.0,13.5,7.767220188868746,9.560216162239689,12.233989303614052,0.8846153846153846,0.8076923076923077,0.6923076923076923,0.8846153846153846,3.769230769230769,3.9203181181175792,0.84620590798603,0.31312127236580517,0.02747584541062802,7.827356819222486,0.20309785036985553,0.2705667100000255,0.2858421379999072,0.014845203000049878,1.061252221000018
965eb08c.qasm,43,12865.0,2115.0,0.0,501.0,126.0,0.0,0.0,69.0,0.07641196013289037,4.0,1.0,30.652173913043477,0.01702127659574468,6.08749114837044,243.0,168.21428571428572,3.3404255319148937,279.0,186.64285714285714,3.706382978723404,0.059574468085106386,0.16439953361834433,0.695353479088335,0.5875867312993062,0.07641196013289037,3.3404255319148937,8.0,21.0,11.0,7.4391636335166345,9.221191008154559,11.870048228980183,0.8571428571428571,0.7619047619047619,0.6190476190476191,0.8571428571428571,3.7142857142857144,3.941399660868089,0.9474255861849483,0.4579100145137881,0.14657210401891252,7.852944446390939,0.42681694520015545,0.1667676050000182,0.1612224079999578,0.010402636999970127,1.114766497000005
96876fa5.qasm,16,30878.0,12366.0,78.0,20222.0,9728.0,16.0,0.0,103.0,0.8583333333333333,15.0,1.0,120.05825242718447,0.034934497816593885,6.294166998390527,6816.0,4735.6,5.744298884036875,5196.0,3867.2,4.690926734594857,0.784651463690765,0.4004793056545113,0.1341360894075759,0.03513005637424586,0.8583333333333333,5.796633941093969,15.0,8.0,4.266666666666667,8.47029716708562,10.256651022085778,12.019269244983606,0.6,0.3333333333333333,0.0,0.0,0.0,1.0,-12.0,0.0,1.0,5.6930591695735,0.10647482014388489,0.35301747600004774,0.18097252499995875,0.05309908300000643,1.2019386709999935
96f82da7.qasm,256,382.0,127.0,0.0,129.0,127.0,255.0,0.0,127.0,0.0038909313725490197,127.0,129.0,1.0,0.007874015748031496,6.988684686772147,127.0,63.74901960784314,128.0,126.0,31.380392156862744,63.00787401574803,1.0,0.3324607329842932,0.015413032945736434,0.0076911384708922325,0.0038909313725490197,128.0,254.0,85.0,42.666666666666664,7.822870028890815,9.628111548753433,12.334801164819035,0.9607843137254902,0.9372549019607843,0.9019607843137255,0.0,0.0,0.0,-12.0,0.0,1.0,5.124585728912949,0.7146596858638743,0.006895953000025656,0.0027221439999607355,0.001008510000019669,0.9843494219999798
981d8651.qasm,128,128.0,127.0,0.0,128.0,127.0,128.0,0.0,127.0,0.015625,2.0,1.0,1.0,0.007874015748031496,6.988684686772147,1.0,1.0,1.0,1.0,1.0,1.0,1.0,0.9921875,0.01556396484375,0.0,0.015625,1.0,1.0,1.0,1.0,3.0073209529227447,3.0073209529227447,3.0073209529227447,0.0,0.0,0.0,0.0,1.0,1.0,-12.0,0.0,1.0,3.3064250275506875,1.0,0.0030774180000321394,0.0010005419999856713,0.0006269759999781854,0.013443326000015077
9a442b56.qasm,90,12168.0,3782.0,0.0,10178.0,3095.0,0.0,0.0,403.0,0.10062421972534331,45.0,3.0,9.384615384615385,0.20306716023268112,5.503787421823123,2182.0,423.23595505617976,9.959809624537282,2152.0,342.53932584269666,8.06081438392385,0.817028027498678,0.31081525312294545,0.017412283574594442,0.0021968511064843527,0.10062421972534331,9.959809624537282,83.0,45.0,22.741573033707866,8.1861151502275,9.988278243497254,12.665770060056692,0.9325842696629213,0.8876404494382022,0.8202247191011236,0.02247191011235955,1.5576332204503325,2.2311415411965916,-4.059144316531416,0.01029837060026804,0.14331041776837652,6.8675769021420905,0.4992603550295858,0.15664169900003344,0.17247488800001065,0.016854959999932362,1.2339662809999936
9c6b6510.qasm,256,3559.0,2035.0,0.0,3433.0,1909.0,256.0,0.0,382.0,0.01170343137254902,255.0,1.0,5.327225130890052,0.004914004914004914,8.32184748035329,1651.0,607.121568627451,76.07665847665848,1651.0,793.8862745098039,99.47960687960688,0.9380835380835381,0.5717898286035403,0.0063651507427905625,0.0001439317352341463,0.01170343137254902,76.07665847665848,128.0,128.0,64.25098039215686,8.801148564260545,10.606608199885526,13.314795261820226,0.9764705882352941,0.9607843137254902,0.9372549019607843,0.0,0.0,0.0,-12.0,0.0,1.0,5.12471610363175,0.04214667041303737,0.03445844399999487,0.013240762000009454,0.011278111000024182,0.9713908349999656
9ccf974e.qasm,9,33.0,16.0,2.0,,,6.0,0.0,16.0,0.4444444444444444,5.0,3.0,1.0,0.0625,4.0,9.0,4.5,2.25,9.0,4.5,2.25,,0.48484848484848486,,,0.4444444444444444,1.8571428571428572,5.0,4.0,2.5,4.798740394966938,4.798740394966938,4.798740394966938,0.25,0.0,0.0,0.0,1.125,1.0,-12.0,0.0,1.0,3.7816835845073506,1.0,0.0008029159999978219,0.0006085320000011052,0.00027952300001743424,0.006280773000014506
9d76010e.qasm,78,78.0,77.0,0.0,78.0,77.0,78.0,0.0,77.0,0.02564102564102564,2.0,1.0,1.0,0.012987012987012988,6.266786540694905,1.0,1.0,1.0,1.0,1.0,1.0,1.0,0.9871794871794872,0.025476660092044707,0.0,0.02564102564102564,1.0,1.0,1.0,1.0,2.7902851640332416,2.7902851640332416,2.7902851640332416,0.0,0.0,0.0,0.0,1.0,1.0,-12.0,0.0,1.0,3.0881360887005513,1.0,0.0018605540000180554,0.0005709239999873716,0.0004396620000193252,0.0029428280000161067
9d7cbc78.qasm,12,2988.0,486.0,0.0,464.0,117.0,0.0,0.0,17.0,0.25757575757575757,4.0,1.0,28.58823529411765,0.07407407407407407,4.050459724065178,135.0,98.18181818181819,2.2222222222222223,144.0,109.63636363636364,2.4814814814814814,0.24074074074074073,0.16265060240963855,0.6239224137931034,0.49451410658307204,0.25757575757575757,2.2222222222222223,4.0,6.0,3.272727272727273,6.554627845579415,8.083086762990792,8.083086762990792,0.45454545454545453,0.09090909090909091,0.0,0.45454545454545453,2.909090909090909,3.8289855825853087,0.6514339462340742,0.28136200716845877,0.205761316872428,7.2707999326971695,1.0,0.03660404100003234,0.03853302900000699,0.0021771859999830667,0.3206816449999792
9d7e60b6.qasm,256,678.0,340.0,338.0,510.0,4.0,256.0,0.0,170.0,0.005208333333333333,2.0,86.0,2.0,0.008823529411764706,7.220669060596816,256.0,113.33725490196079,85.00294117647059,3.0,1.3333333333333333,1.0,0.7529411764705882,0.5014749262536873,0.012974877450980393,0.0012918108419838522,0.005208333333333333,85.71663851351352,172.0,128.0,64.25098039215686,8.918917464238094,10.72416709855545,13.432015820513222,0.9764705882352941,0.9607843137254902,0.9372549019607843,0.0,0.0,0.0,-12.0,0.0,1.0,5.125575596578699,0.04085027726432532,0.010015113999997993,0.006195379000018875,0.010097040999994533,0.8514836279999827
9e3be92a.qasm,128,8446.0,8191.0,0.0,382.0,379.0,127.0,0.0,8128.0,1.0,127.0,1.0,1.0077509842519685,0.00024417043096081065,12.984441141863835,4159.0,2783.748031496063,43.161518740080574,4159.0,2783.748031496063,43.161518740080574,0.046270296667073614,0.9698081932275634,0.3402527814136126,0.1662200601888115,1.0,43.161518740080574,127.0,64.0,32.25196850393701,9.160328307600512,10.966145648681948,13.674765828002274,0.952755905511811,0.9212598425196851,0.8740157480314961,0.0,0.0,0.0,-12.0,0.0,1.0,5.125393421978185,0.029599810561212407,0.17221576099996128,0.14825356200003625,0.03670354599989878,1.0990972980000606
9ea3bed5.qasm,2,,,,,,,,,,,,,,,,,,,,,,,,,,1.0,1.0,1.0,1.0,2.3961993470957363,2.3961993470957363,2.3961993470957363,0.0,0.0,0.0,0.0,0.0,0.0,-12.0,0.0,1.0,2.3961993470957363,1.0,0.0008920139999872845,0.009356640000021343,0.0003400610000312554,0.004550971999947251
9f744e04.qasm,30,42385.0,11964.0,0.0,9586.0,3844.0,0.0,0.0,435.0,1.0,29.0,1.0,27.50344827586207,0.004847876964226012,8.705761867035127,6189.0,4250.551724137931,10.303075894349716,6189.0,4250.551724137931,10.303075894349716,0.3116850551654965,0.28226967087413,0.1889874121983448,0.1179845608178594,1.0,10.303075894349716,29.0,15.0,7.758620689655173,8.701287826575498,10.502459992387987,13.195259294765876,0.7931034482758621,0.6551724137931034,0.4482758620689655,0.6896551724137931,3.4339642241627986,4.0,1.0131108164829266,0.2732880937692782,0.006603142761618188,7.863663219537712,0.02257874247965082,0.5959514310000031,0.31219267400001627,0.055005438000080176,1.0957593879999195
a0a79499.qasm,16,424.0,360.0,0.0,65.0,61.0,16.0,0.0,120.0,1.0,15.0,1.0,3.0,0.008333333333333333,6.906890595608536,192.0,136.0,5.666666666666667,192.0,136.0,5.666666666666667,0.16944444444444445,0.8490566037735849,0.7538461538461538,0.3682051282051282,1.0,5.666666666666667,15.0,8.0,4.266666666666667,6.90822248627344,8.679350204556393,10.408070268525588,0.6,0.3333333333333333,0.0,0.0,2.6,2.800854216439494,-12.0,0.0,1.0,7.319965902157045,1.0,0.007107596000025751,0.0034131230000298274,0.00186243499996408,0.599059254999986
a0b53b67.qasm,64,204.0,119.0,56.0,77.0,44.0,64.0,0.0,91.0,0.04513888888888889,4.0,1.0,1.3076923076923077,0.01680672268907563,6.424229528013826,70.0,40.333333333333336,21.352941176470587,3.0,2.7777777777777777,1.4705882352941178,0.3697478991596639,0.5833333333333334,0.0882711038961039,0.026180169037311893,0.04513888888888889,22.076923076923077,56.0,32.0,16.253968253968253,7.6088841146816115,9.408796398822888,12.112299850076553,0.9047619047619048,0.8412698412698413,0.746031746031746,0.0,0.0,0.0,-12.0,0.0,1.0,5.120656176160533,0.8390688259109311,0.0039825979999932315,0.0018474639999794817,0.0023582709999914186,1.20431880000001
a169a3ba.qasm,39,11869.0,1953.0,0.0,501.0,126.0,0.0,0.0,62.0,0.08367071524966262,4.0,1.0,31.5,0.018433179723502304,5.939424446421127,225.0,167.21052631578948,3.2534562211981566,378.0,219.07894736842104,4.2626728110599075,0.06451612903225806,0.16454629707641755,0.7074057014176774,0.5971215463809224,0.08367071524966262,3.2534562211981566,8.0,19.0,10.0,7.396629748069891,9.176103345302934,11.81620818663357,0.8421052631578947,0.7368421052631579,0.5789473684210527,0.8421052631578947,3.6842105263157894,3.908724017980807,0.9314150139377486,0.5192210419828023,0.15412186379928317,7.859542591591313,0.4422445024854663,0.1894858840000211,0.15370981500001335,0.008787012999960098,1.1377432969999859
a1b3d3aa.qasm,32,1422.0,884.0,0.0,213.0,140.0,0.0,0.0,221.0,0.44556451612903225,20.0,1.0,4.0,0.004524886877828055,7.787902559391411,468.0,325.4193548387097,11.411764705882353,456.0,294.3225806451613,10.321266968325792,0.1583710407239819,0.6216596343178622,0.33832159624413144,0.18309859154929578,0.44556451612903225,11.411764705882353,31.0,16.0,8.258064516129032,7.614803864310639,9.417703393009333,12.112665180320981,0.8064516129032258,0.6774193548387096,0.4838709677419355,0.5806451612903226,2.7096774193548385,3.8679497649146075,1.0823096281780868,0.43270828388321864,0.042986425339366516,7.8908163039462735,0.27637130801687765,0.018148213000017677,0.010167614000010872,0.004437537000001157,1.0582175959999631
a1bc8d56.qasm,20,5448.0,891.0,0.0,501.0,126.0,0.0,0.0,30.0,0.15789473684210525,4.0,1.0,29.7,0.04040404040404041,4.878616089448783,162.0,119.84210526315789,2.5555555555555554,243.0,170.05263157894737,3.6262626262626263,0.1414141414141414,0.16354625550660792,0.6326347305389222,0.5196974472108414,0.15789473684210525,2.5555555555555554,5.0,10.0,5.2631578947368425,6.934580101030249,8.618556362202524,11.111860477593869,0.6842105263157895,0.47368421052631576,0.15789473684210525,0.6842105263157895,3.3684210526315788,3.91055651699521,0.9705763371178082,0.5342615342615342,0.19640852974186307,7.842310178577498,1.0,0.07327446800002235,0.06671328499999163,0.004490787999998247,1.0429759570000101
a3cb01ca.qasm,24,6808.0,1116.0,0.0,501.0,126.0,0.0,0.0,37.0,0.13405797101449277,4.0,1.0,30.16216216216216,0.03225806451612903,5.183325543943792,189.0,140.8695652173913,2.903225806451613,306.0,200.7391304347826,4.137096774193548,0.11290322580645161,0.16392479435957696,0.6590153027278776,0.5473401024038879,0.13405797101449277,2.903225806451613,6.0,12.0,6.260869565217392,7.088332345455686,8.848241934460873,11.355565914480747,0.7391304347826086,0.5652173913043478,0.30434782608695654,0.7391304347826086,3.4782608695652173,3.937490294888705,1.0188129456181398,0.5308352849336456,0.1863799283154122,7.866956269393656,0.7313454759106933,0.09558995100002221,0.11129908599997407,0.0050990280000178245,1.135234066999999
a409aaa1.qasm,32,3456.0,976.0,0.0,294.0,117.0,32.0,0.0,256.0,0.5161290322580645,16.0,1.0,3.8125,0.004098360655737705,7.9635242228087435,264.0,183.74193548387098,5.836065573770492,264.0,183.74193548387098,5.836065573770492,0.11987704918032786,0.2824074074074074,0.4710884353741497,0.3469387755102041,0.5161290322580645,5.836065573770492,16.0,16.0,8.258064516129032,7.358735058833016,9.147269835043364,11.795276450265764,0.8064516129032258,0.6774193548387096,0.4838709677419355,0.4838709677419355,3.4486919190502787,4.0,1.1152951111628675,0.28827877507919747,0.005122950819672131,7.89625189153859,0.3732638888888889,0.023205193000023883,0.015211393000015505,0.004775996999967447,1.0172060870000337
a440a477.qasm,26,,,,,,,,,,,,,,,,,,,,,,,,,,4.478260869565218,10.0,11.0,5.72,6.204977139260248,7.946137538056698,10.3904879193065,0.72,0.52,0.24,0.0,0.0,4.0,-12.0,0.0,1.0,5.471692075086866,1.0,0.00019087999999101157,0.0009449300000028416,0.0004162339999993492,0.059358970999994654
a44fdc9f.qasm,127,334.0,168.0,166.0,252.0,4.0,127.0,0.0,84.0,0.010498687664041995,2.0,43.0,2.0,0.017857142857142856,6.203595547237914,127.0,56.007936507936506,42.00595238095238,3.0,1.3333333333333333,1.0,0.7559523809523809,0.5029940119760479,0.026059242594675666,0.0025825144872763917,0.010498687664041995,42.71907216494845,86.0,63.0,32.0,8.30707574776196,10.111328422223638,12.817717700056985,0.9523809523809523,0.9206349206349206,0.873015873015873,0.0,0.0,0.0,-12.0,0.0,1.0,5.123253666400039,0.17155756207674944,0.005511791999992965,0.0032918009999889364,0.00537418100003606,1.0302914099999612
a4f95806.qasm,16,109.0,45.0,0.0,23.0,19.0,16.0,0.0,15.0,0.125,2.0,1.0,3.0,0.06666666666666667,3.906890595608518,3.0,3.0,1.0,3.0,3.0,1.0,0.4222222222222222,0.41284403669724773,0.41847826086956524,0.24927536231884057,0.125,1.0,1.0,3.0,2.6,3.828981954007923,3.828981954007923,3.828981954007923,0.0,0.0,0.0,0.0,2.6,1.9442849738824624,-12.0,0.0,1.0,4.116640945661129,1.0,0.0020503289999851404,0.001152596000054018,0.00034359599999334023,0.01445334299995693
a75c691c.qasm,28,2991.0,922.0,0.0,2483.0,760.0,0.0,0.0,108.0,0.2857142857142857,17.0,1.0,8.537037037037036,0.20824295010845986,4.922656101438545,524.0,137.85185185185185,4.036876355748373,444.0,157.7037037037037,4.61822125813449,0.8210412147505423,0.30825810765630224,0.056282722513089,0.007577452603630618,0.2857142857142857,4.036876355748373,23.0,14.0,7.2592592592592595,7.171025196787284,8.941844553310318,11.451893140571022,0.7777777777777778,0.6296296296296297,0.4074074074074074,0.7407407407407407,3.5047909859288744,1.0119529212790237,-2.1029571381291428,0.26210543711783174,0.6247288503253796,7.800684869204543,0.7810096957539284,0.048747279999986404,0.04046289500001876,0.004259613999977319,1.1600130969999896
a8818670.qasm,32,32.0,31.0,0.0,32.0,31.0,32.0,0.0,31.0,0.0625,2.0,1.0,1.0,0.03225806451612903,4.954196310386877,1.0,1.0,1.0,1.0,1.0,1.0,1.0,0.96875,0.0615234375,0.0,0.0625,1.0,1.0,1.0,1.0,2.3961993470957363,2.3961993470957363,2.3961993470957363,0.0,0.0,0.0,0.0,1.0,1.0,-12.0,0.0,1.0,2.6893088591236203,1.0,0.0014344440000400027,0.00034950899998875684,0.00034325499996157305,0.004579017000025942
a8b40b61.qasm,43,12865.0,2115.0,0.0,501.0,126.0,0.0,0.0,69.0,0.07641196013289037,4.0,1.0,30.652173913043477,0.01702127659574468,6.08749114837044,243.0,168.21428571428572,3.3404255319148937,279.0,186.64285714285714,3.706382978723404,0.059574468085106386,0.16439953361834433,0.695353479088335,0.5875867312993062,0.07641196013289037,3.3404255319148937,8.0,21.0,11.0,7.4391636335166345,9.221191008154559,11.870048228980183,0.8571428571428571,0.7619047619047619,0.6190476190476191,0.8571428571428571,3.7142857142857144,3.911095309913272,0.8813934320960259,0.47468354430379744,0.14657210401891252,7.852154449675664,0.42635056354450057,0.16936203899990687,0.14071782500002428,0.00865950700006124,0.9793903739999905
a8dfab96.qasm,20,5760.0,945.0,0.0,501.0,126.0,0.0,0.0,30.0,0.15789473684210525,4.0,1.0,31.5,0.0380952380952381,4.892118731642768,171.0,126.47368421052632,2.5428571428571427,252.0,179.52631578947367,3.6095238095238096,0.13333333333333333,0.1640625,0.6691616766467066,0.5524739993696817,0.15789473684210525,2.5428571428571427,5.0,10.0,5.2631578947368425,6.960432388581718,8.64603217300255,11.154786160819661,0.6842105263157895,0.47368421052631576,0.15789473684210525,0.6842105263157895,3.3684210526315788,3.9186340834053652,1.0906497324500524,0.551906779661017,0.2105820105820106,7.866404795425319,0.9067708333333333,0.06975543499999048,0.06971715899999253,0.006832846000008885,1.1041314510000007
a9091180.qasm,49,15295.0,2520.0,0.0,502.0,126.0,0.0,0.0,80.0,0.06802721088435375,4.0,1.0,31.5,0.014285714285714285,6.307156230921614,252.0,180.1875,3.432142857142857,387.0,251.625,4.792857142857143,0.05,0.16475972540045766,0.7242458736482641,0.6139193227091634,0.06802721088435375,3.432142857142857,9.0,24.0,12.5,7.533328859570887,9.312625009611704,11.985580744519561,0.875,0.7916666666666666,0.6666666666666666,0.7916666666666666,3.5208333333333335,3.8986690642952677,0.9407014230943591,0.5014506769825918,0.15515873015873016,7.86419595493354,0.25975809087937235,0.19074483600002168,0.18373915300003318,0.011051169999973354,1.1238620049999781
aa41f5f1.qasm,51,15481.0,2547.0,0.0,502.0,126.0,0.0,0.0,84.0,0.06588235294117648,4.0,1.0,30.321428571428573,0.014134275618374558,6.365716148894162,270.0,185.58,3.6431095406360425,486.0,269.28,5.286219081272085,0.04946996466431095,0.16452425553904787,0.7041637372080306,0.5967729083665338,0.06588235294117648,3.6431095406360425,9.0,25.0,13.0,7.565245821168867,9.346707595987779,12.022844675221373,0.88,0.8,0.68,0.76,3.48,3.9189725480911606,0.9392090832133836,0.47128094208123045,0.1464468001570475,7.8640281109029395,0.24720625282604483,0.2103476549999641,0.21615428199993403,0.012415840000016942,1.0000691100000267
aac529b2.qasm,128,24896.0,24384.0,0.0,513.0,509.0,128.0,0.0,8128.0,1.0,127.0,1.0,3.0,0.00012303149606299212,12.988684686772327,12288.0,8256.0,43.0,12288.0,8256.0,43.0,0.020874343832020997,0.9794344473007712,0.7504873294346979,0.37425365688938006,1.0,43.0,127.0,64.0,32.25196850393701,9.632906986039579,11.43902347738669,14.14807963928883,0.952755905511811,0.9212598425196851,0.8740157480314961,0.0,0.5669291338582677,1.987563898205246,-12.0,0.0,1.0,6.264063998679966,0.02831780205655527,0.4110237159999315,0.1596183020000126,0.1018942440000501,1.3029817219999131
aaf05f5c.qasm,28,8220.0,1350.0,0.0,501.0,126.0,0.0,0.0,43.0,0.11375661375661375,4.0,1.0,31.3953488372093,0.02666666666666667,5.411435190178571,198.0,140.0,2.8,279.0,159.66666666666666,3.1933333333333334,0.09333333333333334,0.16423357664233576,0.6822070145423439,0.5706365047682412,0.11375661375661375,2.8,6.0,14.0,7.2592592592592595,7.150726268389979,8.912264423427496,11.51865771401333,0.7777777777777778,0.6296296296296297,0.4074074074074074,0.7777777777777778,3.5555555555555554,3.9141051366111017,1.0274612548031545,0.5725677830940988,0.17407407407407408,7.873990915157969,0.5504866180048662,0.107712389000028,0.10217325599995775,0.006026388999998744,1.0858854460000202
ab65fd24.qasm,53,21131.0,3483.0,0.0,645.0,162.0,0.0,0.0,86.0,0.062409288824383166,4.0,1.0,40.5,0.012919896640826873,6.417340814540316,441.0,297.1730769230769,4.4366925064599485,612.0,355.15384615384613,5.3023255813953485,0.046511627906976744,0.1648289243291846,0.7200234020769344,0.6107930828861061,0.062409288824383166,4.4366925064599485,10.0,26.0,13.5,7.791433005815553,9.585154256421124,12.260986596686053,0.8846153846153846,0.8076923076923077,0.6923076923076923,0.7884615384615384,3.5961538461538463,3.9359292974720734,0.8641263992167582,0.3232706917233107,0.026126902095894345,7.846666463300796,0.10425441294780181,0.2809028120000221,0.25981075199990755,0.015276231000029838,0.9605263429999695
ab8a1b3c.qasm,56,2016.0,1176.0,0.0,57.0,42.0,0.0,0.0,84.0,0.05454545454545454,3.0,1.0,14.0,0.011904761904761904,6.39231742277876,294.0,224.5090909090909,10.5,266.0,180.21818181818182,8.428571428571429,0.03571428571428571,0.5833333333333334,1.0,0.6248803827751197,0.05454545454545454,10.5,49.0,28.0,14.254545454545454,7.701133447353725,9.505326713372769,12.186950680451627,0.8909090909090909,0.8181818181818182,0.7090909090909091,0.8909090909090909,3.7818181818181817,0.020838409032540917,-3.765493939047093,0.7664765525982256,0.004251700680272109,7.924945814459771,0.13095238095238096,0.030171299999949497,0.026847297000017534,0.004792119999990518,0.9604665630000113
ab964bf6.qasm,28,8220.0,1350.0,0.0,501.0,126.0,0.0,0.0,43.0,0.11375661375661375,4.0,1.0,31.3953488372093,0.02666666666666667,5.411435190178571,198.0,140.0,2.8,279.0,159.66666666666666,3.1933333333333334,0.09333333333333334,0.16423357664233576,0.6822070145423439,0.5706365047682412,0.11375661375661375,2.8,6.0,14.0,7.2592592592592595,7.150726268389979,8.912264423427496,11.51865771401333,0.7777777777777778,0.6296296296296297,0.4074074074074074,0.7777777777777778,3.5555555555555554,3.899848809868156,1.03222939826939,0.5712763122835065,0.17407407407407408,7.873093901401696,0.5501216545012165,0.09844428899998547,0.09136591399999361,0.0055196220000084395,0.9947153409999601
aceda861.qasm,256,,,,,,,,,,,,,,,,,,,,,,,,,,1.0,1.0,2.0,1.4941176470588236,4.004880007240635,4.004880007240635,4.004880007240635,0.0,0.0,0.0,0.0,0.5019607843137255,1.0,-12.0,0.0,1.0,4.08468349790325,1.0,0.0017706749999888416,0.0073752089999743475,0.0017603560000338803,0.0249176869999701
ad2439c7.qasm,53,18009.0,2961.0,0.0,574.0,144.0,0.0,0.0,86.0,0.062409288824383166,4.0,1.0,34.43023255813954,0.0121580547112462,6.404496965224599,342.0,231.40384615384616,4.0638297872340425,522.0,306.34615384615387,5.379939209726444,0.0486322188449848,0.16441779110444776,0.6893037933074748,0.5841262396140444,0.062409288824383166,4.0638297872340425,10.0,26.0,13.5,7.681461160885254,9.473889392065146,12.146963043096903,0.8846153846153846,0.8076923076923077,0.6923076923076923,0.8846153846153846,3.769230769230769,3.927263059856572,0.8426909162665712,0.3017070265978563,0.030732860520094562,7.826825864780902,0.22966294630462547,0.2362100499999542,0.22142391700003827,0.013972416999990855,0.9952339750000192
ad74d7c1.qasm,32,4356.0,1416.0,290.0,742.0,398.0,32.0,0.0,387.0,0.780241935483871,29.0,1.0,3.6589147286821704,0.009180790960451978,8.321551042491654,736.0,498.5483870967742,10.91454802259887,730.0,484.06451612903226,10.597457627118644,0.19915254237288135,0.325068870523416,0.26752021563342315,0.15711677245456918,0.780241935483871,11.109763313609468,31.0,16.0,8.258064516129032,8.184931325024017,9.987122065574907,12.680296330974247,0.8064516129032258,0.6774193548387096,0.4838709677419355,0.45161290322580644,2.8551540323976434,2.938815090418558,-1.213120044596244,0.013647826731938881,0.16449704142011834,7.255893223055978,0.1917824074074074,0.033345428999950855,0.01875989100000197,0.015208948000008604,1.1041791659999944
aed3c1af.qasm,43,13177.0,2169.0,0.0,501.0,126.0,0.0,0.0,69.0,0.07641196013289037,4.0,1.0,31.434782608695652,0.016597510373443983,6.093714802720742,225.0,169.92857142857142,3.2904564315352696,315.0,196.92857142857142,3.8132780082987554,0.058091286307053944,0.1646049935493663,0.7123427563477696,0.6024142191806863,0.07641196013289037,3.2904564315352696,8.0,21.0,11.0,7.443248855051561,9.231462342188992,11.876234916184236,0.8571428571428571,0.7619047619047619,0.6190476190476191,0.8333333333333334,3.6904761904761907,3.9030305269668073,1.012308325514964,0.5070318282753515,0.1553711387736284,7.862004801013887,0.3396068907945663,0.15423123400000804,0.20633947200008151,0.016062481999938427,1.0561421859999882
af2659f0.qasm,4,33.0,7.0,0.0,13.0,4.0,4.0,0.0,3.0,0.5,2.0,1.0,2.3333333333333335,0.42857142857142855,1.4488156357251847,4.0,2.6666666666666665,1.1428571428571428,3.0,2.3333333333333335,1.0,0.5714285714285714,0.21212121212121213,0.7692307692307693,0.5128205128205128,0.5,1.1428571428571428,2.0,1.0,1.0,1.8129133566428555,1.8129133566428555,1.8129133566428555,0.0,0.0,0.0,0.0,1.0,1.0,-12.0,0.0,1.0,2.110589710299249,1.0,0.0007261610000455221,0.0004457519999618853,0.00013329699999076183,0.0010589999999979227
af88ad19.qasm,17,932.0,288.0,260.0,833.0,282.0,17.0,0.0,36.0,0.2647058823529412,9.0,2.0,8.0,0.04861111111111111,4.8792519912329615,288.0,98.5,5.472222222222222,192.0,87.25,4.847222222222222,1.0,0.3090128755364807,0.12287267848315797,0.0074279711884753935,0.2647058823529412,5.982683982683983,16.0,8.0,4.5,7.65521622612756,9.403579657070035,11.105380237287136,0.625,0.375,0.0,0.0,0.0,0.0,-12.0,0.0,1.0,5.1045451499356265,0.7583114610673666,0.012340799000014613,0.009187503000021024,0.008379437999963102,0.9911939220000363
af8b17d0.qasm,4,4.0,3.0,0.0,4.0,3.0,4.0,0.0,3.0,0.5,2.0,1.0,1.0,0.3333333333333333,1.584962500721156,1.0,1.0,1.0,1.0,1.0,1.0,1.0,0.75,0.4375,0.0,0.5,1.0,1.0,1.0,1.0,1.3979400086720377,1.3979400086720377,1.3979400086720377,0.0,0.0,0.0,0.0,1.0,1.0,-12.0,0.0,1.0,1.6127838567197355,1.0,0.00023722800000314237,6.056899997020082e-05,0.00013104399999974703,0.00031591500004424233
b06c81ca.qasm,36,10628.0,1746.0,0.0,501.0,126.0,0.0,0.0,57.0,0.09047619047619047,4.0,1.0,30.63157894736842,0.020618556701030927,5.8105476356893035,216.0,156.34285714285716,3.134020618556701,396.0,234.25714285714287,4.695876288659794,0.07216494845360824,0.16428302596913813,0.6860722998447549,0.5775306529797548,0.09047619047619047,3.134020618556701,7.0,18.0,9.257142857142858,7.3306124683503775,9.09095385698606,11.746145551745371,0.8285714285714286,0.7142857142857143,0.5428571428571428,0.8285714285714286,3.657142857142857,3.911095309913273,0.9519735983787415,0.5262607786778155,0.14146620847651775,7.869962415517812,0.4474030861874294,0.13352669400001105,0.12346876399999474,0.007146110000007866,0.9614648859999875
b11883af.qasm,8,4358.0,1758.0,30.0,2996.0,1417.0,8.0,0.0,25.0,0.8928571428571429,7.0,1.0,70.32,0.10921501706484642,4.387572981228802,1152.0,784.2857142857143,3.1228668941979523,960.0,700.2857142857143,2.78839590443686,0.8026166097838453,0.4033960532354291,0.2576769025367156,0.06494373450314704,0.8928571428571429,3.2043343653250775,7.0,4.0,2.2857142857142856,7.299527193421015,7.299527193421015,7.299527193421015,0.14285714285714285,0.0,0.0,0.0,1.0,2.0000000000000173,-12.0,0.0,1.0,6.095484928720666,1.0,0.05009002599996393,0.03248400400002538,0.008069179000017357,0.8652929369999924
b1ea1d60.qasm,128,893.0,381.0,0.0,135.0,131.0,128.0,0.0,127.0,0.015625,2.0,1.0,3.0,0.007874015748031496,6.988684686772147,3.0,3.0,1.0,3.0,3.0,1.0,0.3438320209973753,0.42665173572228443,0.07372685185185185,0.0442111402741324,0.015625,1.0,1.0,3.0,2.952755905511811,4.858254393036713,4.858254393036713,4.858254393036713,0.0,0.0,0.0,0.0,2.952755905511811,2.45792375186438,-12.0,0.0,1.0,5.158051739752956,1.0,0.016577685000015663,0.014775403999976788,0.0030320829999936905,0.08033826600001248
b2346111.qasm,20,7009140.0,2707088.0,0.0,,,20.0,0.0,95.0,0.5,14.0,1.0,28495.663157894738,0.040285354595048256,6.113045512294946,1190528.0,581333.052631579,4.080151070079731,1245056.0,713706.947368421,5.009232060428032,,0.3862225608277192,,,0.5,4.094935616391066,10.0,10.0,5.2631578947368425,8.981135089194181,10.756899182112644,13.352483511690702,0.6842105263157895,0.47368421052631576,0.15789473684210525,0.6842105263157895,3.3684210526315788,4.0,0.8947584321527257,0.7400630914826498,0.00022439327510615528,7.920630700213774,0.00562,0.0858333140000127,0.24250026799995794,0.26083106400000133,1.081132480000008
b38d732e.qasm,29,2059.0,812.0,0.0,221.0,110.0,29.0,0.0,406.0,1.0,28.0,1.0,2.0,0.0024630541871921183,8.66533591718513,420.0,290.0,10.0,420.0,290.0,10.0,0.1354679802955665,0.39436619718309857,0.4479638009049774,0.29702650290885585,1.0,10.0,28.0,14.0,7.5,7.51938881947305,9.31963273233401,12.008723387061142,0.7857142857142857,0.6428571428571429,0.42857142857142855,0.0,0.0,0.0,-12.0,0.0,1.0,5.091403135891569,1.0,0.03108735699998988,0.0214242380000087,0.003995297000017217,0.9231670259999873
b469b640.qasm,4,1506.0,462.0,0.0,814.0,328.0,4.0,0.0,3.0,0.5,2.0,1.0,154.0,0.4199134199134199,1.5615001357299412,194.0,154.0,1.0,194.0,154.0,1.0,0.70995670995671,0.30677290836653387,0.6044226044226044,0.2833742833742834,0.5,1.0,1.0,2.0,1.3333333333333333,4.161517733138683,4.161517733138683,4.161517733138683,0.0,0.0,0.0,0.0,0.0,0.0,-12.0,0.0,1.0,3.5678494505731067,1.0,0.02856079499997577,0.018131315000005088,0.002169089000005897,0.035613614999988386
b4976343.qasm,32,91.0,61.0,30.0,77.0,47.0,32.0,0.0,46.0,0.09274193548387097,4.0,1.0,1.326086956521739,0.03278688524590164,5.438934058874358,31.0,16.483870967741936,8.37704918032787,3.0,2.903225806451613,1.4754098360655739,0.7704918032786885,0.6703296703296703,0.08603896103896104,0.005865102639296189,0.09274193548387097,10.08713692946058,16.0,16.0,8.258064516129032,6.987290473406025,8.785362533306454,11.482686358097487,0.8064516129032258,0.6774193548387096,0.4838709677419355,0.0,0.0,0.0,-12.0,0.0,1.0,4.5678377032007615,1.0,0.0014771859999882508,0.0005581099999858452,0.0010965359999772772,0.2660533630000259
b4c090da.qasm,18,60.0,34.0,16.0,36.0,23.0,9.0,0.0,26.0,0.16993464052287582,4.0,1.0,1.3076923076923077,0.058823529411764705,4.616874605956221,18.0,10.588235294117647,5.294117647058823,6.0,4.9411764705882355,2.4705882352941178,0.6764705882352942,0.5666666666666667,0.19444444444444445,0.03921568627450981,0.16993464052287582,6.123076923076923,13.0,9.0,4.764705882352941,6.4909110547094375,8.276343882958294,10.91953449008829,0.6470588235294118,0.4117647058823529,0.058823529411764705,0.0,0.0,0.0,-12.0,0.0,1.0,4.068074489907648,1.0,0.006616751000024124,0.0005021690000148737,0.0012140689999569076,0.14078296299999238
b5baa095.qasm,83,125.0,0.0,41.0,43.0,0.0,1.0,0.0,0.0,0.0,0.0,83.0,0.0,0.0,0.0,0.0,0.0,0.0,0.0,0.0,0.0,0.0,0.0,0.05799943961894088,0.023255813953488372,0.0,41.25,82.0,41.0,21.0,7.7394902637386735,9.542403699399038,12.246276404487936,0.926829268292683,0.8780487804878049,0.8048780487804879,0.0,1.329268292682927,1.819817204103541,-12.0,0.0,1.0,6.268411569654178,0.7003841229193342,0.0021987199999671247,0.0019251310000072408,0.0017556020000029093,1.1128174350000108
b5be0645.qasm,21,103601.0,21200.0,25600.0,,,21.0,9207.0,13.0,0.06190476190476191,4.0,8.0,1630.7692307692307,0.22641509433962265,3.3968096050983942,7200.0,4600.0,4.339622641509434,6400.0,1980.0,1.8679245283018868,,0.20463122942828738,,,0.06190476190476191,7.757197730556436,19.0,10.0,5.5,9.242909160989003,11.028694316527277,13.71549427607628,0.7,0.5,0.2,0.45,2.7,3.7802915593920603,-1.1357867194335074,0.001422778686775272,0.016122211650280157,7.132809479755129,0.01702,1.4174602269999923,0.30533929599999965,0.26234580799996365,1.1786632480000208
b601af0f.qasm,7,689.0,196.0,0.0,550.0,179.0,7.0,0.0,20.0,0.9523809523809523,6.0,1.0,9.8,0.32653061224489793,3.431036374727453,140.0,109.66666666666667,3.357142857142857,140.0,109.66666666666667,3.357142857142857,0.9132653061224489,0.2844702467343977,0.22987012987012986,0.042121212121212115,0.9523809523809523,3.357142857142857,5.0,3.0,2.0,5.4858590731784185,5.4858590731784185,5.4858590731784185,0.0,0.0,0.0,0.0,1.9678924870096006,2.8510345759355036,-12.0,0.0,1.0,5.612428861302002,1.0,0.009433043999990787,0.007058407000045008,0.000989586999992298,0.09663311700001032
b630efea.qasm,24,7120.0,1170.0,0.0,501.0,126.0,0.0,0.0,37.0,0.13405797101449277,4.0,1.0,31.62162162162162,0.03076923076923077,5.1947680050365905,198.0,147.1304347826087,2.8923076923076922,315.0,209.7391304347826,4.123076923076923,0.1076923076923077,0.16432584269662923,0.6894544244843646,0.5744163846220602,0.13405797101449277,2.8923076923076922,6.0,12.0,6.260869565217392,7.109376335248357,8.86794268713831,11.384922215273296,0.7391304347826086,0.5652173913043478,0.30434782608695654,0.7391304347826086,3.4782608695652173,3.8990722228096764,1.0268568775849263,0.5648,0.18547008547008548,7.87039571681935,0.6814606741573034,0.09181591399999434,0.08634403400003521,0.005131003999963468,1.0783145560000094
b680d160.qasm,51,15481.0,2547.0,0.0,502.0,126.0,0.0,0.0,84.0,0.06588235294117648,4.0,1.0,30.321428571428573,0.014134275618374558,6.365716148894162,270.0,185.58,3.6431095406360425,486.0,269.28,5.286219081272085,0.04946996466431095,0.16452425553904787,0.7041637372080306,0.5967729083665338,0.06588235294117648,3.6431095406360425,9.0,25.0,13.0,7.565245821168867,9.346707595987779,12.022844675221373,0.88,0.8,0.68,0.76,3.48,3.911095309913274,0.8988306847070835,0.4717615957702475,0.1464468001570475,7.864257650882143,0.24720625282604483,0.20884735300001012,0.1936072519999925,0.01140179200001512,1.109774927999979
b7694c8e.qasm,88,4131.0,1334.0,0.0,2562.0,810.0,0.0,0.0,314.0,0.08202716823406478,43.0,5.0,4.248407643312102,0.14392803598200898,6.6680936066946925,886.0,297.4022988505747,19.395802098950526,686.0,181.79310344827587,11.85607196401799,0.6064467766116941,0.32292423142096344,0.024239762969271165,0.0070392204366200965,0.08202716823406478,19.395802098950526,81.0,44.0,22.20689655172414,8.022055010317901,9.822396048785794,12.508953280216764,0.9310344827586207,0.8850574712643678,0.8160919540229885,0.0,2.2264525752715816,2.1606722566684002,-12.0,0.0,1.0,6.875164150042789,0.4885015734688937,0.06212875800002848,0.10701675699999669,0.006236624999985452,1.3405205130000013
b792cc98.qasm,3,16.0,3.0,1.0,13.0,3.0,3.0,0.0,1.0,0.3333333333333333,1.0,2.0,3.0,1.0,-0.0,3.0,1.5,1.0,3.0,1.5,1.0,1.0,0.1875,0.5384615384615384,0.11538461538461542,0.3333333333333333,1.2222222222222223,2.0,1.0,1.0,1.9493900066449128,1.9493900066449128,1.9493900066449128,0.0,0.0,0.0,0.0,1.0,0.9182973596302255,-12.0,0.0,1.0,2.285557309007774,1.0,0.00043349999998554267,0.0002401530000497587,0.0001692699999580327,0.0011893289999989065
b97c72bf.qasm,32,423.0,243.0,0.0,409.0,229.0,32.0,0.0,46.0,0.09274193548387097,31.0,1.0,5.282608695652174,0.0411522633744856,5.2676490188314045,195.0,75.09677419354838,9.580246913580247,195.0,93.96774193548387,11.987654320987655,0.9423868312757202,0.574468085106383,0.05088630806845966,0.001104188027446961,0.09274193548387097,9.580246913580247,16.0,16.0,8.258064516129032,6.970729156767094,8.770777572341403,11.470683544535234,0.8064516129032258,0.6774193548387096,0.4838709677419355,0.0,0.0,0.0,-12.0,0.0,1.0,4.547836215830798,1.0,0.004679825999971854,0.0016353600000229562,0.0013134189999846058,0.25162891899998385
b9ba0e84.qasm,56,2072.0,1344.0,0.0,193.0,180.0,0.0,0.0,112.0,0.07272727272727272,4.0,1.0,12.0,0.008928571428571428,6.807354922057591,192.0,170.61818181818182,6.982142857142857,312.0,219.4909090909091,8.982142857142858,0.13392857142857142,0.6486486486486487,0.3160621761658031,0.17701365991521434,0.07272727272727272,6.982142857142857,49.0,28.0,14.254545454545454,7.5806289732384595,9.383902909667778,12.05407306981321,0.8909090909090909,0.8181818181818182,0.7090909090909091,0.8909090909090909,3.7818181818181817,2.0172698314511437,0.42982944192309436,0.782133676092545,0.003720238095238095,7.925814432252423,0.1969111969111969,0.033725521999997454,0.030551048999996055,0.006233483000016804,1.2198024819999773
ba0c09b8.qasm,47,13861.0,2277.0,0.0,502.0,126.0,0.0,0.0,74.0,0.06845513413506013,4.0,1.0,30.77027027027027,0.015810276679841896,6.188800540781081,243.0,168.65217391304347,3.4071146245059287,315.0,220.5,4.454545454545454,0.05533596837944664,0.16427386191472476,0.6839874544375689,0.5785120388013165,0.06845513413506013,3.4071146245059287,9.0,23.0,12.0,7.485452492238303,9.262023887284572,11.932681616391688,0.8695652173913043,0.782608695652174,0.6521739130434783,0.8695652173913043,3.739130434782609,3.9436436994177586,0.9114120881641525,0.45355850422195415,0.14800175669740886,7.861380170102081,0.2976697207993651,0.18059913999991295,0.15892617899999095,0.009411705000047732,0.9730902710000464
bb291a8b.qasm,51,16053.0,2646.0,0.0,502.0,126.0,0.0,0.0,84.0,0.06588235294117648,4.0,1.0,31.5,0.013605442176870748,6.37754555881302,279.0,191.7,3.622448979591837,504.0,280.08,5.292517006802721,0.047619047619047616,0.1648290039245001,0.7303726271385048,0.6195617529880478,0.06588235294117648,3.622448979591837,9.0,25.0,13.0,7.579275689486288,9.361148979422092,12.037769899918153,0.88,0.8,0.68,0.68,3.24,3.9030305269668055,1.0089733150167088,0.5058365758754864,0.154572940287226,7.864067167866479,0.24967295832554662,0.19355449899990163,0.18743664800001625,0.011495626000055381,1.080636492999929
bb50273f.qasm,256,66295.0,65278.0,0.0,1527.0,1522.0,1.0,0.0,32639.0,0.9999693627450981,255.0,1.0,2.0,6.127638714421397e-05,14.990418185390022,32893.0,21928.16862745098,85.65953307392996,32893.0,21928.16862745098,85.65953307392996,0.02331566530837342,0.9846594765819443,0.3365795882449247,0.16633409093827445,0.9999693627450981,78.81885074909918,254.0,128.0,64.25098039215686,10.231044062992941,12.037214977647603,14.746455225964926,0.9764705882352941,0.9607843137254902,0.9372549019607843,0.0,0.0,0.0,-12.0,0.0,1.0,5.124272669810642,0.004846647579483149,1.1169674779999923,0.6066140109999196,0.23428849399999763,0.8122468940000545
bc99b330.qasm,38,87551.0,24827.0,0.0,18381.0,7315.0,0.0,0.0,703.0,1.0,37.0,1.0,35.31578947368421,0.0031417408466588794,9.396237919006836,12623.0,8760.054054054053,13.05522213718935,12623.0,8760.054054054053,13.05522213718935,0.2859789745035647,0.2835718609724618,0.16088982043815267,0.10170608016209452,1.0,13.05522213718935,37.0,19.0,9.756756756756756,9.122082340543578,10.925811541067763,13.62772295532824,0.8378378378378378,0.7297297297297297,0.5675675675675675,0.10810810810810811,2.5135135135135136,4.000000000000001,0.9716471477639655,0.07234825260576333,0.0018528215249526724,7.860424215951584,0.009742892713961006,1.27052374099992,0.7280961490000664,0.11681292599996596,1.2413604800000257
bc9dd950.qasm,20,5760.0,945.0,0.0,501.0,126.0,0.0,0.0,30.0,0.15789473684210525,4.0,1.0,31.5,0.0380952380952381,4.892118731642768,171.0,126.47368421052632,2.5428571428571427,252.0,179.52631578947367,3.6095238095238096,0.13333333333333333,0.1640625,0.6691616766467066,0.5524739993696817,0.15789473684210525,2.5428571428571427,5.0,10.0,5.2631578947368425,6.960432388581718,8.64603217300255,11.154786160819661,0.6842105263157895,0.47368421052631576,0.15789473684210525,0.6842105263157895,3.3684210526315788,3.9096302116645036,1.0488230591521766,0.551906779661017,0.2105820105820106,7.866404795425319,0.9067708333333333,0.06949817600002461,0.0742108759999951,0.003956129000016517,1.1247207229999958
bd32080b.qasm,256,278875.0,91159.0,20176.0,,,256.0,0.0,25434.0,0.7792279411764705,217.0,1.0,3.5841393410395535,0.00017551750238594104,14.390372710294013,45340.0,30370.070588235296,84.95450805735034,45843.0,30313.38431372549,84.79593896378854,,0.3268812191842223,,,0.7792279411764705,85.08401862172082,255.0,128.0,64.25098039215686,10.31198817366582,12.118153888434096,14.827378932361935,0.9764705882352941,0.9607843137254902,0.9372549019607843,0.0,0.0,1.0,-12.0,0.0,1.0,5.134435311664907,0.0022933333333333334,0.7836929709999367,0.3951596240000299,0.28607243399994786,0.9996486759999925
bd462bd7.qasm,60,11581.0,3566.0,0.0,10144.0,3075.0,0.0,0.0,295.0,0.16666666666666666,34.0,1.0,12.08813559322034,0.2153673583847448,5.092997598053767,1986.0,357.2542372881356,5.910824453168817,1736.0,421.3220338983051,6.970835670218732,0.860347728547392,0.3079181417839565,0.024886632492113564,0.0024010185531732875,0.16666666666666666,5.910824453168817,54.0,30.0,15.254237288135593,7.933109079484558,9.732702204029094,12.384023940263775,0.8983050847457628,0.8305084745762712,0.7288135593220338,0.0,2.364050536055782,0.585946650408156,-12.0,0.0,1.0,6.911897942367425,0.547448406873327,0.16002367299995512,0.16525354299994888,0.014982938999992257,1.3305594330000758
bdd2c3ff.qasm,56,3977.0,3977.0,0.0,173.0,173.0,0.0,0.0,97.0,0.06298701298701298,4.0,1.0,41.0,0.010309278350515464,6.599912842187142,328.0,291.4727272727273,4.030927835051546,533.0,366.0181818181818,5.061855670103093,0.043500125722906714,1.0,0.8210156895127994,0.39978980557015237,0.06298701298701298,4.030927835051546,7.0,28.0,14.254545454545454,7.8103758316938,9.611628714633158,12.276359382294569,0.8909090909090909,0.8181818181818182,0.7090909090909091,0.8909090909090909,3.7818181818181817,3.507919581214302,1.3094583385406557,0.7869327325394271,0.001257229067136032,7.92743857682313,0.1053557958259995,0.069007570999986,0.05938495099996999,0.016639364000013757,1.1912068540000291
be527b4d.qasm,15,660566.0,273074.0,0.0,,,7.0,0.0,105.0,1.0,14.0,1.0,2600.704761904762,0.057654701655961385,5.6391670917306875,203454.0,89854.64285714286,4.606681705325297,203454.0,89854.64285714286,4.606681705325297,,0.4133939682030259,,,1.0,6.063513317308468,14.0,7.0,4.0,9.181441794317555,10.975209449738252,11.868327288261145,0.5714285714285714,0.2857142857142857,0.0,0.0,1.0,1.0,-12.0,0.0,1.0,5.973065477040576,0.016626666666666668,0.5123097890000281,1.0936198759999343,0.28436144900001636,1.0630469940000467
bf029799.qasm,45,13467.0,2214.0,0.0,501.0,126.0,0.0,0.0,72.0,0.07272727272727272,4.0,1.0,30.75,0.016260162601626018,6.14911633429093,243.0,168.13636363636363,3.341463414634146,315.0,212.52272727272728,4.223577235772358,0.056910569105691054,0.16440187124081088,0.695542248835662,0.5881872618399565,0.07272727272727272,3.341463414634146,9.0,22.0,11.5,7.459812961687268,9.241957151112375,11.896301018168153,0.8636363636363636,0.7727272727272727,0.6363636363636364,0.8636363636363636,3.727272727272727,3.899491139532267,0.9294339019921202,0.48721101819970486,0.14814814814814814,7.85843791805342,0.3607336452068018,0.19256232600002932,0.17545962999997755,0.009814977000019098,1.196533062999947
bf0f8df9.qasm,16,4400.0,720.0,0.0,500.0,126.0,0.0,0.0,23.0,0.19166666666666668,4.0,1.0,31.304347826086957,0.05,4.508694969562843,144.0,105.6,2.2,216.0,137.4,2.8625,0.175,0.16363636363636364,0.64,0.52,0.19166666666666668,2.2,4.0,8.0,4.266666666666667,6.721912872518784,8.397169201060864,9.922793014276012,0.6,0.3333333333333333,0.0,0.6,3.2,3.906420640870154,0.9325968517821788,0.44362745098039214,0.2263888888888889,7.590886676881308,1.0,0.07439076000002842,0.0541111460000252,0.0033150799999930314,0.590895861999968
bf9674e9.qasm,64,64.0,63.0,0.0,64.0,63.0,64.0,0.0,63.0,0.03125,2.0,1.0,1.0,0.015873015873015872,5.97727992349992,1.0,1.0,1.0,1.0,1.0,1.0,1.0,0.984375,0.031005859375,0.0,0.03125,1.0,1.0,1.0,1.0,2.7032913781186614,2.7032913781186614,2.7032913781186614,0.0,0.0,0.0,0.0,1.0,1.0,-12.0,0.0,1.0,3.000434077479319,1.0,0.001782730000002175,0.00060305699997798,0.00040618900004574243,0.006824418999997306
c05aa9cf.qasm,53,23473.0,3870.0,0.0,717.0,180.0,0.0,0.0,86.0,0.062409288824383166,4.0,1.0,45.0,0.011627906976744186,6.426264754702099,450.0,304.61538461538464,4.093023255813954,675.0,399.8076923076923,5.372093023255814,0.046511627906976744,0.1648702764878797,0.7195336964816715,0.6103422379573007,0.062409288824383166,4.093023255813954,10.0,26.0,13.5,7.801478137459915,9.594707967546153,12.269893110984595,0.8846153846153846,0.8076923076923077,0.6923076923076923,0.7884615384615384,3.5961538461538463,3.9359292974720734,0.8641263992167582,0.3232706917233107,0.023514211886304908,7.846666463300796,0.09385251139607208,0.3413784529999475,0.4296814080000786,0.016214175999948566,0.9874044939999749
c0a1d157.qasm,128,3051.0,762.0,0.0,1908.0,762.0,128.0,0.0,127.0,0.015625,2.0,1.0,6.0,0.007874015748031496,6.988684686772147,6.0,6.0,1.0,6.0,6.0,1.0,1.0,0.2497541789577188,0.015612716194968554,0.004716981132075472,0.015625,1.0,1.0,6.0,5.7637795275590555,6.193821415756231,7.546831681565904,7.546831681565904,0.952755905511811,0.9212598425196851,0.0,0.0,2.937846952286968,1.2456972833871782,-12.0,0.0,1.0,5.45558937937229,1.0,0.025000877000024957,0.019515248999937285,0.003385350000030485,0.06504016200005935
c0ffe57a.qasm,4,54.0,16.0,0.0,33.0,12.0,4.0,0.0,3.0,0.5,2.0,1.0,5.333333333333333,0.5,1.5,8.0,5.333333333333333,1.0,8.0,5.333333333333333,1.0,0.75,0.2962962962962963,0.5303030303030303,0.21212121212121215,0.5,1.0,1.0,2.0,1.3333333333333333,2.7168377232995247,2.7168377232995247,2.7168377232995247,0.0,0.0,0.0,0.0,1.3333333333333333,1.0004008572707448,-12.0,0.0,1.0,2.6201360549737576,1.0,0.0023696319999544357,0.001263687999994545,0.0007339980000438118,0.0029293549999920288
c20bb346.qasm,127,7138.0,3517.0,125.0,4291.0,2199.0,127.0,0.0,468.0,0.05849268841394826,46.0,1.0,7.514957264957265,0.05061131646289451,8.08895509667894,2052.0,1329.3095238095239,47.62382712539096,1797.0,853.063492063492,30.56184247938584,0.6252487915837361,0.49271504623143736,0.02001075314199102,0.005265727824571917,0.05849268841394826,46.63627841574877,119.0,63.0,32.0,8.909852211726449,10.715407284609219,13.423721847172962,0.9523809523809523,0.9206349206349206,0.873015873015873,0.0,0.0,0.0,-12.0,0.0,1.0,5.125159085149152,0.04646714671467147,0.15935115999997151,0.06924466700002085,0.01887725900002124,1.0776847029999885
c246552a.qasm,56,2993.0,2993.0,0.0,123.0,123.0,0.0,0.0,73.0,0.047402597402597405,3.0,1.0,41.0,0.0136986301369863,6.189824558880028,533.0,363.03636363636366,6.671232876712328,287.0,188.6,3.4657534246575343,0.0410958904109589,1.0,0.8690476190476191,0.4242424242424242,0.047402597402597405,6.671232876712328,7.0,28.0,14.254545454545454,7.9109290564262755,9.715884533896585,12.37454805664906,0.8909090909090909,0.8181818181818182,0.7090909090909091,0.8909090909090909,3.7818181818181817,1.3431251303157337,-0.8816786984667059,0.8185064935064935,0.001670564650851988,7.928519982304936,0.0828600066822586,0.046250314000019443,0.04090600000000677,0.01076045599995723,0.8929270780000138
c39fa73b.qasm,8,19.0,13.0,6.0,17.0,11.0,8.0,0.0,10.0,0.35714285714285715,4.0,1.0,1.3,0.15384615384615385,3.238901256602631,7.0,4.428571428571429,2.3846153846153846,3.0,2.5714285714285716,1.3846153846153846,0.8461538461538461,0.6842105263157895,0.3235294117647059,0.016806722689075633,0.35714285714285715,2.5918367346938775,4.0,4.0,2.2857142857142856,5.617898422463332,5.617898422463332,5.617898422463332,0.14285714285714285,0.0,0.0,0.0,0.0,0.0,-12.0,0.0,1.0,3.215108581053093,1.0,0.0007607850000113103,0.00018499700001939345,0.00035616100001334416,0.01622243700001036
c3c0513f.qasm,16,158.0,127.0,0.0,46.0,43.0,15.0,0.0,120.0,1.0,15.0,1.0,1.0583333333333333,0.015748031496062992,6.878448466299708,71.0,49.06666666666667,5.7952755905511815,71.0,49.06666666666667,5.7952755905511815,0.33858267716535434,0.8037974683544303,0.38722826086956524,0.16231884057971016,1.0,5.7952755905511815,15.0,8.0,4.266666666666667,6.44325062358394,8.20149905137972,9.917589928247107,0.6,0.3333333333333333,0.0,0.0,0.0,0.0,-12.0,0.0,1.0,4.031852631395629,1.0,0.005002743999966697,0.0025900159999991956,0.0009226290000015069,0.08457896000004439
c40ecada.qasm,36,10628.0,1746.0,0.0,501.0,126.0,0.0,0.0,57.0,0.09047619047619047,4.0,1.0,30.63157894736842,0.020618556701030927,5.8105476356893035,216.0,156.34285714285716,3.134020618556701,396.0,234.25714285714287,4.695876288659794,0.07216494845360824,0.16428302596913813,0.6860722998447549,0.5775306529797548,0.09047619047619047,3.134020618556701,7.0,18.0,9.257142857142858,7.3306124683503775,9.09095385698606,11.746145551745371,0.8285714285714286,0.7142857142857143,0.5428571428571428,0.8285714285714286,3.657142857142857,3.9236441289346047,1.0177308270790582,0.5367068694284216,0.14146620847651775,7.868666822495657,0.4471208129469326,0.13429818800000248,0.12678171699997165,0.010769576000029701,1.128803688000005
c4c36286.qasm,43,13177.0,2169.0,0.0,501.0,126.0,0.0,0.0,69.0,0.07641196013289037,4.0,1.0,31.434782608695652,0.016597510373443983,6.093714802720742,225.0,169.92857142857142,3.2904564315352696,315.0,196.92857142857142,3.8132780082987554,0.058091286307053944,0.1646049935493663,0.7123427563477696,0.6024142191806863,0.07641196013289037,3.2904564315352696,8.0,21.0,11.0,7.443248855051561,9.231462342188992,11.876234916184236,0.8571428571428571,0.7619047619047619,0.6190476190476191,0.8333333333333334,3.6904761904761907,3.9030984517351213,1.003393771092499,0.5069101678183613,0.1553711387736284,7.86213157617725,0.3393792213705699,0.18424404300003516,0.1869601910000256,0.00894848699999784,1.053921100000025
c4ff2c11.qasm,129,194.0,0.0,64.0,66.0,0.0,1.0,0.0,0.0,0.0,0.0,129.0,0.0,0.0,0.0,0.0,0.0,0.0,0.0,0.0,0.0,0.0,0.0,0.03782006107587503,0.015151515151515152,0.0,64.25,128.0,64.0,32.5,8.126921866769456,9.931153049764452,12.637299885676477,0.953125,0.921875,0.875,0.0,1.1484375,1.9991637372381443,-12.0,0.0,1.0,6.2612688179912235,0.37520525451559933,0.009153029000003698,0.004970186000036847,0.00319428299997071,1.268557649999991
c6678d16.qasm,42,454543.0,124585.0,0.0,,,0.0,0.0,861.0,1.0,41.0,1.0,144.69802555168408,0.0026728739414857328,9.667782323338654,63992.0,43483.65853658537,14.31014969699402,63992.0,43483.65853658537,14.31014969699402,,0.2740884800777924,,,1.0,13.882630541598424,40.0,21.0,10.75609756097561,9.310585014680072,11.115213615483148,13.819331419127629,0.8536585365853658,0.7560975609756098,0.6097560975609756,0.5365853658536586,3.2195121951219514,4.000000000000001,1.1650628499086402,0.09276347741622147,0.0013324820253726786,7.889778397003085,0.006104033970276009,0.5438021819999221,1.1064335080000092,0.16628019400002358,0.950502580000034
c676cfb4.qasm,8,46.0,31.0,0.0,22.0,19.0,7.0,0.0,28.0,1.0,7.0,1.0,1.1071428571428572,0.06451612903225806,4.760647923290102,19.0,13.714285714285714,3.096774193548387,19.0,13.714285714285714,3.096774193548387,0.6129032258064516,0.6739130434782609,0.4375,0.15584415584415584,1.0,3.096774193548387,7.0,4.0,2.2857142857142856,5.392895593155036,5.392895593155036,5.392895593155036,0.14285714285714285,0.0,0.0,0.0,1.7142857142857142,0.6836910622798053,-12.0,0.0,1.0,4.348869273711534,1.0,0.0015316650000158916,0.0007775689999789392,0.000382542000011199,0.01912081299997226
c7670b0a.qasm,2,,,,,,,,,,,,,,,,,,,,,,,,,,1.0,1.0,1.0,1.0,1.7558748556724915,1.7558748556724915,1.7558748556724915,0.0,0.0,0.0,0.0,0.0,0.0,-12.0,0.0,1.0,1.7558748556724915,1.0,0.00010889300000371804,0.000675761000024977,0.00019452599997293873,0.0010489769999821874
c7a93f95.qasm,32,9580.0,1575.0,0.0,501.0,126.0,0.0,0.0,50.0,0.10080645161290322,4.0,1.0,31.5,0.022857142857142857,5.629084325808975,198.0,150.09677419354838,2.954285714285714,279.0,166.3548387096774,3.2742857142857145,0.08,0.16440501043841335,0.6957959081836327,0.5845727899040628,0.10080645161290322,2.954285714285714,7.0,16.0,8.258064516129032,7.2607426652240425,9.008477717944174,11.653821582690343,0.8064516129032258,0.6774193548387096,0.4838709677419355,0.8064516129032258,3.6129032258064515,3.9192963552467326,1.023255235387482,0.5197982345523329,0.17206349206349206,7.86268716505532,0.512839248434238,0.13135259900002438,0.11707926999997653,0.007879340999977558,1.182751015000008
c7bddf55.qasm,16,4088.0,666.0,0.0,500.0,126.0,0.0,0.0,23.0,0.19166666666666668,4.0,1.0,28.956521739130434,0.05405405405405406,4.492444581494333,135.0,98.4,2.2162162162162162,207.0,127.8,2.8783783783783785,0.1891891891891892,0.16291585127201566,0.59425,0.4784,0.19166666666666668,2.2162162162162162,4.0,8.0,4.266666666666667,6.690562593955904,8.356459600198265,9.882086554315809,0.6,0.3333333333333333,0.0,0.6,3.2,3.947761343167237,0.8423890334444687,0.4273840769903762,0.2042042042042042,7.546035241989691,1.0,0.05321628699999792,0.05011496800000259,0.00341728799998009,0.474456277999991
c82bb473.qasm,32,9580.0,1575.0,0.0,501.0,126.0,0.0,0.0,50.0,0.10080645161290322,4.0,1.0,31.5,0.022857142857142857,5.629084325808975,198.0,150.09677419354838,2.954285714285714,279.0,166.3548387096774,3.2742857142857145,0.08,0.16440501043841335,0.6957959081836327,0.5845727899040628,0.10080645161290322,2.954285714285714,7.0,16.0,8.258064516129032,7.2607426652240425,9.008477717944174,11.653821582690343,0.8064516129032258,0.6774193548387096,0.4838709677419355,0.8064516129032258,3.6129032258064515,3.9256712081724228,1.0326410473047016,0.5174330469934311,0.17206349206349206,7.8620216524057165,0.5125260960334029,0.1314590830000384,0.1497595859999592,0.006920470000011392,1.041286800000023
c84ad65b.qasm,28,7908.0,1296.0,0.0,501.0,126.0,0.0,0.0,43.0,0.11375661375661375,4.0,1.0,30.13953488372093,0.027777777777777776,5.4018171886117825,189.0,134.66666666666666,2.8055555555555554,270.0,151.66666666666666,3.1597222222222223,0.09722222222222222,0.1638846737481032,0.6561163387510693,0.5475715236194278,0.11375661375661375,2.8055555555555554,6.0,14.0,7.2592592592592595,7.133357009468179,8.890653689678444,11.497176368868525,0.7777777777777778,0.6296296296296297,0.4074074074074074,0.7777777777777778,3.5555555555555554,3.937490294888705,1.0029689330944462,0.5529100529100529,0.1743827160493827,7.873743463823801,0.5513404147698533,0.10222551999999041,0.09861911699999837,0.0072937379999871155,1.1138531860000285
c8afe1ad.qasm,22,22.0,21.0,0.0,22.0,21.0,22.0,0.0,21.0,0.09090909090909091,2.0,1.0,1.0,0.047619047619047616,4.39231742277876,1.0,1.0,1.0,1.0,1.0,1.0,1.0,0.9545454545454546,0.08884297520661157,0.0,0.09090909090909091,1.0,1.0,1.0,1.0,2.2278867046136734,2.2278867046136734,2.2278867046136734,0.0,0.0,0.0,0.0,1.0,1.0,-12.0,0.0,1.0,2.5171958979499744,1.0,0.0009455750000029184,0.00026961099996469784,0.0003303970000274603,0.0016943009999863534
c945995d.qasm,39,11869.0,1953.0,0.0,501.0,126.0,0.0,0.0,62.0,0.08367071524966262,4.0,1.0,31.5,0.018433179723502304,5.939424446421127,225.0,167.21052631578948,3.2534562211981566,378.0,219.07894736842104,4.2626728110599075,0.06451612903225806,0.16454629707641755,0.7074057014176774,0.5971215463809224,0.08367071524966262,3.2534562211981566,8.0,19.0,10.0,7.396629748069891,9.176103345302934,11.81620818663357,0.8421052631578947,0.7368421052631579,0.5789473684210527,0.8421052631578947,3.6842105263157894,3.9030984517351257,0.9668002629667158,0.5192210419828023,0.15412186379928317,7.859875845139,0.4422445024854663,0.17153946400003406,0.1524135339999475,0.009217513000010058,1.0341707000000042
c95f41f8.qasm,8,23.0,7.0,0.0,9.0,7.0,8.0,0.0,7.0,0.25,2.0,1.0,1.0,0.14285714285714285,2.807354922057604,1.0,1.0,1.0,1.0,1.0,1.0,1.0,0.30434782608695654,0.4166666666666667,0.22222222222222218,0.25,1.0,1.0,1.0,1.0,1.7558748556724915,1.7558748556724915,1.7558748556724915,0.0,0.0,0.0,0.0,1.0,0.899332169869539,-12.0,0.0,1.0,2.0211892990699383,1.0,0.0005869639999787069,0.00038350900001660193,0.00016534600001705257,0.0008221839999578151
c96fe790.qasm,256,33280.0,33023.0,0.0,514.0,512.0,256.0,0.0,32640.0,1.0,255.0,1.0,1.011734068627451,9.084577415740545e-05,14.987964754726619,16513.0,11030.58431372549,85.17696756805863,16513.0,11030.58431372549,85.17696756805863,0.015504345456197196,0.9922776442307693,0.5038834508754864,0.24998855573357748,1.0,85.17696756805863,255.0,128.0,64.25098039215686,10.061455512239025,11.867626420299596,14.57686739581245,0.9764705882352941,0.9607843137254902,0.9372549019607843,0.0,1.0,1.0,-12.0,0.0,1.0,6.012260452989164,0.02842548076923077,0.6747907889999851,0.4083733029999621,0.1661699310000131,1.158147549999967
c999af32.qasm,28,8220.0,1350.0,0.0,501.0,126.0,0.0,0.0,43.0,0.11375661375661375,4.0,1.0,31.3953488372093,0.02666666666666667,5.411435190178571,198.0,140.0,2.8,279.0,159.66666666666666,3.1933333333333334,0.09333333333333334,0.16423357664233576,0.6822070145423439,0.5706365047682412,0.11375661375661375,2.8,6.0,14.0,7.2592592592592595,7.150726268389979,8.912264423427496,11.51865771401333,0.7777777777777778,0.6296296296296297,0.4074074074074074,0.7777777777777778,3.5555555555555554,3.967741733668615,1.0225647112903713,0.5715427657873701,0.17407407407407408,7.873093901401696,0.5501216545012165,0.11008352599998261,0.10839314000003242,0.006198378999954457,1.042442541000014
ca0a2ce5.qasm,58,3651.0,1162.0,0.0,2528.0,790.0,0.0,0.0,228.0,0.13793103448275862,32.0,1.0,5.0964912280701755,0.16523235800344235,6.067298462225924,734.0,229.50877192982455,11.258175559380378,534.0,205.2280701754386,10.067125645438898,0.6772805507745266,0.3182689674061901,0.03282545831514622,0.00779341550077726,0.13793103448275862,11.258175559380378,53.0,29.0,14.75438596491228,7.724186059688383,9.519728187603036,12.182850713080258,0.8947368421052632,0.8245614035087719,0.7192982456140351,0.5964912280701754,3.1871720239415082,0.604815452248844,-4.262840961834059,0.005420280186791194,0.5533562822719449,7.441513919290383,0.5571076417419885,0.05182674200000292,0.04561979599998267,0.00534170600002426,1.2953644269999813
ca634f4d.qasm,20,5448.0,891.0,0.0,501.0,126.0,0.0,0.0,30.0,0.15789473684210525,4.0,1.0,29.7,0.04040404040404041,4.878616089448783,162.0,119.84210526315789,2.5555555555555554,243.0,170.05263157894737,3.6262626262626263,0.1414141414141414,0.16354625550660792,0.6326347305389222,0.5196974472108414,0.15789473684210525,2.5555555555555554,5.0,10.0,5.2631578947368425,6.934580101030249,8.618556362202524,11.111860477593869,0.6842105263157895,0.47368421052631576,0.15789473684210525,0.6842105263157895,3.3684210526315788,3.8981339215369153,1.001585658468598,0.5293475293475294,0.19640852974186307,7.8399764959575595,1.0,0.0707189970000286,0.06511162099997136,0.003845334000004641,0.9128601639999943
ca8c6d9a.qasm,50,15674.0,2583.0,0.0,502.0,126.0,0.0,0.0,82.0,0.06693877551020408,4.0,1.0,31.5,0.013937282229965157,6.342780140652336,279.0,186.0612244897959,3.529616724738676,441.0,268.53061224489795,5.094076655052265,0.04878048780487805,0.1647952022457573,0.7273705179282869,0.6167981136677778,0.06693877551020408,3.529616724738676,9.0,25.0,12.755102040816327,7.556909618001994,9.337564343648143,12.012458797134242,0.8775510204081632,0.7959183673469388,0.673469387755102,0.673469387755102,3.2244897959183674,3.91313771739243,0.9563190840456735,0.5153600393217007,0.1548586914440573,7.867083683667768,0.2510526987367615,0.2116863779999676,0.19727006800007985,0.011364297999989503,0.9897556820000091
ca980007.qasm,32,9580.0,1575.0,0.0,501.0,126.0,0.0,0.0,50.0,0.10080645161290322,4.0,1.0,31.5,0.022857142857142857,5.629084325808975,198.0,150.09677419354838,2.954285714285714,279.0,166.3548387096774,3.2742857142857145,0.08,0.16440501043841335,0.6957959081836327,0.5845727899040628,0.10080645161290322,2.954285714285714,7.0,16.0,8.258064516129032,7.2607426652240425,9.008477717944174,11.653821582690343,0.8064516129032258,0.6774193548387096,0.4838709677419355,0.8064516129032258,3.6129032258064515,3.9405642081241106,0.9730307610940985,0.5235813366960907,0.17206349206349206,7.8624720534825645,0.512839248434238,0.1369184360000304,0.11887831299998197,0.0076301440000179355,1.150109845999964
cab2b6e9.qasm,36,10628.0,1746.0,0.0,501.0,126.0,0.0,0.0,57.0,0.09047619047619047,4.0,1.0,30.63157894736842,0.020618556701030927,5.8105476356893035,216.0,156.34285714285716,3.134020618556701,396.0,234.25714285714287,4.695876288659794,0.07216494845360824,0.16428302596913813,0.6860722998447549,0.5775306529797548,0.09047619047619047,3.134020618556701,7.0,18.0,9.257142857142858,7.3306124683503775,9.09095385698606,11.746145551745371,0.8285714285714286,0.7142857142857143,0.5428571428571428,0.8285714285714286,3.657142857142857,3.921908869373884,0.8963601779409771,0.5315104166666667,0.14146620847651775,7.870277280029431,0.44768535942792625,0.12834820699998772,0.1269359479999821,0.007247349000010672,1.1091438139999923
cb2b300f.qasm,39,11869.0,1953.0,0.0,501.0,126.0,0.0,0.0,62.0,0.08367071524966262,4.0,1.0,31.5,0.018433179723502304,5.939424446421127,225.0,167.21052631578948,3.2534562211981566,378.0,219.07894736842104,4.2626728110599075,0.06451612903225806,0.16454629707641755,0.7074057014176774,0.5971215463809224,0.08367071524966262,3.2534562211981566,8.0,19.0,10.0,7.396629748069891,9.176103345302934,11.81620818663357,0.8421052631578947,0.7368421052631579,0.5789473684210527,0.8421052631578947,3.6842105263157894,3.931401796932747,0.9711363230902549,0.5192210419828023,0.15412186379928317,7.859355504339656,0.44291852725587666,0.15195418000001837,0.17442907100002003,0.014092024999968089,1.1280838730000369
cc5bc6eb.qasm,36,141.0,70.0,0.0,72.0,37.0,36.0,0.0,35.0,0.05555555555555555,2.0,1.0,2.0,0.02857142857142857,5.129283016944964,2.0,2.0,1.0,2.0,2.0,1.0,0.5285714285714286,0.49645390070921985,0.08140432098765432,0.027380952380952377,0.05555555555555555,1.0,1.0,2.0,1.9428571428571428,3.3818367999983434,3.3818367999983434,3.3818367999983434,0.0,0.0,0.0,0.0,1.0,0.9999999999999978,-12.0,0.0,1.0,3.4295908022233017,1.0,0.0039599550000275485,0.0013239439999779279,0.0004815479999820127,0.008432609000010416
ccfd978a.qasm,68,154691.0,56376.0,0.0,,,0.0,0.0,388.0,0.17032484635645304,37.0,1.0,145.29896907216494,0.00908187881367958,7.744281696192752,50860.0,27964.582089552237,33.23447921101178,25225.0,10811.970149253732,12.849474953881083,,0.3644426631155012,,,0.17032484635645304,33.369837189374465,62.0,34.0,17.253731343283583,9.378592858857512,11.1843659670596,13.89331975516932,0.9104477611940298,0.8507462686567164,0.7611940298507462,0.1044776119402985,1.5712908648042863,2.895842591942536,-7.598265823337062,0.10970418076629189,0.008340474150242787,7.643571824624259,0.04749582637729549,0.32155357800002093,0.8483884900000476,0.10522619799996846,1.1811203449999539
cd51d9b8.qasm,53,14105.0,2322.0,0.0,432.0,108.0,0.0,0.0,86.0,0.062409288824383166,4.0,1.0,27.0,0.011627906976744186,6.426264754702099,270.0,182.76923076923077,4.093023255813954,405.0,239.8846153846154,5.372093023255814,0.046511627906976744,0.16462247429989366,0.7174615653389238,0.6086627492877492,0.062409288824383166,4.093023255813954,10.0,26.0,13.5,7.5794687904805915,9.372484974552886,12.047387820917107,0.8846153846153846,0.8076923076923077,0.6923076923076923,0.7884615384615384,3.5961538461538463,3.9186901829350287,0.8706724906189971,0.3308676529388245,0.03919035314384152,7.845130654305197,0.15618574973413682,0.18282124199993177,0.2051228230000106,0.010559083999964969,1.042465464000088
cd592018.qasm,53,18009.0,2961.0,0.0,574.0,144.0,0.0,0.0,86.0,0.062409288824383166,4.0,1.0,34.43023255813954,0.0121580547112462,6.404496965224599,342.0,231.40384615384616,4.0638297872340425,522.0,306.34615384615387,5.379939209726444,0.0486322188449848,0.16441779110444776,0.6893037933074748,0.5841262396140444,0.062409288824383166,4.0638297872340425,10.0,26.0,13.5,7.681461160885254,9.473889392065146,12.146963043096903,0.8846153846153846,0.8076923076923077,0.6923076923076923,0.8846153846153846,3.769230769230769,3.9297780884240217,0.8216578344090346,0.31445040747366326,0.030732860520094562,7.827374656462474,0.227330779054917,0.23936016499999369,0.22046133600008488,0.013405967999915447,1.0033386720000408
cd5b55b6.qasm,16,38.0,20.0,18.0,30.0,4.0,16.0,0.0,10.0,0.08333333333333333,2.0,6.0,2.0,0.15,3.133206219346495,16.0,6.733333333333333,5.05,3.0,1.3333333333333333,1.0,0.8,0.5263157894736842,0.19583333333333333,0.017777777777777774,0.08333333333333333,5.7578125,12.0,8.0,4.266666666666667,6.456917358507399,8.229550425962877,9.83795301280801,0.6,0.3333333333333333,0.0,0.0,0.0,0.0,-12.0,0.0,1.0,4.032175376961363,1.0,0.0011564760000055685,0.0003873059999932593,0.0006512319999956162,0.06889212999999472
ce4f4dde.qasm,118,469.0,234.0,0.0,236.0,119.0,118.0,0.0,117.0,0.01694915254237288,2.0,1.0,2.0,0.008547008547008548,6.8703647195833835,2.0,2.0,1.0,2.0,2.0,1.0,0.5085470085470085,0.4989339019189765,0.02524418270611893,0.008438360133275388,0.01694915254237288,1.0,1.0,2.0,1.982905982905983,3.9197577805018944,3.9197577805018944,3.9197577805018944,0.0,0.0,0.0,0.0,1.0,0.9999999999999997,-12.0,0.0,1.0,3.9660947794461707,1.0,0.008619780999993054,0.006019425999966188,0.0015590460000112216,0.034439641999995274
ce7207a3.qasm,58,3651.0,1162.0,0.0,2528.0,790.0,0.0,0.0,228.0,0.13793103448275862,32.0,1.0,5.0964912280701755,0.16523235800344235,6.067298462225924,734.0,229.50877192982455,11.258175559380378,534.0,205.2280701754386,10.067125645438898,0.6772805507745266,0.3182689674061901,0.03282545831514622,0.00779341550077726,0.13793103448275862,11.258175559380378,53.0,29.0,14.75438596491228,7.724186059688383,9.519728187603036,12.182850713080258,0.8947368421052632,0.8245614035087719,0.7192982456140351,0.5964912280701754,3.275782907950594,2.3489689330916486,-3.298839775579247,0.005124327956989247,0.5533562822719449,7.437240411096629,0.5540947685565598,0.04943377799997961,0.04524791500000447,0.0050992300000416435,1.272735804999968
cee426fe.qasm,128,25020.0,16424.0,0.0,975.0,648.0,0.0,0.0,4106.0,0.5051673228346457,80.0,1.0,4.0,0.00024354603019970775,12.00351791210744,8120.0,5397.354330708661,41.73550901120312,8032.0,5360.724409448819,41.452264978080855,0.039454456892352656,0.6564348521183053,0.33208333333333334,0.19418534221683828,0.5051673228346457,41.73550901120312,127.0,64.0,32.25196850393701,9.448322319335523,11.254426504198728,13.9634846971296,0.952755905511811,0.9212598425196851,0.8740157480314961,0.14173228346456693,0.6614173228346457,3.811361130177496,1.0359602530503054,0.4250461254612546,0.002009254749147589,7.890210991952022,0.016826538768984812,0.3020421110000484,0.19523501599996962,0.07707204500002263,1.1309236060000103
cf2c4cc9.qasm,8,53.0,21.0,0.0,15.0,11.0,8.0,0.0,7.0,0.25,2.0,1.0,3.0,0.14285714285714285,2.807354922057604,3.0,3.0,1.0,3.0,3.0,1.0,0.5238095238095238,0.39622641509433965,0.6166666666666667,0.3619047619047619,0.25,1.0,1.0,3.0,2.142857142857143,3.3165993020938607,3.3165993020938607,3.3165993020938607,0.0,0.0,0.0,0.0,2.142857142857143,1.6489981202352797,-12.0,0.0,1.0,3.5725230978496376,1.0,0.0009517029999983606,0.0006016119999685543,0.00023384700000406156,0.0023172080000222195
cf5bfeb1.qasm,51,16053.0,2646.0,0.0,502.0,126.0,0.0,0.0,84.0,0.06588235294117648,4.0,1.0,31.5,0.013605442176870748,6.37754555881302,279.0,191.7,3.622448979591837,504.0,280.08,5.292517006802721,0.047619047619047616,0.1648290039245001,0.7303726271385048,0.6195617529880478,0.06588235294117648,3.622448979591837,9.0,25.0,13.0,7.579275689486288,9.361148979422092,12.037769899918153,0.88,0.8,0.68,0.68,3.24,3.913137717392436,0.9598483810077283,0.5051070038910506,0.154572940287226,7.8643179610049705,0.24967295832554662,0.21492818000001535,0.2448011139999835,0.01370374200007518,1.0840314889999263
d168a391.qasm,64,1515.0,378.0,0.0,948.0,378.0,64.0,0.0,63.0,0.03125,2.0,1.0,6.0,0.015873015873015872,5.97727992349992,6.0,6.0,1.0,6.0,6.0,1.0,1.0,0.2495049504950495,0.031200553797468354,0.009493670886075951,0.03125,1.0,1.0,6.0,5.523809523809524,5.868466335265618,7.205462724791342,7.205462724791342,0.9047619047619048,0.8412698412698413,0.0,0.0,2.884998214320055,1.1067125053072153,-12.0,0.0,1.0,5.1359368623850274,1.0,0.012629079000021193,0.010754851999990933,0.0018228750000162108,0.0375482869999928
d20d9d2e.qasm,60,11581.0,3566.0,0.0,10144.0,3075.0,0.0,0.0,295.0,0.16666666666666666,34.0,1.0,12.08813559322034,0.2153673583847448,5.092997598053767,1986.0,357.2542372881356,5.910824453168817,1736.0,421.3220338983051,6.970835670218732,0.860347728547392,0.3079181417839565,0.024886632492113564,0.0024010185531732875,0.16666666666666666,5.910824453168817,54.0,30.0,15.254237288135593,7.933109079484558,9.732702204029094,12.384023940263775,0.8983050847457628,0.8305084745762712,0.7288135593220338,0.03389830508474576,2.405872653329901,1.5411100434481604,-4.508953789970683,0.014191176470588235,0.1519910263600673,7.043483352662933,0.5448579569985321,0.17501731400000153,0.24680319899994174,0.019096785999977328,1.2747785270000804
d21812d8.qasm,30,10771.0,3266.0,0.0,10099.0,3045.0,0.0,0.0,145.0,0.3333333333333333,19.0,1.0,22.52413793103448,0.23515003061849357,4.441987879232534,1716.0,313.0344827586207,2.7795468462951622,1616.0,407.17241379310343,3.6154317207593385,0.9301898346601347,0.30322161359205274,0.0463313199326666,0.002294525576106884,0.3333333333333333,2.7795468462951622,24.0,15.0,7.758620689655173,7.565244024851883,9.357402629333205,11.917173643968356,0.7931034482758621,0.6551724137931034,0.4482758620689655,0.6206896551724138,3.3845157606828735,1.5414612836963317,-4.463111829207603,0.04196588868940754,0.16595223515003063,7.6112802610013714,0.5939095719988859,0.1556929430000764,0.18635128599999007,0.013767824999945333,1.2218818650000003
d2ffaf7e.qasm,64,191.0,63.0,0.0,65.0,63.0,64.0,0.0,63.0,0.03125,2.0,1.0,1.0,0.015873015873015872,5.97727992349992,1.0,1.0,1.0,1.0,1.0,1.0,1.0,0.3298429319371728,0.061057692307692306,0.030769230769230774,0.03125,1.0,1.0,1.0,1.0,2.7032913781186614,2.7032913781186614,2.7032913781186614,0.0,0.0,0.0,0.0,1.0,0.9997702670732421,-12.0,0.0,1.0,3.000434077479319,1.0,0.00329851500003997,0.0027518219999933535,0.00035991800001511365,0.008024387999967075
d3f98c63.qasm,51,16053.0,2646.0,0.0,502.0,126.0,0.0,0.0,84.0,0.06588235294117648,4.0,1.0,31.5,0.013605442176870748,6.37754555881302,279.0,191.7,3.622448979591837,504.0,280.08,5.292517006802721,0.047619047619047616,0.1648290039245001,0.7303726271385048,0.6195617529880478,0.06588235294117648,3.622448979591837,9.0,25.0,13.0,7.579275689486288,9.361148979422092,12.037769899918153,0.88,0.8,0.68,0.68,3.24,3.9053426617572344,0.9691906043547345,0.5037539355776217,0.154572940287226,7.866163290410937,0.24985983928237712,0.22163769199994476,0.24475327499999366,0.012209221000034631,1.0182067360000246
d3f998bc.qasm,53,13689.0,2250.0,0.0,432.0,108.0,0.0,0.0,86.0,0.062409288824383166,4.0,1.0,26.162790697674417,0.012,6.415239833978443,261.0,177.23076923076923,4.096,396.0,232.6153846153846,5.376,0.048,0.16436554898093358,0.6961477987421384,0.5901442307692307,0.062409288824383166,4.096,10.0,26.0,13.5,7.565763040364966,9.358350495097703,12.032068625946428,0.8846153846153846,0.8076923076923077,0.6923076923076923,0.8846153846153846,3.769230769230769,3.927263059856572,0.8426909162665712,0.3017070265978563,0.04044444444444444,7.826825864780902,0.30214040470450726,0.18597884300004353,0.20005017500000122,0.010397139999895444,1.0790589490000002
d49ba491.qasm,28,7908.0,1296.0,0.0,501.0,126.0,0.0,0.0,43.0,0.11375661375661375,4.0,1.0,30.13953488372093,0.027777777777777776,5.4018171886117825,189.0,134.66666666666666,2.8055555555555554,270.0,151.66666666666666,3.1597222222222223,0.09722222222222222,0.1638846737481032,0.6561163387510693,0.5475715236194278,0.11375661375661375,2.8055555555555554,6.0,14.0,7.2592592592592595,7.133357009468179,8.890653689678444,11.497176368868525,0.7777777777777778,0.6296296296296297,0.4074074074074074,0.7777777777777778,3.5555555555555554,3.9428650036052124,1.0202214500061015,0.5729166666666666,0.1743827160493827,7.875498539858218,0.5491906929691451,0.1155859389999705,0.1067596940000044,0.006259199999988141,1.0370014480000123
d4a7f2c7.qasm,16,4088.0,666.0,0.0,500.0,126.0,0.0,0.0,23.0,0.19166666666666668,4.0,1.0,28.956521739130434,0.05405405405405406,4.492444581494333,135.0,98.4,2.2162162162162162,207.0,127.8,2.8783783783783785,0.1891891891891892,0.16291585127201566,0.59425,0.4784,0.19166666666666668,2.2162162162162162,4.0,8.0,4.266666666666667,6.690562593955904,8.356459600198265,9.882086554315809,0.6,0.3333333333333333,0.0,0.6,3.2,3.9384553605266124,0.7912020177879017,0.42650918635170604,0.2042042042042042,7.546035241989691,1.0,0.07695608899996387,0.0639544800000067,0.003462726999998722,0.6835037090000355
d706049b.qasm,41,62.0,0.0,20.0,22.0,0.0,1.0,0.0,0.0,0.0,0.0,41.0,0.0,0.0,0.0,0.0,0.0,0.0,0.0,0.0,0.0,0.0,0.0,0.1130820399113082,0.045454545454545456,0.0,20.25,40.0,20.0,10.5,7.113527867879163,8.911631389305569,11.606535391885908,0.85,0.75,0.6,0.0,1.0,1.7017536577048153,-12.0,0.0,1.0,5.844234176241737,1.0,0.001197209999986626,0.0008758490000104757,0.0009412050000037198,0.47101684400001886
d70a0bd6.qasm,48,746881.0,197095.0,0.0,,,0.0,0.0,699.0,0.6196808510638298,38.0,1.0,281.967095851216,0.01581978233846622,9.328784517113293,102185.0,53350.21276595745,12.722088333037368,95230.0,51134.63829787234,12.193754280930516,,0.2638907670699884,,,0.6196808510638298,12.835908689159124,45.0,24.0,12.25531914893617,9.23569154561776,11.04085043589781,13.74662632477077,0.8723404255319149,0.7872340425531915,0.6595744680851063,0.6595744680851063,2.9746245728097365,3.9574229936527594,0.7474394292011841,0.38103802672147996,0.001341013684435098,7.8996763901120195,0.006202591017160232,0.7891039400000182,1.0946317000000363,0.15556649999996353,1.0958630960000164
d7fe8918.qasm,260,,,,,,,,,,,,,,,,,,,,,,,,,,4.478260869565218,10.0,28.0,14.660231660231661,7.207956724166086,8.998137604230948,11.659496410767442,0.9034749034749034,0.8146718146718147,0.7181467181467182,0.0,0.0,4.0,-12.0,0.0,1.0,6.471690755811645,1.0,0.0011585519999925964,0.01020614399999431,0.004227939999964292,0.5617487960000176
d87e1b4b.qasm,256,1021.0,510.0,0.0,512.0,257.0,256.0,0.0,255.0,0.0078125,2.0,1.0,2.0,0.00392156862745098,7.994353436858871,2.0,2.0,1.0,2.0,2.0,1.0,0.503921568627451,0.49951028403525954,0.01168060302734375,0.00389859068627451,0.0078125,1.0,1.0,2.0,1.992156862745098,4.261239071182586,4.261239071182586,4.261239071182586,0.0,0.0,0.0,0.0,1.0,1.0,-12.0,0.0,1.0,4.307260642145005,1.0,0.016708346999962487,0.010563928999999916,0.002251008000030197,0.06307591499995624
d9b603b5.qasm,24,6808.0,1116.0,0.0,501.0,126.0,0.0,0.0,37.0,0.13405797101449277,4.0,1.0,30.16216216216216,0.03225806451612903,5.183325543943792,189.0,140.8695652173913,2.903225806451613,306.0,200.7391304347826,4.137096774193548,0.11290322580645161,0.16392479435957696,0.6590153027278776,0.5473401024038879,0.13405797101449277,2.903225806451613,6.0,12.0,6.260869565217392,7.088332345455686,8.848241934460873,11.355565914480747,0.7391304347826086,0.5652173913043478,0.30434782608695654,0.7391304347826086,3.4782608695652173,3.9359286629323,0.9735332103190375,0.5458595387840671,0.1863799283154122,7.868031415655254,0.7287015276145711,0.1064661679999972,0.09076679399998966,0.0050495909999881405,1.1094413410000357
d9c77e07.qasm,8,32.0,7.0,0.0,11.0,7.0,7.0,0.0,7.0,0.25,7.0,1.0,1.0,0.14285714285714285,2.807354922057604,7.0,4.0,4.0,6.0,3.142857142857143,3.142857142857143,1.0,0.21875,0.4431818181818182,0.27272727272727276,0.25,4.0,7.0,4.0,2.2857142857142856,4.323396497131876,4.323396497131876,4.323396497131876,0.14285714285714285,0.0,0.0,0.0,0.0,0.0,-12.0,0.0,1.0,2.5943925503754266,1.0,0.0006377629999860801,0.00023061300004201257,0.0003226919999974598,0.0030150229999890144
da0e58a0.qasm,34,18149.0,6290.0,0.0,7976.0,3052.0,0.0,0.0,151.0,0.26916221033868093,19.0,1.0,41.65562913907285,0.020349761526232114,6.586964800857563,5188.0,3002.060606060606,15.750079491255962,2490.0,1087.6666666666667,5.706359300476947,0.4767885532591415,0.34657556890186786,0.09011962357661218,0.03865004103218747,0.26916221033868093,15.750079491255962,29.0,17.0,8.757575757575758,8.605435380663499,10.411091935114909,13.115757305397251,0.8181818181818182,0.696969696969697,0.5151515151515151,0.21212121212121213,2.186967424286131,2.7904408765688244,-11.999949585494296,0.008242250492743236,0.014626391096979332,7.50775628275774,0.0926221830403879,0.2591301780000208,0.24768237199998566,0.03014160999998694,1.2051570490000358
da213329.qasm,49,15295.0,2520.0,0.0,502.0,126.0,0.0,0.0,80.0,0.06802721088435375,4.0,1.0,31.5,0.014285714285714285,6.307156230921614,252.0,180.1875,3.432142857142857,387.0,251.625,4.792857142857143,0.05,0.16475972540045766,0.7242458736482641,0.6139193227091634,0.06802721088435375,3.432142857142857,9.0,24.0,12.5,7.533328859570887,9.312625009611704,11.985580744519561,0.875,0.7916666666666666,0.6666666666666666,0.7916666666666666,3.5208333333333335,3.9030305269668077,0.9990055838383026,0.5014506769825918,0.15515873015873016,7.8650887651806025,0.25975809087937235,0.19523473200001717,0.204868174000012,0.019246711999926447,1.065946732000043
da3a2f77.qasm,53,18789.0,3096.0,0.0,574.0,144.0,0.0,0.0,86.0,0.062409288824383166,4.0,1.0,36.0,0.011627906976744186,6.426264754702099,360.0,243.69230769230768,4.093023255813954,540.0,319.84615384615387,5.372093023255814,0.046511627906976744,0.1647772632923519,0.719380711327329,0.6102586437952292,0.062409288824383166,4.093023255813954,10.0,26.0,13.5,7.704507907399964,9.497657651061505,12.17273701160348,0.8846153846153846,0.8076923076923077,0.6923076923076923,0.7884615384615384,3.5961538461538463,3.9186901829350287,0.8706724906189971,0.3308676529388245,0.029392764857881136,7.845130654305197,0.1172494544680398,0.24106750099997498,0.23379111300005206,0.016578393999907348,0.9955927690000408
da4d0871.qasm,68,154691.0,56376.0,0.0,,,0.0,0.0,388.0,0.17032484635645304,37.0,1.0,145.29896907216494,0.00908187881367958,7.744281696192752,50860.0,27964.582089552237,33.23447921101178,25225.0,10811.970149253732,12.849474953881083,,0.3644426631155012,,,0.17032484635645304,33.37295011713616,62.0,34.0,17.253731343283583,9.378534081794694,11.184307134902364,13.893263570235337,0.9104477611940298,0.8507462686567164,0.7611940298507462,0.14925373134328357,1.6730262259838782,3.082846364489086,-1.721844712704049,0.10913013854190325,0.00754242614707731,7.663734395863285,0.046817925650712806,0.23003337700004067,0.6903551499999594,0.08132983400003013,1.1087219659999619
da505823.qasm,32,9580.0,1575.0,0.0,501.0,126.0,0.0,0.0,50.0,0.10080645161290322,4.0,1.0,31.5,0.022857142857142857,5.629084325808975,198.0,150.09677419354838,2.954285714285714,279.0,166.3548387096774,3.2742857142857145,0.08,0.16440501043841335,0.6957959081836327,0.5845727899040628,0.10080645161290322,2.954285714285714,7.0,16.0,8.258064516129032,7.2607426652240425,9.008477717944174,11.653821582690343,0.8064516129032258,0.6774193548387096,0.4838709677419355,0.8064516129032258,3.6129032258064515,3.932189685653685,1.0378548666001841,0.5234967155128853,0.17206349206349206,7.862117878987649,0.5125260960334029,0.12761071400001356,0.2031501589999607,0.011020845000018653,1.0729340980000188
da601912.qasm,48,187921.0,49687.0,0.0,94161.0,26614.0,0.0,0.0,699.0,0.6196808510638298,38.0,1.0,71.0829756795422,0.016382554793004208,9.322068762042075,25769.0,13464.255319148937,12.736128162295973,23950.0,12869.446808510638,12.173486022500855,0.5261738482902972,0.26440365898436047,0.05257130517588669,0.02118598588610228,0.6196808510638298,12.835908689159124,45.0,24.0,12.25531914893617,9.23569154561776,11.04085043589781,13.74662632477077,0.8723404255319149,0.7872340425531915,0.6595744680851063,0.6595744680851063,2.9746245728097365,3.9574229936527594,0.7474394292011841,0.38103802672147996,0.001341013684435098,7.8996763901120195,0.006202591017160232,2.569408079000027,0.9140556919999199,0.13427725500002907,1.0036478529999613
dae23358.qasm,32,9268.0,1521.0,0.0,501.0,126.0,0.0,0.0,50.0,0.10080645161290322,4.0,1.0,30.42,0.023668639053254437,5.620570634187001,189.0,145.16129032258064,2.9585798816568047,270.0,159.38709677419354,3.2485207100591715,0.08284023668639054,0.1641130772550712,0.6729665668662674,0.5644839353550962,0.10080645161290322,2.9585798816568047,7.0,16.0,8.258064516129032,7.2464142988079985,8.992740902199253,11.636295798256512,0.8064516129032258,0.6774193548387096,0.4838709677419355,0.8064516129032258,3.6129032258064515,3.9278405003379393,0.9821103635817519,0.5074702456318055,0.1663379355687048,7.865991238410789,0.5102503236944325,0.12114431199995579,0.1434338720000028,0.007108445000028496,0.9754761180000173
db12c1f0.qasm,32,574.0,511.0,0.0,94.0,91.0,31.0,0.0,496.0,1.0,31.0,1.0,1.030241935483871,0.003913894324853229,8.938471066064823,271.0,183.74193548387098,11.146771037181995,271.0,183.74193548387098,11.146771037181995,0.1780821917808219,0.8902439024390244,0.36070478723404253,0.16472203157172272,1.0,11.146771037181995,31.0,16.0,8.258064516129032,7.359907865042896,9.15803037384753,11.847920707586937,0.8064516129032258,0.6774193548387096,0.4838709677419355,0.0,2.862017811546391,0.6837604581337413,-11.999999922809707,0.0009197751660705161,0.162426614481409,7.626682011423725,0.9198606271777003,0.01013168199995107,0.007152701000052275,0.0021021909999490163,1.127120132000016
db6ca211.qasm,256,1789.0,765.0,0.0,263.0,259.0,256.0,0.0,255.0,0.0078125,2.0,1.0,3.0,0.00392156862745098,7.994353436858871,3.0,3.0,1.0,3.0,3.0,1.0,0.338562091503268,0.4276131917272219,0.03793369771863118,0.022754044583612913,0.0078125,1.0,1.0,3.0,2.976470588235294,5.167036577515617,5.167036577515617,5.167036577515617,0.0,0.0,0.0,0.0,2.976470588235294,2.480478357506981,-12.0,0.0,1.0,5.4674615897177,1.0,0.025040184999966186,0.01654724900004112,0.00301123600002029,0.08709178099991277
dbcc99b4.qasm,128,379.0,253.0,126.0,317.0,191.0,128.0,0.0,190.0,0.023375984251968504,4.0,1.0,1.331578947368421,0.007905138339920948,7.484969859279265,127.0,64.49606299212599,32.37549407114624,3.0,2.9763779527559056,1.4940711462450593,0.7549407114624506,0.6675461741424802,0.02178627760252366,0.0015400283166496925,0.023375984251968504,40.08622398414271,64.0,64.0,32.25196850393701,8.217124086154408,10.02179255654878,12.728813879265225,0.952755905511811,0.9212598425196851,0.8740157480314961,0.0,0.0,0.0,-12.0,0.0,1.0,5.1220749145474995,0.20671955202986467,0.005857692999995834,0.002678001999981916,0.004610805000027085,1.1408213159999718
dc86453a.qasm,32,126412.0,49188.0,174.0,65080.0,32280.0,32.0,0.0,353.0,0.7116935483870968,31.0,1.0,139.342776203966,0.022322517687240792,7.881682312184775,24666.0,17117.41935483871,10.787997072456697,23334.0,14318.129032258064,9.023786289338863,0.6547938521590632,0.3891086289276334,0.08448640135218193,0.030400301366060627,0.7116935483870968,10.74247491638796,31.0,16.0,8.258064516129032,9.341237727184566,11.143280116618419,13.84086617858145,0.8064516129032258,0.6774193548387096,0.4838709677419355,0.0,0.967741935483871,2.0000000000000004,-12.0,0.0,1.0,6.3756813510996215,0.008141375884763442,1.1736085709999884,0.5720512020000115,0.20806477999997242,1.139577691999989
de690b52.qasm,24,7120.0,1170.0,0.0,501.0,126.0,0.0,0.0,37.0,0.13405797101449277,4.0,1.0,31.62162162162162,0.03076923076923077,5.1947680050365905,198.0,147.1304347826087,2.8923076923076922,315.0,209.7391304347826,4.123076923076923,0.1076923076923077,0.16432584269662923,0.6894544244843646,0.5744163846220602,0.13405797101449277,2.8923076923076922,6.0,12.0,6.260869565217392,7.109376335248357,8.86794268713831,11.384922215273296,0.7391304347826086,0.5652173913043478,0.30434782608695654,0.7391304347826086,3.4782608695652173,3.9145181812023147,1.0305021875605969,0.5651478816946442,0.18547008547008548,7.870148409966057,0.6834269662921348,0.09559049099999584,0.0918885689999911,0.00534413200000472,0.9769272010000236
deb00fe1.qasm,16,363.0,90.0,0.0,228.0,90.0,16.0,0.0,15.0,0.125,2.0,1.0,6.0,0.06666666666666667,3.906890595608518,6.0,6.0,1.0,6.0,6.0,1.0,1.0,0.24793388429752067,0.12417763157894737,0.039473684210526314,0.125,1.0,1.0,6.0,4.0,5.082214310549314,6.222489902780612,6.222489902780612,0.6,0.3333333333333333,0.0,0.0,2.6,1.139064667150204,-12.0,0.0,1.0,4.417654340805952,1.0,0.005079227000010178,0.00394028799996704,0.0008143500000414861,0.012959953999995832
df1a7a89.qasm,24,42578400.0,16513788.0,0.0,,,24.0,0.0,128.0,0.463768115942029,16.0,1.0,129013.96875,0.03525199669512531,6.5001683590139905,6840192.0,3390632.8695652173,4.7223905260258885,7094880.0,3804303.1304347827,5.298540347011842,,0.3878442590609323,,,0.463768115942029,4.7248706355618975,12.0,12.0,6.260869565217392,9.047423943465223,10.834918048403201,13.48173995929962,0.7391304347826086,0.5652173913043478,0.30434782608695654,0.7391304347826086,3.4782608695652173,4.0,0.8768553549826763,0.7566343042071197,0.00022348673692172807,7.925222422611729,0.00452,0.2910033780000276,0.24410245699999678,0.2685115140000107,1.0236765239999954
df43c2c2.qasm,47,14537.0,2394.0,0.0,502.0,126.0,0.0,0.0,76.0,0.07030527289546716,4.0,1.0,31.5,0.015037593984962405,6.2331556494778315,252.0,177.06521739130434,3.4022556390977443,378.0,236.7391304347826,4.548872180451128,0.05263157894736842,0.1646832221228589,0.7175976943290667,0.6077862463190715,0.07030527289546716,3.4022556390977443,9.0,23.0,12.0,7.5067673292828125,9.284330870504679,11.94596520567462,0.8695652173913043,0.782608695652174,0.6521739130434783,0.8260869565217391,3.5869565217391304,3.903030526966808,1.0096415144165383,0.5046273745737945,0.1558061821219716,7.867302182897924,0.26766182843777947,0.1749186939999845,0.16316360500002247,0.014488636999999471,1.094264509000027
df458745.qasm,128,62990.0,20352.0,16102.0,56370.0,20272.0,128.0,0.0,2234.0,0.2748523622047244,95.0,1.0,9.110116383169203,0.008942610062893082,10.827410303696663,19144.0,7062.251968503937,44.06967374213836,16610.0,5480.614173228347,34.199980345911946,0.9960691823899371,0.32309890458802987,0.01601389258470818,0.0009247114467264238,0.2748523622047244,43.97306880401082,96.0,64.0,31.212598425196852,10.038241511513904,11.844387840322888,14.553624587642183,0.8582677165354331,0.8346456692913385,0.8110236220472441,0.0,0.0,0.0,-12.0,0.0,1.0,5.122808736082637,0.0038,0.5220946379999987,0.20007259900000918,0.24272822300002872,0.9121218399999975
df75e229.qasm,53,18009.0,2961.0,0.0,574.0,144.0,0.0,0.0,86.0,0.062409288824383166,4.0,1.0,34.43023255813954,0.0121580547112462,6.404496965224599,342.0,231.40384615384616,4.0638297872340425,522.0,306.34615384615387,5.379939209726444,0.0486322188449848,0.16441779110444776,0.6893037933074748,0.5841262396140444,0.062409288824383166,4.0638297872340425,10.0,26.0,13.5,7.681461160885254,9.473889392065146,12.146963043096903,0.8846153846153846,0.8076923076923077,0.6923076923076923,0.8846153846153846,3.769230769230769,3.9186901829350287,0.8812240214667648,0.31388169687313283,0.030732860520094562,7.828075261139871,0.2245543894719307,0.25866142400002445,0.22457218999988982,0.014607692000026873,1.0964020600000595
e10d312f.qasm,256,247078.0,78680.0,64994.0,221462.0,78528.0,256.0,0.0,8600.0,0.26348039215686275,191.0,1.0,9.148837209302325,0.005363497712252161,12.775658948309653,75752.0,26921.29411764706,87.25127097102187,66218.0,20825.87450980392,67.49616166751397,0.9980681240467717,0.31844194950582405,0.008038660413524667,0.0004535988203880768,0.26348039215686275,91.83790692305155,192.0,128.0,57.76078431372549,10.358097902669925,12.164249333972052,14.873493019279412,0.7686274509803922,0.7568627450980392,0.7450980392156863,0.0,0.0,0.0,-12.0,0.0,1.0,5.126848683576757,0.0019333333333333333,1.778144060000045,0.23144457000000784,0.2658245929999339,1.120068147999973
e260fc6a.qasm,33,3720.0,1152.0,1032.0,3329.0,1138.0,33.0,0.0,136.0,0.25757575757575757,17.0,2.0,8.470588235294118,0.012152777777777778,6.821728248870791,1152.0,388.5,10.791666666666666,896.0,332.875,9.246527777777779,1.0,0.3096774193548387,0.06313662306452934,0.0036703965154701104,0.25757575757575757,11.167755991285404,32.0,16.0,8.5,8.526058675177964,10.332064556588561,13.031304398222742,0.8125,0.6875,0.5,0.0,0.0,0.0,-12.0,0.0,1.0,5.114987743008379,0.09456186701893439,0.046506958000009035,0.09187067400000615,0.0365562589999513,1.0090245280000545
e3863462.qasm,56,2744.0,1792.0,0.0,257.0,240.0,0.0,0.0,112.0,0.07272727272727272,4.0,1.0,16.0,0.008928571428571428,6.807354922057591,256.0,227.4909090909091,6.982142857142857,416.0,292.6545454545454,8.982142857142858,0.13392857142857142,0.6530612244897959,0.3151750972762646,0.17594623275557125,0.07272727272727272,6.982142857142857,49.0,28.0,14.254545454545454,7.705801273689405,9.509241260343451,12.183167050656753,0.8909090909090909,0.8181818181818182,0.7090909090909091,0.8909090909090909,3.7818181818181817,2.0172698314511437,0.42982944192309436,0.782133676092545,0.0027901785714285715,7.925814432252423,0.14868804664723032,0.044782969999971556,0.037211898999998994,0.007458006000035766,1.0852992269999504
e3b97044.qasm,53,20143.0,3312.0,0.0,645.0,162.0,0.0,0.0,86.0,0.062409288824383166,4.0,1.0,38.51162790697674,0.01358695652173913,6.386644513183454,414.0,281.4230769230769,4.418478260869565,594.0,338.53846153846155,5.315217391304348,0.04891304347826087,0.16442436578463981,0.6861196431183267,0.5813357185450209,0.062409288824383166,4.418478260869565,10.0,26.0,13.5,7.767220188868746,9.560216162239689,12.233989303614052,0.8846153846153846,0.8076923076923077,0.6923076923076923,0.8846153846153846,3.769230769230769,3.9186901829350287,0.8812240214667648,0.31388169687313283,0.02747584541062802,7.828075261139871,0.2007645335848682,0.2866378009999835,0.27378090900003826,0.014862042999993719,1.0189969279999787
e4a4359e.qasm,100,466533.0,172710.0,0.0,,,0.0,0.0,666.0,0.13454545454545455,53.0,1.0,259.3243243243243,0.005929013954026982,8.396746432258155,163084.0,86363.53535353535,49.50489259452261,81320.0,35672.67676767677,20.448121127902265,,0.37019889268283274,,,0.13454545454545455,47.68844663613949,93.0,50.0,25.252525252525253,9.52206386198781,11.328193136331736,14.03744769270341,0.9393939393939394,0.898989898989899,0.8383838383838383,0.06060606060606061,0.9201867640394867,2.895251005751329,-7.916815709260581,0.034505208333333336,0.00974521545145004,7.380813787130141,0.05110704520691569,0.6972310390000303,0.6816066299999193,0.07847980400003962,1.1738987659999793
e4b50619.qasm,8,8.0,7.0,0.0,8.0,7.0,8.0,0.0,7.0,0.25,2.0,1.0,1.0,0.14285714285714285,2.807354922057604,1.0,1.0,1.0,1.0,1.0,1.0,1.0,0.875,0.234375,0.0,0.25,1.0,1.0,1.0,1.0,1.7558748556724915,1.7558748556724915,1.7558748556724915,0.0,0.0,0.0,0.0,1.0,1.0,-12.0,0.0,1.0,2.0211892990699383,1.0,0.00034729999998717176,9.078699997644435e-05,0.00013284099998145393,0.005455696000012722
e61acd2b.qasm,12,2988.0,486.0,0.0,464.0,117.0,0.0,0.0,17.0,0.25757575757575757,4.0,1.0,28.58823529411765,0.07407407407407407,4.050459724065178,135.0,98.18181818181819,2.2222222222222223,144.0,109.63636363636364,2.4814814814814814,0.24074074074074073,0.16265060240963855,0.6239224137931034,0.49451410658307204,0.25757575757575757,2.2222222222222223,4.0,6.0,3.272727272727273,6.554627845579415,8.083086762990792,8.083086762990792,0.45454545454545453,0.09090909090909091,0.0,0.45454545454545453,2.909090909090909,3.776272407116914,0.5622220248159736,0.27598566308243727,0.205761316872428,7.267065066666617,1.0,0.055451774000005116,0.03858840199995939,0.00218760000001339,0.3243849699999828
e66c3381.qasm,50,15674.0,2583.0,0.0,502.0,126.0,0.0,0.0,82.0,0.06693877551020408,4.0,1.0,31.5,0.013937282229965157,6.342780140652336,279.0,186.0612244897959,3.529616724738676,441.0,268.53061224489795,5.094076655052265,0.04878048780487805,0.1647952022457573,0.7273705179282869,0.6167981136677778,0.06693877551020408,3.529616724738676,9.0,25.0,12.755102040816327,7.556909618001994,9.337564343648143,12.012458797134242,0.8775510204081632,0.7959183673469388,0.673469387755102,0.673469387755102,3.2244897959183674,3.898669064295267,0.9622528058605642,0.5160973212091423,0.1548586914440573,7.866173787254718,0.2510526987367615,0.18586063700001887,0.18033823399991888,0.011233337000021493,1.0470007200000282
e698c12d.qasm,4,23.0,10.0,0.0,11.0,6.0,4.0,0.0,4.0,0.6666666666666666,2.0,1.0,2.5,0.4,1.8464393446710154,6.0,4.666666666666667,1.4,5.0,4.333333333333333,1.3,0.6,0.43478260869565216,0.75,0.3636363636363636,0.6666666666666666,1.4,3.0,2.0,1.3333333333333333,2.5276299008713385,2.5276299008713385,2.5276299008713385,0.0,0.0,0.0,0.0,0.0,1.0,-12.0,0.0,1.0,2.423245873936808,1.0,0.00047309799998629387,0.0001952810000034333,0.00015321600000106628,0.0015305269999998927
e7296260.qasm,53,18789.0,3096.0,0.0,574.0,144.0,0.0,0.0,86.0,0.062409288824383166,4.0,1.0,36.0,0.011627906976744186,6.426264754702099,360.0,243.69230769230768,4.093023255813954,540.0,319.84615384615387,5.372093023255814,0.046511627906976744,0.1647772632923519,0.719380711327329,0.6102586437952292,0.062409288824383166,4.093023255813954,10.0,26.0,13.5,7.704507907399964,9.497657651061505,12.17273701160348,0.8846153846153846,0.8076923076923077,0.6923076923076923,0.8269230769230769,3.6538461538461537,3.927263059856572,0.8751482198272296,0.330015923566879,0.029392764857881136,7.845615466516332,0.11794134866145085,0.2343630419999272,0.3065056210000421,0.014023501999986365,0.9738166440000668
e751ad87.qasm,256,24768.0,24512.0,0.0,638.0,635.0,256.0,0.0,16384.0,0.5019607843137255,255.0,1.0,1.49609375,8.159268929503917e-05,13.91801520333195,14784.0,8256.0,85.88772845953002,14707.0,6947.650980392157,72.27688479112271,0.025905678851174934,0.9896640826873385,0.3017241379310345,0.14831888868400026,0.5019607843137255,85.88772845953002,255.0,128.0,64.25098039215686,9.935636790858627,11.741801931383867,14.45102591545887,0.9764705882352941,0.9607843137254902,0.9372549019607843,0.0,0.0,0.0,-12.0,0.0,1.0,5.123541319780675,0.006096576227390181,0.3583460999999488,0.25613433800003804,0.10883191400000669,0.9159928550000132
e7540ce6.qasm,53,23473.0,3870.0,0.0,717.0,180.0,0.0,0.0,86.0,0.062409288824383166,4.0,1.0,45.0,0.011627906976744186,6.426264754702099,450.0,304.61538461538464,4.093023255813954,675.0,399.8076923076923,5.372093023255814,0.046511627906976744,0.1648702764878797,0.7195336964816715,0.6103422379573007,0.062409288824383166,4.093023255813954,10.0,26.0,13.5,7.801478137459915,9.594707967546153,12.269893110984595,0.8846153846153846,0.8076923076923077,0.6923076923076923,0.8269230769230769,3.6538461538461537,3.9318813624804356,0.8419629906305193,0.3202627388535032,0.023514211886304908,7.844487619812146,0.09440633919822775,0.3418564339999648,0.4764958190000925,0.028352387999916573,1.092271184000083
e815593a.qasm,32,130.0,31.0,0.0,34.0,31.0,31.0,0.0,31.0,0.0625,31.0,1.0,1.0,0.03225806451612903,4.954196310386877,31.0,16.0,16.0,30.0,15.03225806451613,15.03225806451613,1.0,0.23846153846153847,0.1479779411764706,0.09108159392789375,0.0625,16.0,31.0,16.0,8.258064516129032,6.219345834412633,7.9507479599691635,10.51621560278375,0.8064516129032258,0.6774193548387096,0.4838709677419355,0.0,0.0,0.0,-12.0,0.0,1.0,3.8858698609039064,1.0,0.0019830009999850517,0.0007704180000018823,0.00035667600002398103,0.0755545579999648
e893b1a5.qasm,66,76267.0,27876.0,0.0,35489.0,13567.0,0.0,0.0,365.0,0.17016317016317017,35.0,1.0,76.37260273972603,0.00918352704835701,7.729140978072404,25383.0,13626.430769230768,31.773496914908883,12625.0,5550.092307692307,12.941455015066724,0.485973597359736,0.36550539551837624,0.044462347274486246,0.01767741683772003,0.17016317016317017,31.792230116892046,60.0,33.0,16.753846153846155,9.35614195116551,11.161766614466158,13.87065396818033,0.9076923076923077,0.8461538461538461,0.7538461538461538,0.18461538461538463,1.684735302156903,3.944893235323033,-3.185241791852691,0.14133235185866766,0.00756360302544121,7.712215602677248,0.026636257114161364,1.1546934629999441,0.742419831999996,0.07973963200004164,1.0914666909999369
ea801020.qasm,256,33278.0,32767.0,0.0,766.0,763.0,255.0,0.0,32640.0,1.0,255.0,1.0,1.003890931372549,6.103701895199438e-05,14.992204270368637,16511.0,11029.082352941177,85.83074434644612,16511.0,11029.082352941177,85.83074434644612,0.02328562273018586,0.9846445098864114,0.33679932278067887,0.16644652639123533,1.0,85.83074434644612,255.0,128.0,64.25098039215686,10.061324556037816,11.867419455863848,14.576548567228452,0.9764705882352941,0.9607843137254902,0.9372549019607843,0.0,0.0,0.0,-12.0,0.0,1.0,5.123854906326854,0.008744515896388003,0.6702974360000553,0.3915156239999078,0.14958459900003618,0.9333156449999933
eb153d64.qasm,127,127.0,126.0,0.0,127.0,126.0,127.0,0.0,126.0,0.015748031496062992,2.0,1.0,1.0,0.007936507936507936,6.977279923499926,1.0,1.0,1.0,1.0,1.0,1.0,1.0,0.9921259842519685,0.015686031372062745,0.0,0.015748031496062992,1.0,1.0,1.0,1.0,3.0038911662369108,3.0038911662369108,3.0038911662369108,0.0,0.0,0.0,0.0,1.0,1.0,-12.0,0.0,1.0,3.3029799367482493,1.0,0.002942878999988352,0.000954917999990812,0.0006877929999973276,0.00465416100001903
ebb0ac17.qasm,16,1010.0,313.0,82.0,282.0,131.0,16.0,0.0,93.0,0.775,14.0,1.0,3.3655913978494625,0.03194888178913738,6.295527705332851,171.0,117.93333333333334,5.651757188498403,162.0,107.53333333333333,5.15335463258786,0.33226837060702874,0.3099009900990099,0.3295656028368794,0.17210401891252955,0.775,5.55388180764774,15.0,8.0,4.266666666666667,7.2784232515337965,9.05132158759328,10.783522568507978,0.6,0.3333333333333333,0.0,0.6,3.2,3.644479376548756,-0.01696752562674912,0.22237640936686903,0.2908458864426419,7.822151603335613,0.6484657039711191,0.008582058999991204,0.004898824000008517,0.0039871160000188866,1.030764132999991
ebc18fd7.qasm,255,18414.0,9073.0,253.0,12333.0,6281.0,255.0,0.0,1038.0,0.03205187586845762,94.0,1.0,8.740847784200385,0.04607075939601014,8.96420602181093,5172.0,3448.6181102362207,96.5445828281715,4983.0,2346.818897637795,65.69954810977626,0.6922737793453103,0.4927229282067992,0.008901035481086134,0.00194121015826561,0.03205187586845762,94.8425077896327,247.0,127.0,64.0,9.613704514192124,11.419607568610374,14.128511585501666,0.9763779527559056,0.9606299212598425,0.937007874015748,0.0,0.0,0.0,-12.0,0.0,1.0,5.124403138529196,0.006285297868464201,0.22396000300000196,0.1455509740000025,0.04358154600004127,0.9582000609999568
ebc3e166.qasm,74,,,,,,,,,,,,,,,,,,,,,,,,,,12.633968395565184,72.0,37.0,18.753424657534246,9.209685094115251,11.013029807005209,13.711175810669303,0.9178082191780822,0.863013698630137,0.7808219178082192,0.0,0.7808219178082192,2.0000000000000004,-12.0,0.0,1.0,5.7695789160058375,0.024158106177033623,6.002374330000066,1.1943968030000178,0.16187336399991636,1.0474431030000915
ec70915a.qasm,56,668.0,388.0,0.0,30.0,25.0,0.0,0.0,97.0,0.06298701298701298,4.0,1.0,4.0,0.010309278350515464,6.599912842187142,32.0,28.436363636363637,4.030927835051546,52.0,35.70909090909091,5.061855670103093,0.06443298969072164,0.5808383233532934,0.6285714285714286,0.38666666666666666,0.06298701298701298,4.030927835051546,7.0,28.0,14.254545454545454,6.794528825205618,8.592059156521675,11.160335110131566,0.8909090909090909,0.8181818181818182,0.7090909090909091,0.8909090909090909,3.7818181818181817,3.6526754024976453,1.3366705592545007,0.7635036496350365,0.01288659793814433,7.863254753836197,1.0,0.01150065999996741,0.009971705999987535,0.0018049710000127561,0.9205771279999908
eca6fb66.qasm,51,15481.0,2547.0,0.0,502.0,126.0,0.0,0.0,84.0,0.06588235294117648,4.0,1.0,30.321428571428573,0.014134275618374558,6.365716148894162,270.0,185.58,3.6431095406360425,486.0,269.28,5.286219081272085,0.04946996466431095,0.16452425553904787,0.7041637372080306,0.5967729083665338,0.06588235294117648,3.6431095406360425,9.0,25.0,13.0,7.565245821168867,9.346707595987779,12.022844675221373,0.88,0.8,0.68,0.76,3.48,3.9117234587931766,0.9309675002825027,0.4722422494592646,0.1464468001570475,7.864253091666227,0.24720625282604483,0.2129121220000343,0.1971537150000131,0.011574956000004022,1.1639749979999578
ed52defd.qasm,12,3300.0,540.0,0.0,499.0,126.0,0.0,0.0,17.0,0.25757575757575757,4.0,1.0,31.764705882352942,0.06666666666666667,4.072905595320056,144.0,108.0,2.2,162.0,121.0909090909091,2.466666666666667,0.23333333333333334,0.16363636363636364,0.6412825651302605,0.5102933139005283,0.25757575757575757,2.2,4.0,6.0,3.272727272727273,6.59585155857729,8.118847410925092,8.118847410925092,0.45454545454545453,0.09090909090909091,0.0,0.45454545454545453,2.909090909090909,3.878166831594394,0.7098287454180843,0.28540305010893247,0.2574074074074074,7.318174086812267,1.0,0.044149609000044165,0.04211300800000117,0.0025046599999996033,0.4036342160000004
eefd994e.qasm,51,16053.0,2646.0,0.0,502.0,126.0,0.0,0.0,84.0,0.06588235294117648,4.0,1.0,31.5,0.013605442176870748,6.37754555881302,279.0,191.7,3.622448979591837,504.0,280.08,5.292517006802721,0.047619047619047616,0.1648290039245001,0.7303726271385048,0.6195617529880478,0.06588235294117648,3.622448979591837,9.0,25.0,13.0,7.579275689486288,9.361148979422092,12.037769899918153,0.88,0.8,0.68,0.68,3.24,3.9069503226571625,1.012806921823729,0.5078711552434003,0.154572940287226,7.866615464911594,0.24985983928237712,0.2160188540000263,0.1959286769999835,0.010585462999983974,1.118490917000031
ef8d10d7.qasm,56,2409.0,2409.0,0.0,99.0,99.0,0.0,0.0,73.0,0.047402597402597405,3.0,1.0,33.0,0.0136986301369863,6.189824558880028,429.0,292.2,6.671232876712328,231.0,151.8,3.4657534246575343,0.0410958904109589,1.0,0.8690476190476191,0.4242424242424242,0.047402597402597405,6.671232876712328,7.0,28.0,14.254545454545454,7.816235365698395,9.62089198653846,12.27827416916959,0.8909090909090909,0.8181818181818182,0.7090909090909091,0.8909090909090909,3.7818181818181817,1.3431251303157337,-0.8816786984667059,0.8185064935064935,0.0020755500207555004,7.928519982304936,0.10294728102947281,0.04326633800002355,0.03551251499999353,0.009701640999992378,0.9520460719999733
efafd44f.qasm,32,,,,,,,,,,,,,,,,,,,,,,,,,,1.0,1.0,2.0,1.4516129032258065,3.061829307294699,3.061829307294699,3.061829307294699,0.0,0.0,0.0,0.0,0.5161290322580645,1.0,-12.0,0.0,1.0,3.1464381352857744,1.0,0.00019191900003079354,0.0007575559999963843,0.0003481189999661183,0.0034141419999969003
f030e083.qasm,56,3696.0,3696.0,0.0,495.0,495.0,0.0,0.0,112.0,0.07272727272727272,4.0,1.0,33.0,0.008928571428571428,6.807354922057591,528.0,469.2,6.982142857142857,858.0,603.6,8.982142857142858,0.13392857142857142,1.0,0.26666666666666666,0.11757575757575758,0.07272727272727272,6.982142857142857,49.0,28.0,14.254545454545454,8.020555946325546,9.824252080597889,12.503905555921264,0.8909090909090909,0.8181818181818182,0.7090909090909091,0.8909090909090909,3.7818181818181817,1.8299411047534788,0.021066817998381518,0.78304,0.0013528138528138528,7.927999608296204,0.06520562770562771,0.0634348320000413,0.05789922700000716,0.016502745999957824,1.147046390000014
f05a6196.qasm,256,33278.0,32767.0,0.0,766.0,763.0,255.0,0.0,32640.0,1.0,255.0,1.0,1.003890931372549,6.103701895199438e-05,14.992204270368637,16511.0,11029.082352941177,85.83074434644612,16511.0,11029.082352941177,85.83074434644612,0.02328562273018586,0.9846445098864114,0.33679932278067887,0.16644652639123533,1.0,85.83074434644612,255.0,128.0,64.25098039215686,10.061324556037816,11.867419455863848,14.576548567228452,0.9764705882352941,0.9607843137254902,0.9372549019607843,0.0,0.0,0.0,-12.0,0.0,1.0,5.123854906326854,0.008744515896388003,0.6475830030000225,0.4159760699999424,0.1521118780000279,0.8725475920000463
f0c5e28f.qasm,19,56.0,18.0,0.0,21.0,18.0,18.0,0.0,18.0,0.10526315789473684,18.0,1.0,1.0,0.05555555555555555,4.169925001442312,18.0,9.5,9.5,17.0,8.555555555555555,8.555555555555555,1.0,0.32142857142857145,0.18546365914786966,0.09259259259259259,0.10526315789473684,9.5,18.0,9.0,5.0,5.679465146214947,7.314593044814767,9.464555427771277,0.6666666666666666,0.4444444444444444,0.1111111111111111,0.0,0.0,0.0,-12.0,0.0,1.0,3.4138025167693513,1.0,0.0023997050000161835,0.0003740710000101899,0.00030457599996225326,0.019555784000033327
f0e878db.qasm,32,5632.0,1536.0,0.0,224.0,96.0,32.0,0.0,315.0,0.6350806451612904,23.0,1.0,4.876190476190477,0.009765625,8.14395436414717,792.0,533.6129032258065,10.76953125,732.0,496.83870967741933,10.02734375,0.0625,0.2727272727272727,1.0,0.7788018433179723,0.6350806451612904,10.76953125,30.0,16.0,8.258064516129032,7.829085019914555,9.62888319024033,12.320790634655703,0.8064516129032258,0.6774193548387096,0.4838709677419355,0.8064516129032258,3.6129032258064515,3.6049109360436895,0.5966303125210521,0.553453947368421,0.014322916666666666,7.912868482618881,0.11399147727272728,0.08924350099994172,0.10671073000003162,0.007444163000059234,0.9319989699999951
f0e91b40.qasm,56,1862.0,1022.0,0.0,57.0,42.0,0.0,0.0,73.0,0.047402597402597405,3.0,1.0,14.0,0.0136986301369863,6.189824558880028,182.0,123.96363636363637,6.671232876712328,98.0,64.4,3.4657534246575343,0.0410958904109589,0.5488721804511278,0.9035087719298246,0.5757575757575757,0.047402597402597405,6.671232876712328,7.0,28.0,14.254545454545454,7.440890466797714,9.243446385567788,11.891688083169589,0.8909090909090909,0.8181818181818182,0.7090909090909091,0.8909090909090909,3.7818181818181817,3.176343932006632,0.7220478142752315,0.8177372024779915,0.004892367906066536,7.926467494111627,0.252953813104189,0.03087826299997687,0.02944074399999863,0.006467509999993126,1.090789792999999
f1167cc3.qasm,32,9268.0,1521.0,0.0,501.0,126.0,0.0,0.0,50.0,0.10080645161290322,4.0,1.0,30.42,0.023668639053254437,5.620570634187001,189.0,145.16129032258064,2.9585798816568047,270.0,159.38709677419354,3.2485207100591715,0.08284023668639054,0.1641130772550712,0.6729665668662674,0.5644839353550962,0.10080645161290322,2.9585798816568047,7.0,16.0,8.258064516129032,7.2464142988079985,8.992740902199253,11.636295798256512,0.8064516129032258,0.6774193548387096,0.4838709677419355,0.8064516129032258,3.6129032258064515,3.921908869373884,0.9534349444348005,0.5082299316282604,0.1663379355687048,7.866175867680118,0.5102503236944325,0.12701186200001757,0.11591650299999401,0.0068403919999582286,1.2231879130000038
f163436d.qasm,13,14.0,4.0,6.0,7.0,2.0,4.0,0.0,4.0,0.05128205128205128,2.0,9.0,1.0,0.25,2.0,4.0,1.3333333333333333,4.0,1.0,0.3333333333333333,1.0,0.5,0.2857142857142857,0.32967032967032966,0.08333333333333333,0.05128205128205128,4.6,9.0,6.0,3.5,5.801009029425015,7.443807415678491,7.443807415678491,0.5,0.16666666666666666,0.0,0.0,0.0,0.0,-12.0,0.0,1.0,3.4191293077419758,1.0,0.0004536999999800173,0.00021640199997818854,0.00034447400003045914,0.028865544999973736
f1bcea54.qasm,45,13935.0,2295.0,0.0,501.0,126.0,0.0,0.0,73.0,0.07373737373737374,4.0,1.0,31.438356164383563,0.01568627450980392,6.175016818897889,252.0,174.88636363636363,3.3529411764705883,405.0,229.0909090909091,4.392156862745098,0.054901960784313725,0.16469321851453175,0.7198935462408517,0.6094175285792052,0.07373737373737374,3.3529411764705883,8.0,22.0,11.5,7.477255821729523,9.259996660236249,11.920133510820074,0.8636363636363636,0.7727272727272727,0.6363636363636364,0.8181818181818182,3.5681818181818183,3.9206673460237402,1.0054369058287687,0.5098135426889107,0.15468409586056645,7.867271952402811,0.2730534625044851,0.20845452000003206,0.20477773099992191,0.010895312999991802,1.0864618919999884
f27a09cf.qasm,260,260.0,259.0,0.0,260.0,259.0,260.0,0.0,259.0,0.007692307692307693,2.0,1.0,1.0,0.003861003861003861,8.01680828768652,1.0,1.0,1.0,1.0,1.0,1.0,1.0,0.9961538461538462,0.007677514792899408,0.0,0.007692307692307693,1.0,1.0,1.0,1.0,3.3165993020938607,3.3165993020938607,3.3165993020938607,0.0,0.0,0.0,0.0,1.0,1.0,-12.0,0.0,1.0,3.616685520895512,1.0,0.005734859000028791,0.0018686660000071242,0.0013920039999675282,0.009856288000037239
f2a5a67a.qasm,12,2988.0,486.0,0.0,464.0,117.0,0.0,0.0,17.0,0.25757575757575757,4.0,1.0,28.58823529411765,0.07407407407407407,4.050459724065178,135.0,98.18181818181819,2.2222222222222223,144.0,109.63636363636364,2.4814814814814814,0.24074074074074073,0.16265060240963855,0.6239224137931034,0.49451410658307204,0.25757575757575757,2.2222222222222223,4.0,6.0,3.272727272727273,6.554627845579415,8.083086762990792,8.083086762990792,0.45454545454545453,0.09090909090909091,0.0,0.45454545454545453,2.909090909090909,3.7399034345963424,0.551469161802776,0.28136200716845877,0.205761316872428,7.2707999326971695,1.0,0.036098892999973486,0.06380406100004166,0.002099576999967212,0.34860298800003875
f5398281.qasm,53,18789.0,3096.0,0.0,574.0,144.0,0.0,0.0,86.0,0.062409288824383166,4.0,1.0,36.0,0.011627906976744186,6.426264754702099,360.0,243.69230769230768,4.093023255813954,540.0,319.84615384615387,5.372093023255814,0.046511627906976744,0.1647772632923519,0.719380711327329,0.6102586437952292,0.062409288824383166,4.093023255813954,10.0,26.0,13.5,7.704507907399964,9.497657651061505,12.17273701160348,0.8846153846153846,0.8076923076923077,0.6923076923076923,0.8269230769230769,3.6538461538461537,3.9203181181175792,0.8389605039506041,0.33081210191082805,0.029392764857881136,7.844453273358721,0.11794134866145085,0.27424314999996113,0.22754817400004868,0.013276948999987326,0.9779902440000114
f5aeb6f0.qasm,50,15674.0,2583.0,0.0,502.0,126.0,0.0,0.0,82.0,0.06693877551020408,4.0,1.0,31.5,0.013937282229965157,6.342780140652336,279.0,186.0612244897959,3.529616724738676,441.0,268.53061224489795,5.094076655052265,0.04878048780487805,0.1647952022457573,0.7273705179282869,0.6167981136677778,0.06693877551020408,3.529616724738676,9.0,25.0,12.755102040816327,7.556909618001994,9.337564343648143,12.012458797134242,0.8775510204081632,0.7959183673469388,0.673469387755102,0.673469387755102,3.2244897959183674,3.903030526966807,1.0084583933975293,0.5160973212091423,0.1548586914440573,7.866971938646118,0.2510526987367615,0.19888532200002373,0.24177851700005704,0.017626099999915823,1.0223507670000345
f5d72dae.qasm,32,64.0,32.0,0.0,8.0,7.0,32.0,0.0,32.0,0.06451612903225806,2.0,1.0,1.0,0.03125,5.0,18.0,11.096774193548388,10.75,2.0,2.0,1.9375,0.21875,0.5,0.375,0.22580645161290322,0.06451612903225806,10.75,25.0,16.0,8.258064516129032,6.1112198216233145,7.870263977874268,10.515456742400799,0.8064516129032258,0.6774193548387096,0.4838709677419355,0.7096774193548387,3.3548387096774195,4.0,0.9410841241493711,0.0899390243902439,0.28125,6.852886344587491,1.0,0.00125105199998643,0.0004661070000224754,0.0002605549999543655,0.08989991900000405
f67ec297.qasm,36,10940.0,1800.0,0.0,501.0,126.0,0.0,0.0,57.0,0.09047619047619047,4.0,1.0,31.57894736842105,0.02,5.818171939471842,225.0,160.97142857142856,3.13,405.0,241.45714285714286,4.695,0.07,0.16453382084095064,0.7063650476824129,0.5953236384374109,0.09047619047619047,3.13,7.0,18.0,9.257142857142858,7.343176770347022,9.104357806489995,11.760386356118078,0.8285714285714286,0.7142857142857143,0.5428571428571428,0.8285714285714286,3.657142857142857,3.932189685653685,1.0405102823805268,0.5381846232964772,0.15222222222222223,7.864007915839818,0.4553930530164534,0.14113439699997343,0.1355026560000283,0.0071176789999753964,1.0021734499999866
f7ff0727.qasm,5,11.0,2.0,0.0,4.0,2.0,5.0,0.0,2.0,0.2,2.0,3.0,1.0,0.5,1.0,1.0,0.75,1.5,1.0,0.5,1.0,1.0,0.18181818181818182,0.65,0.4375,0.2,1.5,2.0,1.0,0.75,1.3979400086720377,1.3979400086720377,1.3979400086720377,0.0,0.0,0.0,0.0,0.75,1.0,-12.0,0.0,1.0,2.0211892990699383,1.0,0.00035541500000135784,8.734400000776077e-05,0.00010239400000955357,0.0009113599999750477
f8a38627.qasm,36,124712.0,34902.0,0.0,28561.0,11377.0,0.0,0.0,630.0,1.0,35.0,1.0,55.4,0.0031803335052432526,9.240361791967187,17915.0,12320.542857142857,12.35513724141883,17915.0,12320.542857142857,12.35513724141883,0.3154547017362902,0.27986079928154467,0.1552369392606079,0.09618610792939424,1.0,12.35513724141883,35.0,18.0,9.257142857142858,9.245973659841244,11.049490673509107,13.750072174266892,0.8285714285714286,0.7142857142857143,0.5428571428571428,0.6571428571428571,3.3142857142857145,4.000000000000001,1.2425604539389936,0.11193660227835563,0.0013752793536187038,7.896450821170951,0.005612932195779075,1.7184479479999482,1.0367057230000682,0.22249748799993085,1.0831549450000466
f8d235ae.qasm,4,98.0,34.0,0.0,56.0,24.0,4.0,0.0,3.0,0.5,2.0,1.0,11.333333333333334,0.4117647058823529,1.5656531116458186,14.0,11.333333333333334,1.0,14.0,11.333333333333334,1.0,0.7058823529411765,0.3469387755102041,0.5892857142857143,0.25,0.5,1.0,1.0,2.0,1.3333333333333333,3.000434077479319,3.000434077479319,3.000434077479319,0.0,0.0,0.0,0.0,0.0,0.0,-12.0,0.0,1.0,2.436162647040756,1.0,0.003231665999976485,0.0010084400000209826,0.0002969849999772123,0.0030034600000021783
f98536e0.qasm,3,18.0,6.0,0.0,12.0,6.0,3.0,0.0,3.0,1.0,2.0,1.0,2.0,0.3333333333333333,1.584962500721156,4.0,4.0,1.3333333333333333,4.0,4.0,1.3333333333333333,1.0,0.3333333333333333,0.6666666666666666,0.25,1.0,1.3333333333333333,2.0,1.0,1.0,1.8129133566428555,1.8129133566428555,1.8129133566428555,0.0,0.0,0.0,0.0,0.0,0.0,-12.0,0.0,1.0,1.9084850188786497,1.0,0.0004613990000166268,0.0002729590000285498,0.00016168099995184093,0.0014276630000154
f9fee41b.qasm,53,20143.0,3312.0,0.0,645.0,162.0,0.0,0.0,86.0,0.062409288824383166,4.0,1.0,38.51162790697674,0.01358695652173913,6.386644513183454,414.0,281.4230769230769,4.418478260869565,594.0,338.53846153846155,5.315217391304348,0.04891304347826087,0.16442436578463981,0.6861196431183267,0.5813357185450209,0.062409288824383166,4.418478260869565,10.0,26.0,13.5,7.767220188868746,9.560216162239689,12.233989303614052,0.8846153846153846,0.8076923076923077,0.6923076923076923,0.8846153846153846,3.769230769230769,3.927263059856572,0.8426909162665712,0.3017070265978563,0.02747584541062802,7.826825864780902,0.20533187707888598,0.282237527999996,0.25198298800000885,0.015107874000023003,1.0245398649999515
fabdaac7.qasm,32,747.0,186.0,0.0,468.0,186.0,32.0,0.0,31.0,0.0625,2.0,1.0,6.0,0.03225806451612903,4.954196310386877,6.0,6.0,1.0,6.0,6.0,1.0,1.0,0.24899598393574296,0.06229967948717949,0.019230769230769235,0.0625,1.0,1.0,6.0,5.032258064516129,5.514272745247365,6.810407343475292,6.810407343475292,0.8064516129032258,0.6774193548387096,0.0,0.0,2.7734606426935455,1.1843651280095888,-12.0,0.0,1.0,4.794188189349445,1.0,0.006816963999995096,0.005036478000022271,0.0009869029999549639,0.01736089600001378
fadf1f0d.qasm,100,466533.0,172710.0,0.0,,,0.0,0.0,666.0,0.13454545454545455,53.0,1.0,259.3243243243243,0.005929013954026982,8.396746432258155,163084.0,86363.53535353535,49.50489259452261,81320.0,35672.67676767677,20.448121127902265,,0.37019889268283274,,,0.13454545454545455,47.68489048094427,93.0,50.0,25.252525252525253,9.5219039682224,11.328033223895762,14.037287774594132,0.9393939393939394,0.898989898989899,0.8383838383838383,0.06060606060606061,0.9365724422911673,2.6855275887399763,-5.687544088269446,0.025954440828637192,0.00951318339303541,7.360518456275098,0.05148767297925277,0.5674803269999984,0.6098924810000881,0.0801691019998998,1.1904014590000997
fb107df5.qasm,64,,,,,,,,,,,,,,,,,,,,,,,,,,1.0,1.0,2.0,1.4761904761904763,3.3861421089308186,3.3861421089308186,3.3861421089308186,0.0,0.0,0.0,0.0,0.5079365079365079,1.0,-12.0,0.0,1.0,3.4679039465228003,1.0,0.00032042699996281954,0.0016218559999856552,0.0005141600000229118,0.006432994000022063
fb7e6eb0.qasm,115,549.0,392.0,0.0,15.0,12.0,0.0,0.0,387.0,0.059038901601830666,9.0,1.0,1.0129198966408268,0.00510204081632653,8.589199640033614,55.0,38.86842105263158,11.303571428571429,95.0,63.35964912280702,18.426020408163264,0.030612244897959183,0.7140255009107468,0.5455072463768116,0.312280701754386,0.059038901601830666,11.303571428571429,23.0,55.0,26.473684210526315,7.238517420804633,9.021875845154828,11.70613985261858,0.9473684210526315,0.9122807017543859,0.8596491228070176,0.5964912280701754,3.3466949871963183,4.000000000000001,1.7684242720870054,0.09298067141403865,0.07142857142857142,7.8622068314245555,0.8561020036429873,0.009266707999984192,0.003348226000014165,0.0019598709999968378,1.1431005219999975
fb8a2851.qasm,32,125.0,62.0,0.0,64.0,33.0,32.0,0.0,31.0,0.0625,2.0,1.0,2.0,0.03225806451612903,4.954196310386877,2.0,2.0,1.0,2.0,2.0,1.0,0.532258064516129,0.496,0.09130859375,0.030745967741935484,0.0625,1.0,1.0,2.0,1.935483870967742,3.3265406685165617,3.3265406685165617,3.3265406685165617,0.0,0.0,0.0,0.0,1.0,1.0,-12.0,0.0,1.0,3.374565060722765,1.0,0.002250267999954758,0.0013301410000394753,0.00039445099997692523,0.007172614000012345
fb9223a1.qasm,16,43.0,29.0,14.0,37.0,23.0,16.0,0.0,22.0,0.18333333333333332,4.0,1.0,1.3181818181818181,0.06896551724137931,4.375222374437916,15.0,8.466666666666667,4.379310344827586,3.0,2.8,1.4482758620689655,0.7931034482758621,0.6744186046511628,0.16891891891891891,0.010810810810810804,0.18333333333333332,5.088495575221239,8.0,8.0,4.266666666666667,6.343024156793506,8.12610815223253,9.909439024014478,0.6,0.3333333333333333,0.0,0.0,0.0,0.0,-12.0,0.0,1.0,3.918921090091336,1.0,0.0008885760000225673,0.000366800999984207,0.0006125009999777831,0.07090558900000588
fb9be929.qasm,8,10.0,3.0,0.0,5.0,3.0,7.0,0.0,3.0,0.10714285714285714,3.0,5.0,1.0,0.3333333333333333,1.584962500721156,3.0,1.7142857142857142,4.0,2.0,0.5714285714285714,1.3333333333333333,1.0,0.3,0.325,0.14285714285714285,0.10714285714285714,4.0,6.0,2.0,1.2857142857142858,2.8175653695597807,2.8175653695597807,2.8175653695597807,0.0,0.0,0.0,0.0,0.0,0.0,-12.0,0.0,1.0,2.2278867046136734,1.0,0.00042048799997473907,9.132999997518709e-05,0.00012228200000663492,0.0018584430000032626
fbcf0ea3.qasm,51,15481.0,2547.0,0.0,502.0,126.0,0.0,0.0,84.0,0.06588235294117648,4.0,1.0,30.321428571428573,0.014134275618374558,6.365716148894162,270.0,185.58,3.6431095406360425,486.0,269.28,5.286219081272085,0.04946996466431095,0.16452425553904787,0.7041637372080306,0.5967729083665338,0.06588235294117648,3.6431095406360425,9.0,25.0,13.0,7.565245821168867,9.346707595987779,12.022844675221373,0.88,0.8,0.68,0.76,3.48,3.8994911395322664,0.9387720780143384,0.4717615957702475,0.1464468001570475,7.864067642990396,0.24720625282604483,0.1972618480000392,0.2120113549999587,0.011303241999939928,1.119500040000048
fbdc2a1f.qasm,12,3300.0,540.0,0.0,499.0,126.0,0.0,0.0,17.0,0.25757575757575757,4.0,1.0,31.764705882352942,0.06666666666666667,4.072905595320056,144.0,108.0,2.2,162.0,121.0909090909091,2.466666666666667,0.23333333333333334,0.16363636363636364,0.6412825651302605,0.5102933139005283,0.25757575757575757,2.2,4.0,6.0,3.272727272727273,6.59585155857729,8.118847410925092,8.118847410925092,0.45454545454545453,0.09090909090909091,0.0,0.45454545454545453,2.909090909090909,3.8614132677252515,0.6955276228977428,0.28540305010893247,0.2574074074074074,7.318174086812267,1.0,0.038856556999974146,0.03604906599997548,0.0023632170000382757,0.42398416899999347
fbe1d41c.qasm,15,70.0,30.0,36.0,48.0,12.0,3.0,0.0,6.0,0.05714285714285714,2.0,9.0,5.0,0.3,2.3709505944546683,12.0,2.7857142857142856,1.3,9.0,2.142857142857143,1.0,0.7666666666666667,0.42857142857142855,0.2388888888888889,0.03273809523809523,0.05714285714285714,2.630081300813008,11.0,7.0,4.0,6.30375941043947,7.9725624269804545,8.746739040380247,0.5714285714285714,0.2857142857142857,0.0,0.0,0.0,0.0,-12.0,0.0,1.0,3.9235030669421045,1.0,0.0019006809999950747,0.00120124099998975,0.0017720110000141176,0.1009533310000279
fc1ce5ab.qasm,98,231621.0,85922.0,0.0,,,0.0,0.0,641.0,0.13486219229960025,51.0,1.0,134.0436817472699,0.005958892949419241,8.388838889728056,81470.0,42391.463917525776,47.85703312306511,40680.0,18181.721649484534,20.525907218174623,,0.3709594553170913,,,0.13486219229960025,47.04784103490473,91.0,49.0,24.75257731958763,9.51941617466766,11.325545138957626,14.034799071506042,0.9381443298969072,0.8969072164948454,0.8350515463917526,0.12371134020618557,1.0435960689741843,2.7972573625576853,-4.337388163099906,0.09688541546948627,0.01235359244799254,7.685331579944743,0.026653178355389474,0.4520012379999798,0.6510911809999698,0.08212112700005036,1.071510128
fc330f35.qasm,47,14537.0,2394.0,0.0,502.0,126.0,0.0,0.0,76.0,0.07030527289546716,4.0,1.0,31.5,0.015037593984962405,6.2331556494778315,252.0,177.06521739130434,3.4022556390977443,378.0,236.7391304347826,4.548872180451128,0.05263157894736842,0.1646832221228589,0.7175976943290667,0.6077862463190715,0.07030527289546716,3.4022556390977443,9.0,23.0,12.0,7.5067673292828125,9.284330870504679,11.94596520567462,0.8695652173913043,0.782608695652174,0.6521739130434783,0.8260869565217391,3.5869565217391304,3.890498517897364,0.9730655909502719,0.5046273745737945,0.1558061821219716,7.867210494534832,0.26766182843777947,0.19884413199997653,0.20350070800009235,0.009875279999960185,1.0921370759999718
fc56714f.qasm,8,108.0,56.0,0.0,54.0,34.0,0.0,0.0,14.0,0.5,5.0,1.0,4.0,0.07142857142857142,3.8073549220576055,36.0,24.571428571428573,3.0714285714285716,24.0,16.0,2.0,0.6071428571428571,0.5185185185185185,0.37962962962962965,0.14285714285714285,0.5,3.0714285714285716,6.0,4.0,2.2857142857142856,5.739573135514002,5.739573135514002,5.739573135514002,0.14285714285714285,0.0,0.0,0.14285714285714285,2.2857142857142856,3.2896777853127834,-12.0,0.0,1.0,5.491273425018396,1.0,0.0016656669999974838,0.001013046000025497,0.0004036259999793401,0.028242621000003965
fc5872f2.qasm,42,641575.0,272412.0,0.0,,,42.0,0.0,786.0,0.9128919860627178,41.0,1.0,346.58015267175574,0.012334258402713537,7.682798799076311,134200.0,51558.68292682927,7.759959179478144,135120.0,52071.07317073171,7.837077661777014,,0.42459883879515253,,,0.9128919860627178,9.164246948951762,40.0,21.0,10.75609756097561,9.131175360617586,10.926980840391652,13.593506109794305,0.8536585365853658,0.7560975609756098,0.6097560975609756,0.0,0.975609756097561,2.0,-12.0,0.0,1.0,5.919333884504526,0.02554930411607936,0.691385142999934,1.2750284659999807,0.1699346630000491,1.0858404209999435
fc66bdd4.qasm,128,6240.0,6112.0,0.0,318.0,315.0,128.0,0.0,4096.0,0.5039370078740157,127.0,1.0,1.4921875,0.0003272251308900524,11.917742964160713,3705.0,2080.0,43.21989528795812,3667.0,1766.3228346456692,36.702061518324605,0.05153795811518325,0.9794871794871794,0.30345911949685533,0.14663497251522803,0.5039370078740157,43.21989528795812,127.0,64.0,32.25196850393701,9.0340688247683,10.840130734578576,13.549033947799563,0.952755905511811,0.9212598425196851,0.8740157480314961,0.0,0.0,0.0,-12.0,0.0,1.0,5.124637883497165,0.046474358974358976,0.11273334500003784,0.05755192999993142,0.024076973999967777,0.8593362430000298
fdf0b97e.qasm,49,14619.0,2403.0,0.0,502.0,126.0,0.0,0.0,78.0,0.0663265306122449,4.0,1.0,30.807692307692307,0.0149812734082397,6.2650382066524495,270.0,174.1875,3.4794007490636703,585.0,370.3125,7.397003745318352,0.052434456928838954,0.16437512825774678,0.6920074802829498,0.5858648738379814,0.0663265306122449,3.4794007490636703,9.0,24.0,12.5,7.518675848893539,9.297478582181872,11.96983841012934,0.875,0.7916666666666666,0.6666666666666666,0.8125,3.5416666666666665,3.9110953099132773,0.8947554571766143,0.49950714637752586,0.14773200166458594,7.8703358234049094,0.25466858198235176,0.19017701000007037,0.18708445799995843,0.01077467200002502,1.0211418200000253
ffe82f32.qasm,31,47.0,0.0,15.0,17.0,0.0,1.0,0.0,0.0,0.0,0.0,31.0,0.0,0.0,0.0,0.0,0.0,0.0,0.0,0.0,0.0,0.0,0.0,0.1461100569259962,0.058823529411764705,0.0,15.25,30.0,15.0,8.0,6.8615779575997236,8.65574612262021,11.342756467319935,0.8,0.6666666666666666,0.4666666666666667,0.0,1.0,1.9966162794297884,-12.0,0.0,1.0,5.580250783249866,1.0,0.002483099000016864,0.0006558549999908792,0.000776432999998633,0.332049115000018
